id_persona,edad,genero,ciudad_residencia,estrato_socioeconomico,frecuencia_visita,promedio_gasto_comida,ocio,consume_licor,preferencias_alimenticias,membresia_premium,tipo_de_pago_mas_usado,ingresos_mensuales,frecuencia_imputada,gasto_imputado,edad_imputada,preferencia_original_nula,gasto_periodo_estimado
2550327378,31,Masculino,Miami,Alto,6,67.51,Sí,No,Vegetariano,Sí,Efectivo,6425,False,False,False,False,405.06
6139475525,18,Masculino,Miami,Muy Alto,9,26.6,Sí,Sí,Vegetariano,Sí,App,13452,False,False,False,False,239.4
5358661821,79,Femenino,Miami,Muy Alto,6,28.43,No,No,Mariscos,Sí,Efectivo,14072,False,False,False,False,170.58
8593345998,76,Masculino,Miami,Alto,5,43.0,Sí,No,Mariscos,Sí,App,6528,False,False,False,False,215.0
6170452916,55,Masculino,Miami,Muy Alto,5,119.85,Sí,No,Carnes,Sí,Efectivo,15844,False,False,False,False,599.25
8077451214,30,Femenino,Miami,Alto,5,68.46,No,Sí,Mariscos,No,Efectivo,7298,False,False,False,False,342.3
4302632494,52,Masculino,Miami,Alto,5,24.55,No,Sí,Mariscos,Sí,App,6526,False,False,False,False,122.75
1793480168,70,Femenino,Miami,Bajo,0,0.0,No,Sí,Mariscos,No,App,1328,False,False,False,False,0.0
5655633608,76,Femenino,Miami,Muy Alto,9,106.66,Sí,No,Otro,Sí,App,17941,False,False,False,False,959.94
4264923689,45,Femenino,Miami,Alto,6,11.48,Sí,Sí,Vegetariano,Sí,Efectivo,3953,False,False,False,False,68.88
4366698765,79,Femenino,Miami,Bajo,0,0.0,No,No,Pescado,No,Tarjeta,1112,False,False,False,False,0.0
9408658470,46,Femenino,Miami,Bajo,0,0.0,Sí,No,Mariscos,No,App,819,False,False,False,False,0.0
4416041612,59,Femenino,Miami,Medio,2,30.57,Sí,No,Mariscos,No,Tarjeta,2862,False,False,False,False,61.14
1069937700,50,Femenino,Miami,Alto,5,55.31,Sí,No,Vegetariano,Sí,Tarjeta,5784,False,False,False,False,276.55
6075471302,77,Masculino,Miami,Alto,5,52.39,Sí,No,Mariscos,Sí,Efectivo,4838,True,False,False,False,261.95
3961206672,56,Masculino,Miami,Medio,4,34.61,Sí,Sí,Vegetariano,No,Tarjeta,2735,False,False,False,False,138.44
7615677462,25,Masculino,Miami,Muy Alto,8,128.81,No,Sí,Vegetariano,Sí,App,14613,False,False,False,False,1030.48
4649608393,67,Masculino,Miami,Alto,4,31.72,No,Sí,Mariscos,Sí,App,5064,False,False,False,False,126.88
9543880001,71,Femenino,Miami,Muy Alto,10,29.57,No,No,Vegetariano,Sí,App,14035,False,False,False,False,295.7
2196045940,69,Femenino,Miami,Alto,6,27.05,No,No,Vegetariano,No,Efectivo,8811,False,False,False,False,162.3
2334857594,46,Femenino,Miami,Bajo,0,0.0,Sí,Sí,Vegetariano,No,Tarjeta,1086,False,False,False,False,0.0
1195683634,19,Femenino,Miami,Alto,6,69.99,No,Sí,Mariscos,Sí,Tarjeta,5483,False,False,False,False,419.94
9638008427,26,Femenino,Miami,Alto,6,55.22,Sí,Sí,Mariscos,Sí,App,4679,False,False,False,False,331.32
5696548897,70,Masculino,Miami,Medio,2,12.16,No,No,Vegetariano,No,Tarjeta,2818,False,False,False,False,24.32
8086172302,71,Femenino,Miami,Muy Alto,6,82.02,No,No,Pescado,Sí,Tarjeta,12692,False,False,False,False,492.12
3128675098,33,Masculino,Miami,Bajo,3,14.48,Sí,No,Mariscos,No,Tarjeta,1283,False,False,False,False,43.44
9650150896,33,Masculino,Miami,Bajo,2,10.34,Sí,Sí,Pescado,No,App,1482,False,False,False,False,20.68
8796286443,54,Femenino,Miami,Medio,4,37.55,Sí,Sí,Otro,Sí,Efectivo,2013,False,False,False,False,150.2
8730278383,54,Femenino,Miami,Muy Alto,8,51.45,Sí,No,Mariscos,Sí,Efectivo,17168,False,False,False,False,411.6
4444443569,56,Femenino,Miami,Medio,2,34.15,Sí,Sí,Otro,No,App,2688,False,False,False,False,68.3
2147175290,61,Masculino,Miami,Alto,5,63.66,Sí,Sí,Vegetariano,No,Efectivo,7062,False,False,False,False,318.3
5562087085,39,Masculino,Miami,Alto,4,66.3,No,Sí,Vegetariano,Sí,Tarjeta,5063,False,False,False,False,265.2
6379424827,42,Masculino,Miami,Muy Alto,10,33.57,No,No,Vegetariano,Sí,Efectivo,15156,False,False,False,False,335.7
3971709213,32,Masculino,Miami,Bajo,2,11.62,Sí,No,Mariscos,No,Efectivo,1184,False,False,False,False,23.24
1318570313,55,Femenino,Miami,Bajo,0,0.0,No,No,Carnes,No,Tarjeta,1182,False,False,False,False,0.0
9562381069,73,Femenino,Miami,Medio,3,13.97,No,No,Pescado,No,App,3465,False,False,False,False,41.91
6298063721,56,Masculino,Miami,Muy Alto,10,111.71,Sí,No,Vegetariano,Sí,Tarjeta,9136,False,False,False,False,1117.1
2070827188,44,Masculino,Miami,Alto,4,69.76,Sí,No,Vegetariano,Sí,Tarjeta,4823,False,False,False,False,279.04
1006313891,34,Femenino,Miami,Alto,6,50.97,No,Sí,Otro,Sí,App,5640,False,False,False,True,305.82
8989418278,46,Femenino,Miami,Alto,5,29.79,No,No,Vegetariano,Sí,Criptomoneda,7886,False,False,False,False,148.95
7306932402,31,Masculino,Miami,Muy Alto,6,49.3,Sí,Sí,Vegetariano,Sí,Tarjeta,9316,False,False,False,False,295.8
5262763064,40,Femenino,Miami,Medio,3,16.34,Sí,Sí,Carnes,No,Tarjeta,2241,False,False,False,False,49.02
2121168114,61,Femenino,Miami,Alto,6,30.32,No,Sí,Carnes,Sí,Tarjeta,4442,False,False,False,False,181.92
9447712449,23,Masculino,Miami,Medio,3,29.08,No,Sí,Pescado,No,App,1915,False,False,False,False,87.24
3066051179,39,Femenino,Miami,Medio,3,36.93,Sí,No,Vegetariano,No,App,2785,False,False,False,False,110.79
4755317390,71,Masculino,Miami,Muy Alto,9,68.69,No,Sí,Vegetariano,Sí,Efectivo,17764,False,False,False,False,618.21
6817958388,49,Masculino,Miami,Alto,6,30.44,Sí,No,Carnes,No,App,8623,False,False,True,False,182.64
3922028033,24,Femenino,Miami,Alto,5,17.5,Sí,Sí,Vegetariano,No,App,7148,False,False,False,False,87.5
9694199134,47,Femenino,Miami,Alto,5,49.15,No,No,Mariscos,Sí,Tarjeta,5532,False,False,False,False,245.75
2990525532,76,Femenino,Miami,Alto,4,18.73,No,Sí,Vegano,Sí,Tarjeta,4590,False,False,False,False,74.92
6195793357,70,Masculino,Miami,Muy Alto,7,39.59,Sí,No,Otro,Sí,Tarjeta,12226,False,False,False,False,277.13
3492199046,49,Femenino,Miami,Medio,2,29.86,No,Sí,Otro,No,App,2662,False,False,True,False,59.72
9232680680,34,Masculino,Miami,Bajo,0,0.0,Sí,No,Otro,No,App,1272,False,False,False,False,0.0
2286994364,49,Masculino,Miami,Bajo,1,10.72,Sí,No,Mariscos,No,App,1233,False,False,False,False,10.72
2684729247,50,Femenino,Miami,Medio,2,32.38,No,No,Carnes,No,App,2161,False,False,False,False,64.76
6910726321,40,Masculino,Miami,Alto,6,16.94,No,No,Carnes,No,Tarjeta,4344,False,False,False,False,101.64
6072045757,72,Femenino,Miami,Bajo,1,15.28,Sí,No,Mariscos,No,Efectivo,1109,False,False,False,False,15.28
6067779989,20,Femenino,Miami,Muy Alto,8,40.19,No,Sí,Otro,Sí,Tarjeta,13025,False,False,False,True,321.52
7180232005,31,Masculino,Miami,Bajo,2,19.62,No,Sí,Carnes,No,Efectivo,824,False,False,False,False,39.24
6756515920,50,Femenino,Miami,Alto,6,43.24,No,Sí,Mariscos,Sí,Efectivo,4847,False,False,False,False,259.44
7151784552,51,Femenino,Miami,Bajo,3,22.5,No,Sí,Mariscos,No,Efectivo,1518,False,False,False,False,67.5
7447635471,54,Femenino,Miami,Bajo,2,17.57,Sí,Sí,Vegetariano,No,Efectivo,1090,True,False,False,False,35.14
5522759017,71,Femenino,Miami,Alto,6,33.21,No,Sí,Vegetariano,No,Tarjeta,4621,False,False,False,False,199.26
9904578610,69,Femenino,Miami,Alto,4,13.18,No,No,Pescado,Sí,Efectivo,6471,False,False,False,False,52.72
8454337824,46,Femenino,Miami,Alto,4,32.72,Sí,No,Pescado,Sí,App,3702,False,False,False,False,130.88
8491366924,28,Masculino,Miami,Alto,6,45.32,Sí,Sí,Mariscos,Sí,Tarjeta,5621,False,False,False,False,271.92
1655916212,33,Masculino,Miami,Alto,5,31.72,Sí,No,Otro,Sí,Efectivo,6596,True,False,False,True,158.6
6838406829,62,Masculino,Miami,Alto,5,55.37,Sí,No,Carnes,No,Efectivo,7679,False,False,False,False,276.85
6496596008,27,Masculino,Miami,Muy Alto,7,80.48,No,Sí,Vegetariano,Sí,Efectivo,12845,False,False,False,False,563.36
3118065477,55,Femenino,Miami,Alto,6,53.55,No,No,Pescado,No,App,7891,False,False,False,False,321.3
6660341623,18,Femenino,Miami,Muy Alto,10,40.77,No,Sí,Otro,Sí,Tarjeta,14004,False,False,False,False,407.7
1630768982,70,Masculino,Miami,Alto,4,14.1,No,Sí,Vegetariano,Sí,App,5959,False,False,False,False,56.4
8563355529,19,Femenino,Miami,Alto,5,18.06,No,Sí,Carnes,Sí,App,6182,False,False,False,False,90.3
1556748648,26,Masculino,Miami,Bajo,0,0.0,Sí,Sí,Vegetariano,No,App,1147,False,False,False,False,0.0
5240417482,60,Masculino,Miami,Alto,6,37.94,Sí,Sí,Otro,No,Efectivo,4984,False,False,False,False,227.64
1674755608,66,Masculino,Miami,Medio,3,24.04,No,Sí,Vegetariano,No,App,3326,False,False,False,False,72.12
2073608945,26,Femenino,Miami,Muy Alto,10,70.03,No,Sí,Vegetariano,No,Tarjeta,13157,False,False,False,False,700.3
3342533599,35,Femenino,Miami,Bajo,0,0.0,No,Sí,Vegano,No,Efectivo,1509,False,False,False,False,0.0
5612740045,42,Femenino,Miami,Muy Alto,10,11.97,Sí,Sí,Mariscos,Sí,Tarjeta,14214,False,False,False,False,119.7
3835463608,80,Femenino,Miami,Muy Alto,8,124.69,No,Sí,Mariscos,Sí,App,14545,False,False,False,False,997.52
6287019889,71,Masculino,Miami,Alto,5,50.03,Sí,No,Mariscos,Sí,App,8176,False,False,False,False,250.15
8817308379,79,Femenino,Miami,Muy Alto,10,26.0,Sí,No,Mariscos,Sí,Efectivo,17706,False,False,False,False,260.0
4082968468,50,Femenino,Miami,Alto,5,16.65,Sí,No,Carnes,Sí,App,8930,False,False,False,False,83.25
8724418937,39,Femenino,Miami,Muy Alto,10,11.89,No,Sí,Otro,Sí,Efectivo,14534,False,False,False,False,118.9
7762720605,70,Femenino,Miami,Alto,5,38.68,Sí,Sí,Vegetariano,Sí,App,7709,False,False,False,False,193.4
3447274647,39,Femenino,Miami,Medio,5,36.46,Sí,No,Vegetariano,No,App,2825,False,False,False,False,182.3
7579427272,40,Femenino,Miami,Muy Alto,9,11.07,Sí,No,Mariscos,Sí,Efectivo,15955,False,False,False,False,99.63
8617360361,29,Masculino,Miami,Alto,6,63.86,Sí,Sí,Vegetariano,Sí,Efectivo,6848,False,False,False,False,383.16
9625388235,19,Femenino,Miami,Medio,3,27.6,Sí,Sí,Carnes,No,App,2986,False,False,False,False,82.8
5519006801,43,Femenino,Miami,Medio,5,12.46,No,No,Carnes,Sí,App,1873,False,False,False,False,62.3
5388382689,75,Masculino,Miami,Alto,6,17.5,No,No,Mariscos,Sí,Tarjeta,5567,False,False,False,False,105.0
2774920001,71,Masculino,Miami,Bajo,2,17.54,No,No,Vegetariano,No,Tarjeta,1173,False,False,False,False,35.08
3544568278,38,Femenino,Miami,Medio,5,24.4,No,Sí,Mariscos,No,Efectivo,2834,False,False,False,False,122.0
6731603476,75,Femenino,Miami,Alto,6,24.26,Sí,No,Pescado,Sí,App,8143,False,False,False,False,145.56
4505613864,56,Femenino,Miami,Medio,5,17.32,No,No,Carnes,No,Criptomoneda,2978,False,False,False,False,86.6
3094142051,27,Masculino,Miami,Muy Alto,7,100.99,No,Sí,Mariscos,Sí,App,11782,False,False,False,False,706.93
6326527461,44,Femenino,Miami,Medio,3,22.85,No,Sí,Vegano,No,Efectivo,2788,False,False,False,False,68.55
8767119753,41,Femenino,Miami,Medio,3,17.32,Sí,No,Otro,No,App,2157,False,False,False,False,51.96
2648108241,50,Femenino,Miami,Muy Alto,5,78.99,No,Sí,Otro,Sí,Efectivo,16538,False,False,False,False,394.95
4504307427,66,Masculino,Miami,Muy Alto,6,37.64,No,Sí,Mariscos,Sí,Tarjeta,11662,False,False,False,False,225.84
8691288568,52,Masculino,Miami,Bajo,1,13.73,Sí,Sí,Mariscos,No,Efectivo,1108,False,False,False,False,13.73
8142082313,60,Masculino,Miami,Medio,3,38.99,Sí,No,Vegano,Sí,Tarjeta,2787,False,False,False,False,116.97
4776765556,52,Femenino,Miami,Muy Alto,8,28.69,Sí,Sí,Carnes,Sí,Tarjeta,17936,False,False,False,False,229.52
5141593270,47,Femenino,Miami,Medio,4,29.44,Sí,No,Pescado,No,Tarjeta,3274,False,False,False,False,117.76
6947759509,26,Masculino,Miami,Alto,5,61.99,Sí,Sí,Mariscos,Sí,App,5054,False,False,False,False,309.95
1055248201,33,Femenino,Miami,Alto,5,30.34,Sí,Sí,Pescado,Sí,Efectivo,4087,False,False,False,False,151.7
9032573130,49,Femenino,Miami,Alto,5,66.02,No,No,Vegetariano,Sí,Tarjeta,3947,True,False,False,False,330.1
9026439798,18,Masculino,Miami,Muy Alto,7,93.21,No,Sí,Mariscos,Sí,Efectivo,12458,True,False,False,False,652.47
8126377544,34,Masculino,Miami,Medio,5,32.05,No,Sí,Otro,No,App,2221,False,False,False,True,160.25
1743001458,42,Masculino,Miami,Alto,6,29.82,Sí,No,Vegano,No,Efectivo,5825,False,False,False,False,178.92
8922906798,80,Femenino,Miami,Medio,2,26.64,Sí,Sí,Mariscos,No,Tarjeta,1960,False,False,False,False,53.28
2684722305,56,Masculino,Miami,Muy Alto,10,112.16,No,Sí,Vegetariano,Sí,Tarjeta,17027,False,False,False,False,1121.6
2495423827,31,Masculino,Miami,Muy Alto,9,38.72,Sí,Sí,Vegano,Sí,Efectivo,14938,False,False,False,False,348.48
6836912569,78,Masculino,Miami,Muy Alto,7,93.44,No,No,Pescado,Sí,Tarjeta,9102,False,False,False,False,654.08
5653888632,80,Femenino,Miami,Muy Alto,9,113.67,No,No,Pescado,Sí,App,11447,False,False,False,False,1023.03
2924395724,80,Femenino,Miami,Alto,4,13.44,Sí,No,Pescado,Sí,Efectivo,6736,False,False,False,False,53.76
4921003983,62,Masculino,Miami,Alto,5,57.61,Sí,Sí,Otro,No,Tarjeta,8215,False,False,False,False,288.05
1248724788,31,Femenino,Miami,Muy Alto,7,67.76,No,Sí,Vegano,Sí,App,10000,False,False,False,False,474.32
9541385123,45,Masculino,Miami,Alto,5,25.36,Sí,No,Vegetariano,No,Efectivo,4084,False,False,False,False,126.8
2132452825,41,Masculino,Miami,Alto,5,15.01,No,No,Mariscos,Sí,App,5937,False,False,False,False,75.05
8803820560,41,Femenino,Miami,Alto,4,35.56,No,Sí,Carnes,Sí,Tarjeta,4348,False,False,False,False,142.24
5898890707,19,Femenino,Miami,Medio,2,22.84,Sí,Sí,Otro,No,Tarjeta,3118,False,False,False,True,45.68
2990077892,65,Femenino,Miami,Muy Alto,8,107.08,No,Sí,Otro,Sí,Efectivo,17592,False,False,False,True,856.64
5318934866,45,Femenino,Miami,Medio,2,10.08,Sí,Sí,Carnes,No,App,2198,False,False,False,False,20.16
9170958851,49,Femenino,Miami,Alto,4,27.13,Sí,Sí,Pescado,Sí,Efectivo,6853,False,False,False,False,108.52
1294881102,78,Femenino,Miami,Alto,5,11.39,No,No,Carnes,No,Tarjeta,3942,False,False,False,False,56.95
9829436893,62,Masculino,Miami,Muy Alto,5,93.76,No,No,Vegetariano,Sí,App,11850,False,False,False,False,468.8
2295663830,36,Femenino,Miami,Alto,6,53.05,No,No,Vegetariano,Sí,App,7362,False,False,False,False,318.3
2972994192,32,Masculino,Miami,Alto,6,44.34,Sí,No,Otro,Sí,Efectivo,5104,False,False,False,False,266.04
9282923557,34,Masculino,Miami,Muy Alto,5,126.1,Sí,Sí,Mariscos,Sí,Efectivo,10620,False,False,False,False,630.5
4690515516,56,Femenino,Miami,Muy Alto,9,38.72,No,Sí,Carnes,Sí,App,14837,False,False,False,False,348.48
8056153103,28,Femenino,Miami,Muy Alto,7,83.69,Sí,Sí,Vegano,Sí,Efectivo,17103,False,False,False,False,585.83
9929920713,41,Masculino,Miami,Medio,3,22.37,No,Sí,Mariscos,No,Efectivo,3366,True,False,False,False,67.11
3713284816,72,Masculino,Miami,Alto,6,21.91,Sí,Sí,Vegetariano,Sí,Efectivo,6460,False,False,False,False,131.46
9089125687,67,Femenino,Miami,Medio,5,25.36,Sí,Sí,Otro,No,Efectivo,1934,False,False,False,False,126.8
6538681143,30,Femenino,Miami,Muy Alto,9,58.87,Sí,Sí,Vegetariano,Sí,Tarjeta,17768,False,False,False,False,529.83
3790145684,45,Femenino,Miami,Medio,5,21.11,No,No,Mariscos,No,Tarjeta,1700,False,False,False,False,105.55
6445324102,73,Femenino,Miami,Alto,6,44.99,Sí,Sí,Pescado,No,Tarjeta,3545,False,False,False,False,269.94
7558339027,70,Masculino,Miami,Alto,6,34.83,No,Sí,Vegetariano,No,Tarjeta,6851,False,False,False,False,208.98
4723534498,38,Femenino,Miami,Medio,3,34.09,Sí,Sí,Pescado,No,Efectivo,3434,True,False,False,False,102.27
9455610447,57,Masculino,Miami,Alto,5,47.11,No,No,Vegano,Sí,Efectivo,4172,False,False,False,False,235.55
2941714339,58,Femenino,Miami,Alto,6,27.45,No,Sí,Mariscos,No,Tarjeta,5425,False,False,False,False,164.7
1966662179,52,Femenino,Miami,Alto,4,42.74,Sí,Sí,Mariscos,Sí,Efectivo,4483,False,False,False,False,170.96
1731807000,48,Femenino,Miami,Muy Alto,10,26.16,Sí,No,Vegetariano,Sí,App,10220,False,False,False,False,261.6
2962750929,42,Masculino,Miami,Alto,5,47.18,No,Sí,Pescado,Sí,Efectivo,8018,False,False,False,False,235.9
8948583108,47,Masculino,Miami,Alto,6,67.87,Sí,No,Carnes,Sí,Efectivo,8969,False,False,False,False,407.22
2576628760,72,Femenino,Miami,Muy Alto,6,88.3,No,Sí,Vegetariano,Sí,Efectivo,13512,False,False,False,False,529.8
3381580667,55,Femenino,Miami,Alto,5,16.55,Sí,Sí,Vegetariano,Sí,Efectivo,7294,False,False,False,False,82.75
4085195533,35,Masculino,Miami,Alto,6,25.79,No,Sí,Vegano,No,Efectivo,7125,False,False,False,False,154.74
3943631361,58,Femenino,Miami,Medio,2,37.42,No,No,Pescado,Sí,Tarjeta,1955,False,False,False,False,74.84
7702892207,79,Femenino,Miami,Alto,4,48.84,No,No,Mariscos,Sí,Efectivo,4959,False,False,False,False,195.36
9559480737,53,Femenino,Miami,Muy Alto,9,24.37,Sí,Sí,Vegetariano,Sí,Tarjeta,12017,False,False,False,False,219.33
5211405428,78,Femenino,Miami,Medio,3,34.02,No,Sí,Vegano,No,Efectivo,1618,False,False,False,False,102.06
1202491725,43,Femenino,Miami,Alto,4,25.09,Sí,Sí,Carnes,Sí,Tarjeta,6853,False,False,False,False,100.36
5340871252,63,Masculino,Miami,Alto,6,33.12,No,Sí,Vegetariano,Sí,App,5631,False,False,False,False,198.72
7230180559,19,Masculino,Miami,Alto,5,39.49,No,Sí,Vegetariano,Sí,App,5192,False,False,False,False,197.45
1276083428,80,Femenino,Miami,Bajo,1,17.07,No,Sí,Vegetariano,No,Tarjeta,1075,False,False,False,False,17.07
8702793222,34,Masculino,Miami,Muy Alto,10,70.52,Sí,Sí,Vegetariano,Sí,App,10809,False,False,False,False,705.2
6497881941,38,Masculino,Miami,Muy Alto,10,64.75,Sí,No,Pescado,Sí,Efectivo,17776,False,False,False,False,647.5
8841473055,55,Masculino,Miami,Alto,5,28.71,No,No,Vegetariano,No,App,6688,True,False,False,False,143.55
1033718743,27,Femenino,Miami,Bajo,3,24.54,No,Sí,Mariscos,No,App,1399,False,False,False,False,73.62
2448731007,36,Masculino,Miami,Medio,3,29.52,No,No,Pescado,No,Tarjeta,1955,True,False,False,False,88.56
9796765637,31,Masculino,Miami,Alto,4,36.74,No,No,Carnes,Sí,Efectivo,3645,False,False,False,False,146.96
7333316743,27,Masculino,Miami,Alto,6,11.97,Sí,Sí,Carnes,Sí,App,5268,False,False,False,False,71.82
3327904298,28,Masculino,Miami,Bajo,1,11.71,Sí,Sí,Carnes,No,Tarjeta,1368,False,False,False,False,11.71
6831248724,30,Masculino,Miami,Alto,5,20.95,Sí,Sí,Mariscos,Sí,Tarjeta,6373,False,False,False,False,104.75
2246113479,42,Masculino,Miami,Muy Alto,9,120.43,Sí,Sí,Vegetariano,Sí,App,15567,False,False,False,False,1083.87
1275986559,32,Femenino,Miami,Medio,5,10.33,Sí,Sí,Vegetariano,No,Efectivo,2030,False,False,False,False,51.65
3913277923,65,Masculino,Miami,Bajo,0,0.0,No,No,Carnes,No,App,1290,False,False,False,False,0.0
4536110214,67,Femenino,Miami,Medio,5,14.25,No,No,Mariscos,No,Efectivo,2925,False,False,False,False,71.25
7418301077,59,Femenino,Miami,Muy Alto,7,86.43,No,Sí,Carnes,Sí,App,11996,False,False,False,False,605.01
7901043576,34,Masculino,Miami,Muy Alto,5,22.31,No,Sí,Pescado,Sí,Efectivo,11448,False,False,False,False,111.55
8159204912,27,Femenino,Miami,Medio,4,29.17,Sí,Sí,Mariscos,No,Efectivo,3180,False,False,False,False,116.68
2502425768,76,Masculino,Miami,Muy Alto,7,45.49,Sí,No,Pescado,Sí,Tarjeta,15867,False,False,False,False,318.43
9726691666,47,Femenino,Miami,Medio,2,29.74,No,No,Carnes,No,Tarjeta,2785,False,False,False,False,59.48
4277085912,41,Femenino,Miami,Medio,4,17.89,No,Sí,Vegetariano,No,Tarjeta,1792,False,False,False,False,71.56
7568980185,49,Femenino,Miami,Alto,6,65.87,Sí,Sí,Vegetariano,Sí,App,3766,False,False,False,False,395.22
6514301702,45,Femenino,Miami,Bajo,1,15.31,Sí,No,Vegetariano,No,Efectivo,1473,False,False,False,False,15.31
2599780249,69,Femenino,Miami,Bajo,1,14.69,No,No,Vegano,No,Efectivo,841,False,False,False,False,14.69
3605585995,70,Femenino,Miami,Medio,3,22.93,Sí,Sí,Mariscos,No,App,3091,True,False,False,False,68.79
7957308558,43,Masculino,Miami,Alto,6,55.01,No,No,Mariscos,No,App,4434,False,False,False,False,330.06
2433770873,50,Masculino,Miami,Bajo,2,17.69,Sí,No,Vegetariano,No,Efectivo,1077,False,False,False,False,35.38
9370058657,21,Femenino,Miami,Muy Alto,7,89.14,No,Sí,Otro,Sí,App,10145,True,False,False,False,623.98
9132977440,68,Masculino,Miami,Medio,3,17.15,No,Sí,Mariscos,Sí,App,3187,False,False,False,False,51.45
9077968691,45,Masculino,Miami,Muy Alto,7,13.54,Sí,No,Vegetariano,Sí,Tarjeta,9937,True,False,False,False,94.78
8082441501,50,Femenino,Miami,Alto,4,47.74,No,Sí,Pescado,No,Tarjeta,4816,False,False,False,False,190.96
1410933857,30,Femenino,Miami,Medio,5,18.61,No,Sí,Otro,No,App,1742,False,False,False,True,93.05
2331039957,51,Masculino,Miami,Alto,5,69.52,Sí,No,Mariscos,Sí,Tarjeta,4100,False,False,False,False,347.6
2976391858,51,Femenino,Miami,Alto,6,31.13,Sí,Sí,Pescado,Sí,Efectivo,4428,False,False,False,False,186.78
8345069030,48,Femenino,Miami,Muy Alto,6,37.2,Sí,Sí,Pescado,Sí,Tarjeta,16257,False,False,False,False,223.2
4605233923,42,Femenino,Miami,Medio,3,23.71,No,Sí,Pescado,No,Efectivo,3085,False,False,False,False,71.13
4296014364,49,Masculino,Miami,Alto,4,24.54,Sí,No,Otro,Sí,Tarjeta,5627,False,False,False,False,98.16
5759272717,28,Masculino,Miami,Alto,5,11.03,Sí,Sí,Otro,Sí,Efectivo,8505,False,False,False,True,55.15
6500182511,45,Masculino,Miami,Bajo,0,0.0,No,Sí,Carnes,No,App,806,False,False,False,False,0.0
2385112390,50,Femenino,Miami,Muy Alto,8,73.34,Sí,No,Vegetariano,Sí,Tarjeta,15087,False,False,False,False,586.72
2961969382,40,Femenino,Miami,Muy Alto,7,117.54,No,Sí,Pescado,Sí,App,12749,False,False,False,False,822.78
7191696152,38,Femenino,Miami,Medio,4,19.76,No,No,Mariscos,No,Efectivo,2127,False,False,False,False,79.04
3782322821,51,Femenino,Miami,Alto,5,41.78,No,No,Mariscos,Sí,Efectivo,5914,False,False,False,False,208.9
1977195314,36,Femenino,Miami,Alto,4,15.53,No,No,Carnes,No,App,6451,False,False,False,False,62.12
9618404844,26,Masculino,Miami,Muy Alto,7,32.86,Sí,Sí,Carnes,Sí,Tarjeta,11927,False,False,False,False,230.02
1411855764,44,Femenino,Miami,Alto,5,34.16,Sí,No,Vegano,No,Efectivo,7654,False,False,False,False,170.8
7714613598,29,Masculino,Miami,Alto,5,53.92,No,Sí,Mariscos,Sí,Efectivo,8079,False,False,False,False,269.6
9842186844,63,Masculino,Miami,Muy Alto,8,78.66,No,No,Mariscos,Sí,App,16454,False,False,False,False,629.28
7946378529,47,Masculino,Miami,Muy Alto,8,23.53,Sí,No,Vegano,Sí,Efectivo,11147,False,False,False,False,188.24
7601838588,75,Femenino,Miami,Medio,3,32.87,Sí,No,Otro,No,Efectivo,2051,False,False,False,True,98.61
5738455979,41,Masculino,Miami,Bajo,3,24.47,Sí,Sí,Pescado,No,Tarjeta,1068,False,False,False,False,73.41
3754792544,76,Femenino,Miami,Muy Alto,6,15.41,Sí,Sí,Vegetariano,Sí,Efectivo,16979,False,False,False,False,92.46
7627266377,37,Femenino,Miami,Medio,3,23.34,No,Sí,Pescado,No,App,2996,False,False,False,False,70.02
6195814868,40,Masculino,Miami,Alto,5,22.24,Sí,Sí,Vegetariano,Sí,Tarjeta,3555,False,False,False,False,111.2
3546553387,46,Femenino,Miami,Bajo,0,0.0,No,Sí,Vegetariano,No,App,1212,False,False,False,False,0.0
3470601122,37,Masculino,Miami,Medio,2,22.21,Sí,No,Mariscos,No,Tarjeta,2087,False,False,False,False,44.42
8576331692,64,Masculino,Miami,Medio,3,32.1,No,Sí,Otro,No,Tarjeta,3018,False,False,False,True,96.3
8624454880,54,Masculino,Miami,Muy Alto,10,90.8,No,Sí,Mariscos,Sí,Tarjeta,12574,False,False,False,False,908.0
1194294443,49,Masculino,Miami,Muy Alto,7,72.51,No,No,Otro,Sí,Tarjeta,12077,False,False,True,False,507.57
3628914109,77,Masculino,Miami,Muy Alto,10,36.53,No,No,Pescado,Sí,App,17192,False,False,False,False,365.3
6933306132,78,Femenino,Miami,Alto,4,36.8,No,Sí,Carnes,Sí,Efectivo,8314,False,False,False,False,147.2
9160216909,58,Masculino,Miami,Medio,4,17.82,Sí,No,Vegano,No,Tarjeta,1692,False,False,False,False,71.28
9861808974,38,Masculino,Miami,Muy Alto,8,25.12,Sí,No,Carnes,Sí,Efectivo,12290,False,False,False,False,200.96
5358791907,20,Femenino,Miami,Muy Alto,5,89.12,No,Sí,Vegetariano,Sí,Tarjeta,15209,False,False,False,False,445.6
2073673810,51,Femenino,Miami,Alto,6,65.71,Sí,Sí,Carnes,Sí,App,7555,False,False,False,False,394.26
4925602403,31,Masculino,Miami,Alto,5,34.71,No,Sí,Otro,Sí,Tarjeta,6653,False,False,False,True,173.55
8688882841,71,Femenino,Miami,Alto,4,42.99,No,No,Mariscos,Sí,App,8342,False,False,False,False,171.96
5532180957,32,Femenino,Miami,Muy Alto,5,55.7,No,Sí,Pescado,Sí,Efectivo,11649,False,False,False,False,278.5
9418551085,26,Femenino,Miami,Muy Alto,10,107.04,No,Sí,Pescado,Sí,Efectivo,12507,False,False,False,False,1070.4
5362992790,20,Masculino,Miami,Bajo,1,10.17,Sí,Sí,Mariscos,No,App,1247,False,False,False,False,10.17
6345375378,22,Femenino,Miami,Medio,3,37.69,No,Sí,Carnes,No,App,1924,False,False,False,False,113.07
9930866277,49,Femenino,Miami,Alto,5,50.75,No,Sí,Pescado,No,Tarjeta,8332,True,False,False,False,253.75
8768418007,75,Femenino,Miami,Bajo,1,20.94,No,Sí,Vegetariano,No,Criptomoneda,1563,False,False,False,False,20.94
9780876228,62,Masculino,Miami,Medio,5,25.05,Sí,No,Mariscos,No,Tarjeta,2327,False,False,False,False,125.25
3965572185,46,Masculino,Miami,Medio,4,39.42,Sí,No,Mariscos,No,Efectivo,2631,False,False,False,False,157.68
8511777898,55,Femenino,Miami,Medio,5,27.93,No,No,Mariscos,No,Efectivo,2318,False,False,False,False,139.65
8186716251,44,Masculino,Miami,Medio,3,12.23,Sí,Sí,Otro,No,Efectivo,3043,False,False,False,True,36.69
2506179666,58,Femenino,Miami,Bajo,2,11.99,No,No,Mariscos,No,Efectivo,1096,True,False,False,False,23.98
4076550759,44,Masculino,Miami,Muy Alto,6,53.16,Sí,No,Vegetariano,Sí,Tarjeta,13004,False,False,False,False,318.96
8382488970,51,Masculino,Miami,Medio,4,18.45,No,No,Carnes,Sí,Tarjeta,2272,False,False,False,False,73.8
1126978869,63,Masculino,Miami,Muy Alto,5,24.17,Sí,Sí,Vegetariano,Sí,Tarjeta,14813,False,False,False,False,120.85
8363081382,71,Masculino,Miami,Bajo,3,14.66,Sí,Sí,Mariscos,No,App,893,False,False,False,False,43.98
6538898499,19,Femenino,Miami,Alto,5,40.97,Sí,Sí,Carnes,Sí,Tarjeta,8533,False,False,False,False,204.85
5634208660,62,Masculino,Miami,Bajo,2,15.9,Sí,Sí,Pescado,No,Efectivo,1213,False,False,False,False,31.8
6952854780,47,Masculino,Miami,Alto,5,52.56,Sí,Sí,Vegetariano,Sí,Tarjeta,8624,False,False,False,False,262.8
1313205221,31,Masculino,Miami,Muy Alto,5,55.85,No,No,Vegetariano,Sí,Efectivo,17328,False,False,False,False,279.25
5245723987,35,Femenino,Miami,Bajo,1,24.26,No,Sí,Mariscos,No,Efectivo,988,False,False,False,False,24.26
2934753202,38,Femenino,Miami,Muy Alto,5,121.97,No,Sí,Mariscos,Sí,App,15139,False,False,False,False,609.85
3987310035,38,Femenino,Miami,Alto,5,54.59,No,No,Mariscos,Sí,App,7793,False,False,False,False,272.95
9552714202,75,Masculino,Miami,Muy Alto,10,102.95,No,Sí,Vegano,Sí,Tarjeta,14310,False,False,False,False,1029.5
6849898697,31,Masculino,Miami,Medio,3,38.1,No,No,Vegetariano,Sí,Efectivo,2345,False,False,False,False,114.3
4827335044,29,Masculino,Miami,Alto,6,65.6,No,Sí,Vegetariano,Sí,App,7891,False,False,False,False,393.6
4652417558,31,Femenino,Miami,Muy Alto,8,73.04,No,No,Mariscos,Sí,Tarjeta,14205,False,False,False,False,584.32
8022714246,26,Masculino,Miami,Alto,6,55.85,Sí,Sí,Carnes,No,Tarjeta,3552,False,False,False,False,335.1
9835879150,76,Femenino,Miami,Alto,6,50.88,No,Sí,Vegetariano,Sí,App,5582,False,False,False,False,305.28
3782535250,69,Masculino,Miami,Alto,6,59.74,Sí,Sí,Vegano,Sí,Tarjeta,6432,False,False,False,False,358.44
5578249223,77,Masculino,Miami,Medio,3,35.39,No,No,Vegetariano,No,Tarjeta,1723,False,False,False,False,106.17
1392501735,44,Femenino,Miami,Alto,4,44.3,No,Sí,Carnes,Sí,Tarjeta,5236,False,False,False,False,177.2
1361845490,58,Femenino,Miami,Medio,3,20.78,Sí,No,Mariscos,No,Efectivo,1827,False,False,False,False,62.34
7481786488,57,Femenino,Miami,Alto,6,58.6,Sí,Sí,Vegetariano,Sí,App,5943,False,False,False,False,351.6
4486584057,62,Femenino,Miami,Alto,5,25.6,No,Sí,Pescado,Sí,Tarjeta,8945,False,False,False,False,128.0
4538244882,37,Masculino,Miami,Alto,5,21.83,Sí,No,Mariscos,Sí,Efectivo,5785,False,False,False,False,109.15
6790632791,48,Femenino,Miami,Bajo,3,16.39,Sí,No,Mariscos,No,Efectivo,1527,False,False,False,False,49.17
3040588943,68,Femenino,Miami,Alto,6,27.39,Sí,Sí,Vegano,Sí,Tarjeta,4081,False,False,False,False,164.34
9493587758,32,Masculino,Miami,Muy Alto,8,76.27,No,Sí,Carnes,Sí,Efectivo,12894,False,False,False,False,610.16
1676540872,27,Femenino,Miami,Medio,5,26.45,Sí,Sí,Vegetariano,No,Efectivo,1887,False,False,False,False,132.25
5258934569,70,Masculino,Miami,Medio,5,25.85,Sí,Sí,Vegetariano,Sí,Efectivo,2609,False,False,False,False,129.25
4747712095,68,Femenino,Miami,Muy Alto,7,89.79,Sí,Sí,Mariscos,Sí,Tarjeta,13280,False,False,False,False,628.53
5210829959,45,Masculino,Miami,Muy Alto,5,51.28,Sí,No,Vegano,No,Efectivo,12537,False,False,False,False,256.4
6364480257,49,Masculino,Miami,Alto,6,65.72,No,Sí,Mariscos,Sí,App,6474,False,False,False,False,394.32
3944590867,78,Masculino,Miami,Medio,3,25.07,No,No,Carnes,No,Tarjeta,3324,True,False,False,False,75.21
8733144348,49,Femenino,Miami,Alto,6,67.71,Sí,No,Vegano,No,Tarjeta,6572,False,False,False,False,406.26
6915334476,21,Femenino,Miami,Muy Alto,8,121.56,Sí,Sí,Mariscos,Sí,App,12020,False,False,False,False,972.48
6599090883,18,Masculino,Miami,Medio,4,25.04,Sí,Sí,Vegano,No,Efectivo,2579,False,False,False,False,100.16
1209864881,67,Femenino,Miami,Muy Alto,9,110.19,No,Sí,Vegetariano,No,Efectivo,17688,False,False,False,False,991.71
9276176628,79,Femenino,Miami,Alto,6,42.91,Sí,No,Mariscos,Sí,Tarjeta,8629,False,False,False,False,257.46
4632696804,76,Masculino,Miami,Medio,4,35.54,Sí,No,Pescado,Sí,App,2573,False,False,False,False,142.16
6474256508,29,Femenino,Miami,Alto,5,54.34,Sí,Sí,Otro,Sí,Efectivo,4898,False,False,False,False,271.7
9376966049,30,Femenino,Miami,Medio,5,35.07,Sí,Sí,Vegetariano,No,Efectivo,1947,False,False,False,False,175.35
3412227961,62,Femenino,Miami,Medio,4,18.1,No,Sí,Vegano,No,App,1913,False,False,False,False,72.4
3395771866,54,Masculino,Miami,Muy Alto,7,120.57,Sí,Sí,Mariscos,Sí,Tarjeta,10126,True,False,False,False,843.99
9673710819,68,Masculino,Miami,Alto,6,62.58,Sí,Sí,Vegetariano,Sí,Efectivo,7235,False,False,False,False,375.48
9978810439,77,Masculino,Miami,Alto,5,30.67,Sí,Sí,Carnes,Sí,Efectivo,7791,False,False,False,False,153.35
3504270670,36,Masculino,Miami,Alto,5,57.11,Sí,Sí,Vegetariano,Sí,Efectivo,3832,False,False,False,False,285.55
4119852572,29,Femenino,Miami,Medio,3,14.21,No,Sí,Mariscos,Sí,App,1648,False,False,False,False,42.63
5802869358,80,Femenino,Miami,Alto,5,10.68,No,Sí,Vegetariano,Sí,Efectivo,5694,True,False,False,False,53.4
5294353914,71,Masculino,Miami,Alto,5,63.79,No,No,Mariscos,No,Efectivo,7474,False,False,False,False,318.95
5566932954,42,Masculino,Miami,Medio,5,35.49,No,Sí,Vegetariano,No,Tarjeta,3279,False,False,False,False,177.45
5881077557,80,Masculino,Miami,Bajo,3,13.65,No,Sí,Otro,No,Efectivo,1099,False,False,False,True,40.95
5970623596,62,Masculino,Miami,Muy Alto,5,25.67,Sí,Sí,Vegetariano,Sí,Efectivo,10216,False,False,False,False,128.35
9639245200,38,Femenino,Miami,Alto,5,25.53,Sí,No,Vegetariano,Sí,App,4773,True,False,False,False,127.65
2842060273,73,Femenino,Miami,Alto,4,46.52,Sí,No,Vegano,Sí,Efectivo,4363,False,False,False,False,186.08
1300591138,65,Masculino,Miami,Alto,4,29.74,Sí,No,Mariscos,Sí,Tarjeta,3875,False,False,False,False,118.96
2524985960,43,Masculino,Miami,Medio,2,32.79,No,Sí,Pescado,No,App,2208,False,False,False,False,65.58
7089499432,20,Masculino,Miami,Alto,5,57.07,Sí,Sí,Carnes,Sí,Tarjeta,4740,False,False,False,False,285.35
8505373158,79,Masculino,Miami,Bajo,2,22.74,No,No,Pescado,No,Tarjeta,1086,False,False,False,False,45.48
5667156239,64,Femenino,Miami,Medio,2,20.65,Sí,No,Vegetariano,No,Tarjeta,3386,False,False,False,False,41.3
2552849147,76,Masculino,Miami,Alto,4,22.21,No,Sí,Mariscos,No,App,4711,False,False,False,False,88.84
8676712652,57,Masculino,Miami,Alto,4,38.35,Sí,Sí,Vegano,Sí,App,7840,False,False,False,False,153.4
9869896388,26,Masculino,Miami,Muy Alto,7,86.37,Sí,Sí,Vegetariano,Sí,App,10977,False,False,False,False,604.59
9502107279,32,Femenino,Miami,Muy Alto,5,83.07,No,Sí,Vegetariano,Sí,Tarjeta,14899,False,False,False,False,415.35
4374031460,52,Femenino,Miami,Bajo,2,22.56,No,Sí,Vegano,No,Tarjeta,1568,False,False,False,False,45.12
4071538197,58,Femenino,Miami,Alto,6,26.97,No,Sí,Vegetariano,Sí,Tarjeta,5208,False,False,False,False,161.82
2060662364,25,Masculino,Miami,Alto,5,26.79,Sí,No,Carnes,Sí,Tarjeta,6985,False,False,False,False,133.95
3532429735,38,Masculino,Miami,Alto,5,67.92,No,Sí,Carnes,Sí,Tarjeta,6070,False,False,False,False,339.6
6067191149,41,Masculino,Miami,Medio,2,19.89,Sí,No,Carnes,No,Efectivo,1973,False,False,False,False,39.78
5710360983,67,Masculino,Miami,Alto,4,31.65,No,No,Otro,No,Efectivo,7928,False,False,False,False,126.6
8040800825,41,Masculino,Miami,Bajo,2,13.34,No,Sí,Carnes,No,App,1214,False,False,False,False,26.68
5824353802,53,Masculino,Miami,Medio,3,26.88,No,Sí,Carnes,No,Efectivo,3358,False,False,False,False,80.64
9801591774,78,Femenino,Miami,Alto,6,35.26,Sí,No,Otro,Sí,App,8727,False,False,False,False,211.56
1997498834,63,Femenino,Miami,Muy Alto,5,53.73,Sí,Sí,Carnes,Sí,App,11499,False,False,False,False,268.65
7394289863,71,Femenino,Miami,Medio,2,21.83,Sí,No,Mariscos,No,Efectivo,3371,False,False,False,False,43.66
3119549043,22,Femenino,Miami,Muy Alto,9,27.18,Sí,Sí,Otro,Sí,Efectivo,16004,False,False,False,False,244.62
6474282056,58,Femenino,Miami,Alto,5,61.51,No,Sí,Pescado,Sí,Efectivo,3973,False,False,False,False,307.55
5851568990,40,Masculino,Miami,Alto,4,47.76,Sí,No,Mariscos,No,Tarjeta,6652,False,False,False,False,191.04
9839378298,38,Masculino,Miami,Bajo,1,16.87,No,No,Mariscos,No,Efectivo,1485,False,False,False,False,16.87
2770422751,65,Masculino,Miami,Alto,5,56.73,No,No,Otro,Sí,App,7656,False,False,False,True,283.65
1694414112,65,Femenino,Miami,Medio,3,27.88,Sí,No,Carnes,No,Tarjeta,2683,False,False,False,False,83.64
9308878234,19,Femenino,Miami,Medio,5,32.97,Sí,Sí,Mariscos,No,Tarjeta,1726,False,False,False,False,164.85
3612090233,45,Femenino,Miami,Alto,4,39.99,Sí,Sí,Mariscos,No,Efectivo,5386,False,False,False,False,159.96
2547017575,26,Masculino,Miami,Medio,2,15.11,No,Sí,Otro,No,Efectivo,2982,False,False,False,False,30.22
3366355159,28,Femenino,Miami,Muy Alto,7,28.72,Sí,Sí,Carnes,Sí,Efectivo,11222,False,False,False,False,201.04
4139778173,58,Masculino,Miami,Medio,3,20.72,No,Sí,Mariscos,No,Tarjeta,2255,False,False,False,False,62.16
5341643190,32,Femenino,Miami,Bajo,2,23.94,Sí,No,Vegetariano,No,App,952,False,False,False,False,47.88
6605243179,50,Femenino,Miami,Muy Alto,10,124.87,Sí,Sí,Carnes,Sí,App,9728,False,False,False,False,1248.7
8667223846,45,Femenino,Miami,Medio,2,15.35,No,No,Vegetariano,No,Efectivo,1647,False,False,False,False,30.7
1743316194,44,Masculino,Miami,Bajo,3,16.09,Sí,Sí,Vegetariano,No,Efectivo,1231,False,False,False,False,48.27
2867430033,65,Masculino,Miami,Medio,3,26.13,No,Sí,Otro,No,App,1649,False,False,False,False,78.39
8906497191,32,Femenino,Miami,Alto,5,32.72,No,Sí,Pescado,Sí,Efectivo,4163,False,False,False,False,163.6
8523198999,38,Masculino,Miami,Alto,6,69.37,Sí,No,Vegano,Sí,Tarjeta,4509,False,False,False,False,416.22
7343207808,46,Femenino,Miami,Bajo,2,21.63,No,Sí,Pescado,No,Tarjeta,1177,False,False,False,False,43.26
7273844150,20,Femenino,Miami,Medio,3,28.56,Sí,No,Mariscos,No,Efectivo,3010,False,False,False,False,85.68
3795855101,49,Femenino,Miami,Alto,5,13.91,No,No,Vegetariano,Sí,App,5001,False,False,False,False,69.55
2638061586,61,Masculino,Miami,Muy Alto,6,31.17,No,No,Vegano,Sí,Efectivo,15233,False,False,False,False,187.02
2349717964,49,Masculino,Miami,Medio,3,35.8,No,No,Mariscos,No,Tarjeta,2164,False,False,False,False,107.4
1957900422,54,Masculino,Miami,Muy Alto,5,110.42,Sí,No,Otro,Sí,Tarjeta,14684,False,False,False,False,552.1
9169702600,69,Femenino,Miami,Medio,4,15.91,No,Sí,Otro,No,App,2570,False,False,False,False,63.64
7147051208,57,Femenino,Miami,Muy Alto,8,69.94,Sí,No,Mariscos,Sí,App,17403,False,False,False,False,559.52
5024265351,45,Femenino,Miami,Medio,3,19.66,Sí,Sí,Otro,No,App,3047,False,False,False,True,58.98
4713011051,55,Masculino,Miami,Muy Alto,5,100.19,No,No,Vegano,Sí,Tarjeta,14695,False,False,False,False,500.95
3194332526,50,Femenino,Miami,Alto,4,45.8,No,Sí,Vegetariano,Sí,Tarjeta,8018,False,False,False,False,183.2
1577658751,34,Masculino,Miami,Medio,2,38.36,No,Sí,Otro,No,Efectivo,1777,False,False,False,False,76.72
6412677939,37,Masculino,Miami,Alto,5,22.62,Sí,No,Vegetariano,Sí,Efectivo,4685,False,False,False,False,113.1
6622452518,46,Femenino,Miami,Medio,2,18.25,Sí,No,Mariscos,No,App,3277,False,False,False,False,36.5
7435826794,66,Masculino,Miami,Bajo,1,14.88,No,Sí,Otro,No,App,1130,False,False,False,False,14.88
5269065042,23,Masculino,Miami,Alto,5,27.46,Sí,No,Pescado,Sí,App,5739,False,False,False,False,137.3
1863983140,37,Masculino,Miami,Muy Alto,9,19.31,No,Sí,Mariscos,Sí,Tarjeta,17723,False,False,False,False,173.79
4166244237,28,Femenino,Miami,Medio,4,39.81,Sí,Sí,Carnes,No,App,2028,False,False,False,False,159.24
4242550727,69,Femenino,Miami,Medio,2,30.55,No,Sí,Carnes,No,Efectivo,3369,False,False,False,False,61.1
3227343782,58,Femenino,Miami,Medio,3,25.89,Sí,No,Mariscos,No,Criptomoneda,2159,False,False,False,False,77.67
1033922944,53,Masculino,Miami,Alto,5,20.41,Sí,Sí,Vegano,Sí,Efectivo,4496,False,False,False,False,102.05
2654460633,73,Masculino,Miami,Alto,6,11.92,Sí,No,Vegetariano,No,Efectivo,7219,False,False,False,False,71.52
3369241866,26,Femenino,Miami,Bajo,0,0.0,Sí,Sí,Carnes,No,Efectivo,1420,False,False,False,False,0.0
9237853314,38,Masculino,Miami,Medio,2,23.25,Sí,Sí,Carnes,No,App,2390,False,False,False,False,46.5
8734429827,48,Masculino,Miami,Alto,5,15.04,Sí,No,Mariscos,Sí,App,3828,False,False,False,False,75.2
7711844865,27,Femenino,Miami,Bajo,3,24.5,Sí,Sí,Vegetariano,No,Tarjeta,1129,False,False,False,False,73.5
3045102506,71,Femenino,Miami,Medio,5,29.3,Sí,No,Vegetariano,No,Tarjeta,3252,False,False,False,False,146.5
5887147262,19,Femenino,Miami,Medio,3,20.12,Sí,Sí,Mariscos,Sí,App,3274,False,False,False,False,60.36
9673218600,40,Masculino,Miami,Alto,5,63.94,No,No,Pescado,Sí,Efectivo,7009,False,False,False,False,319.7
8813199537,67,Femenino,Miami,Muy Alto,9,84.19,No,Sí,Pescado,Sí,Tarjeta,14755,False,False,False,False,757.71
1243581040,76,Masculino,Miami,Muy Alto,5,10.14,Sí,No,Mariscos,Sí,App,12013,False,False,False,False,50.7
2504591799,68,Masculino,Miami,Muy Alto,10,74.89,Sí,Sí,Mariscos,Sí,Efectivo,10491,False,False,False,False,748.9
9117590004,47,Masculino,Miami,Alto,5,39.87,Sí,No,Vegetariano,Sí,App,7852,False,False,False,False,199.35
6516113346,28,Femenino,Miami,Alto,4,60.19,No,Sí,Carnes,Sí,Tarjeta,4334,False,False,False,False,240.76
2398280175,28,Masculino,Miami,Alto,6,59.46,No,Sí,Mariscos,No,App,7638,False,False,False,False,356.76
5997619153,60,Masculino,Miami,Medio,4,17.66,Sí,Sí,Vegetariano,No,Tarjeta,2290,False,False,False,False,70.64
9137862629,20,Masculino,Miami,Muy Alto,6,84.74,No,Sí,Mariscos,Sí,App,14496,False,False,False,False,508.44
1017712338,73,Masculino,Miami,Alto,4,58.1,Sí,No,Mariscos,Sí,Tarjeta,5261,False,False,False,False,232.4
6851128769,45,Masculino,Miami,Bajo,3,16.07,No,Sí,Vegano,No,Tarjeta,1573,False,False,False,False,48.21
3506703911,49,Masculino,Miami,Medio,3,18.6,Sí,No,Vegetariano,No,App,2846,False,False,False,False,55.8
7967780181,38,Masculino,Miami,Bajo,1,13.37,Sí,Sí,Otro,No,Efectivo,1450,False,False,False,False,13.37
4302972301,28,Masculino,Miami,Medio,4,10.77,No,Sí,Vegetariano,No,App,1803,False,False,False,False,43.08
4982293949,53,Femenino,Miami,Alto,5,19.87,Sí,No,Carnes,Sí,App,6731,False,False,False,False,99.35
6806359473,72,Masculino,Miami,Alto,5,43.66,No,Sí,Vegetariano,Sí,Efectivo,8036,False,False,False,False,218.3
9494619252,21,Masculino,Miami,Bajo,0,0.0,Sí,Sí,Mariscos,No,Tarjeta,1243,False,False,False,False,0.0
2303227053,18,Masculino,Miami,Bajo,2,21.83,No,Sí,Vegetariano,No,Tarjeta,953,True,False,False,False,43.66
4549293390,67,Femenino,Miami,Bajo,2,13.37,Sí,No,Mariscos,No,Tarjeta,935,False,False,False,False,26.74
5796744687,74,Masculino,Miami,Alto,5,39.42,No,No,Pescado,Sí,Tarjeta,7133,True,False,False,False,197.1
7561447533,44,Femenino,Miami,Muy Alto,6,58.44,Sí,No,Otro,Sí,Efectivo,10042,False,False,False,False,350.64
6972458129,69,Femenino,Miami,Bajo,3,13.38,Sí,Sí,Mariscos,No,Efectivo,1013,False,False,False,False,40.14
5997555461,33,Femenino,Miami,Muy Alto,9,52.71,No,No,Carnes,Sí,Tarjeta,13837,False,False,False,False,474.39
1586412136,57,Femenino,Miami,Medio,4,15.16,Sí,Sí,Vegetariano,No,Criptomoneda,3399,False,False,False,False,60.64
5223923633,38,Masculino,Miami,Alto,6,54.34,Sí,No,Mariscos,Sí,Efectivo,3770,False,False,False,False,326.04
8455261553,29,Masculino,Miami,Muy Alto,10,31.94,Sí,Sí,Vegetariano,Sí,App,13023,False,False,False,False,319.4
9250327663,49,Femenino,Miami,Medio,5,29.66,No,No,Otro,No,Efectivo,3196,False,False,False,True,148.3
3250726058,50,Masculino,Miami,Muy Alto,9,34.18,No,No,Otro,Sí,Tarjeta,11209,False,False,False,False,307.62
8170198628,18,Femenino,Miami,Muy Alto,9,99.22,Sí,Sí,Carnes,Sí,Efectivo,14164,False,False,False,False,892.98
5325686518,31,Femenino,Miami,Medio,4,27.57,No,No,Vegano,No,Efectivo,2926,False,False,False,False,110.28
3841827734,43,Masculino,Miami,Alto,5,66.88,Sí,Sí,Vegetariano,No,Efectivo,5970,False,False,False,False,334.4
7771357114,66,Masculino,Miami,Medio,3,33.38,Sí,No,Vegetariano,No,Efectivo,1721,False,False,False,False,100.14
5903457537,50,Femenino,Miami,Medio,3,29.15,Sí,No,Mariscos,Sí,App,2177,False,False,False,False,87.45
4143027878,66,Femenino,Miami,Muy Alto,5,35.65,Sí,Sí,Mariscos,Sí,Efectivo,11482,False,False,False,False,178.25
6978199742,76,Masculino,Miami,Muy Alto,5,97.37,Sí,No,Vegano,Sí,Efectivo,10979,False,False,False,False,486.85
2084761408,50,Masculino,Miami,Bajo,2,12.37,No,Sí,Carnes,No,Tarjeta,1042,True,False,False,False,24.74
5475596572,32,Femenino,Miami,Alto,6,54.74,Sí,Sí,Vegetariano,No,Tarjeta,8914,False,False,False,False,328.44
8279371276,19,Femenino,Miami,Muy Alto,8,112.78,No,Sí,Pescado,Sí,Tarjeta,15332,False,False,False,False,902.24
6413127036,28,Femenino,Miami,Muy Alto,9,87.86,No,Sí,Vegetariano,Sí,Efectivo,12353,False,False,False,False,790.74
6861246275,39,Femenino,Miami,Medio,5,13.64,No,No,Otro,No,Tarjeta,2967,False,False,False,True,68.2
8429368780,40,Masculino,Miami,Medio,3,29.36,No,No,Vegetariano,No,Tarjeta,3433,True,False,False,False,88.08
2789617935,61,Masculino,Miami,Alto,6,63.87,Sí,No,Vegetariano,Sí,Tarjeta,8079,False,False,False,False,383.22
5505868105,70,Femenino,Miami,Bajo,1,14.01,No,Sí,Otro,No,Efectivo,894,False,False,False,False,14.01
5878838809,54,Femenino,Miami,Bajo,0,0.0,Sí,Sí,Carnes,No,Tarjeta,1293,False,False,False,False,0.0
4485356009,48,Masculino,Miami,Muy Alto,5,126.38,Sí,No,Pescado,Sí,App,11875,False,False,False,False,631.9
6875597607,79,Masculino,Miami,Alto,6,25.7,No,No,Otro,Sí,Tarjeta,4809,False,False,False,False,154.2
4699993906,73,Masculino,Miami,Alto,4,20.84,Sí,Sí,Mariscos,No,App,4929,False,False,False,False,83.36
4562498837,62,Masculino,Miami,Muy Alto,10,86.73,Sí,No,Vegetariano,Sí,App,17261,False,False,False,False,867.3
2121317584,54,Masculino,Miami,Medio,5,20.93,Sí,No,Mariscos,No,Tarjeta,3261,False,False,False,False,104.65
1181025051,68,Masculino,Miami,Muy Alto,7,35.97,Sí,Sí,Mariscos,Sí,Tarjeta,14918,True,False,False,False,251.79
8372653557,38,Femenino,Miami,Alto,6,68.78,No,No,Vegetariano,Sí,Efectivo,3795,False,False,False,False,412.68
8941003769,74,Masculino,Miami,Muy Alto,7,126.91,No,Sí,Vegetariano,Sí,Tarjeta,14905,True,False,False,False,888.37
4549434172,55,Masculino,Miami,Muy Alto,8,96.6,No,No,Otro,Sí,Tarjeta,9648,False,False,False,False,772.8
7965997893,69,Femenino,Miami,Medio,4,11.95,No,Sí,Carnes,No,Tarjeta,3494,False,False,False,False,47.8
2211292401,18,Femenino,Miami,Alto,4,65.21,No,Sí,Mariscos,Sí,Efectivo,4065,False,False,False,False,260.84
2763544042,33,Femenino,Miami,Medio,3,27.63,No,Sí,Mariscos,No,Efectivo,1757,False,False,False,False,82.89
9331836042,29,Masculino,Miami,Alto,5,44.82,No,Sí,Vegetariano,No,Tarjeta,5870,False,False,False,False,224.1
9584811571,52,Masculino,Miami,Alto,5,14.97,No,No,Mariscos,Sí,Efectivo,4343,False,False,False,False,74.85
5197527793,36,Masculino,Miami,Alto,5,58.08,Sí,No,Carnes,Sí,Efectivo,6846,False,False,False,False,290.4
5679198972,33,Masculino,Miami,Medio,4,37.5,Sí,No,Mariscos,No,Tarjeta,3053,False,False,False,False,150.0
2809380515,46,Femenino,Miami,Alto,4,24.32,Sí,Sí,Vegetariano,No,Efectivo,4516,False,False,False,False,97.28
2559096373,77,Masculino,Miami,Bajo,1,24.25,No,No,Mariscos,No,Tarjeta,1381,False,False,False,False,24.25
7959127060,22,Femenino,Miami,Alto,6,65.74,No,Sí,Carnes,Sí,Efectivo,5773,False,False,False,False,394.44
9789648210,69,Femenino,Miami,Bajo,2,20.96,Sí,Sí,Mariscos,No,App,892,False,False,False,False,41.92
7749390376,45,Femenino,Miami,Alto,4,17.36,No,Sí,Vegetariano,Sí,Tarjeta,6095,False,False,False,False,69.44
2969204700,49,Masculino,Miami,Medio,2,39.53,No,No,Vegano,No,App,1698,False,False,True,False,79.06
2844099618,65,Masculino,Miami,Medio,5,16.9,No,Sí,Mariscos,No,App,3054,False,False,False,False,84.5
7776783557,77,Femenino,Miami,Bajo,2,20.16,Sí,No,Mariscos,No,App,1160,False,False,False,False,40.32
2804437058,71,Masculino,Miami,Medio,5,13.08,No,No,Vegano,No,App,2291,False,False,False,False,65.4
5164945650,56,Masculino,Miami,Alto,4,27.0,Sí,No,Vegano,Sí,Tarjeta,5882,False,False,False,False,108.0
3558786413,48,Masculino,Miami,Medio,3,28.9,Sí,No,Vegano,No,Efectivo,1958,False,False,False,False,86.7
7924434374,62,Femenino,Miami,Muy Alto,9,54.68,No,No,Otro,Sí,Tarjeta,11600,False,False,False,True,492.12
4213264760,69,Femenino,Miami,Medio,5,18.79,Sí,Sí,Otro,No,Efectivo,3006,False,False,False,False,93.95
8443359717,74,Masculino,Miami,Alto,5,28.32,No,No,Carnes,Sí,App,6236,False,False,False,False,141.6
2509868542,58,Femenino,Miami,Bajo,2,13.57,No,Sí,Otro,No,App,1038,False,False,False,False,27.14
4346242886,42,Femenino,Miami,Alto,4,44.46,No,No,Mariscos,Sí,Efectivo,5348,False,False,False,False,177.84
3523824410,72,Masculino,Miami,Alto,6,47.83,No,Sí,Vegetariano,Sí,Efectivo,7573,False,False,False,False,286.98
2994997823,33,Masculino,Miami,Alto,5,40.53,Sí,No,Vegano,Sí,App,7697,False,False,False,False,202.65
3274025883,49,Masculino,Miami,Alto,5,34.06,No,Sí,Vegano,No,App,7047,False,False,False,False,170.3
8017976079,37,Femenino,Miami,Medio,3,37.22,Sí,No,Pescado,No,App,2892,True,False,False,False,111.66
4025253362,26,Masculino,Miami,Alto,5,26.98,No,Sí,Vegetariano,No,Tarjeta,5354,False,False,False,False,134.9
4227358616,21,Femenino,Miami,Bajo,3,20.99,Sí,Sí,Mariscos,No,Tarjeta,1354,False,False,False,False,62.97
4376601068,75,Masculino,Miami,Alto,4,61.33,Sí,No,Vegano,Sí,Efectivo,5028,False,False,False,False,245.32
1208564287,80,Masculino,Miami,Muy Alto,5,31.3,No,No,Vegetariano,Sí,Efectivo,12116,False,False,False,False,156.5
6979910808,41,Masculino,Miami,Alto,4,46.4,Sí,No,Carnes,Sí,Tarjeta,4372,False,False,False,False,185.6
2244218045,41,Masculino,Miami,Muy Alto,8,108.1,No,No,Mariscos,Sí,Efectivo,12498,False,False,False,False,864.8
7564187123,61,Femenino,Miami,Bajo,0,0.0,No,Sí,Vegetariano,No,Tarjeta,1278,False,False,False,False,0.0
8316501932,49,Masculino,Miami,Alto,4,44.77,No,No,Otro,Sí,Efectivo,3711,False,False,False,True,179.08
4575818181,72,Masculino,Miami,Alto,4,67.01,Sí,No,Pescado,Sí,Efectivo,4419,False,False,False,False,268.04
7929392002,34,Masculino,Miami,Bajo,0,0.0,Sí,Sí,Otro,No,App,1348,False,False,False,False,0.0
4250494539,77,Femenino,Miami,Alto,6,42.7,No,No,Vegetariano,No,Tarjeta,8550,False,False,False,False,256.2
4659630536,48,Femenino,Miami,Medio,3,11.35,Sí,Sí,Vegano,No,App,3437,False,False,False,False,34.05
3646930819,72,Masculino,Miami,Alto,4,66.88,No,No,Mariscos,Sí,Efectivo,4984,False,False,False,False,267.52
2856944992,32,Masculino,Miami,Muy Alto,10,33.17,No,No,Mariscos,Sí,Tarjeta,14876,False,False,False,False,331.7
1444182209,80,Femenino,Miami,Medio,2,23.48,No,Sí,Pescado,No,Efectivo,3332,False,True,False,False,46.96
1784851029,27,Femenino,Miami,Medio,3,18.28,Sí,Sí,Mariscos,No,App,3253,False,False,False,False,54.84
9776185998,42,Femenino,Miami,Alto,5,37.97,No,Sí,Carnes,Sí,Efectivo,4687,False,False,False,False,189.85
2139783430,71,Masculino,Miami,Alto,4,67.9,No,Sí,Pescado,No,Efectivo,4824,False,False,False,False,271.6
6102144947,53,Femenino,Miami,Muy Alto,7,78.17,No,Sí,Vegano,Sí,App,10845,False,False,False,False,547.19
8855344758,80,Femenino,Miami,Alto,4,19.5,No,No,Mariscos,No,Tarjeta,6488,False,False,False,False,78.0
8474112484,70,Femenino,Miami,Muy Alto,7,15.38,Sí,Sí,Vegano,Sí,App,10926,False,False,False,False,107.66
8647473596,61,Masculino,Miami,Alto,4,23.79,No,No,Carnes,Sí,Efectivo,5753,False,False,False,False,95.16
8306162949,71,Masculino,Miami,Alto,6,17.46,No,Sí,Otro,Sí,Efectivo,4639,False,False,False,False,104.76
5969846920,74,Femenino,Miami,Medio,3,34.73,Sí,No,Mariscos,No,Efectivo,2234,False,False,False,False,104.19
6540943308,77,Masculino,Miami,Alto,6,61.09,Sí,No,Vegano,No,Tarjeta,4461,False,False,False,False,366.54
7757700186,48,Masculino,Miami,Alto,5,21.71,No,No,Carnes,Sí,Tarjeta,7614,False,False,False,False,108.55
7135394336,80,Femenino,Miami,Medio,3,18.5,No,No,Mariscos,No,App,3267,True,False,False,False,55.5
9378307592,35,Masculino,Miami,Muy Alto,6,64.58,No,Sí,Mariscos,Sí,Tarjeta,11012,False,False,False,False,387.48
5938782145,37,Masculino,Miami,Muy Alto,7,40.75,No,Sí,Otro,Sí,Tarjeta,16468,False,False,False,True,285.25
5818875650,57,Masculino,Miami,Alto,6,12.91,Sí,Sí,Vegano,Sí,Efectivo,4651,False,False,False,False,77.46
4870066822,28,Femenino,Miami,Muy Alto,10,107.99,No,Sí,Pescado,Sí,Tarjeta,14965,False,False,False,False,1079.9
8025397565,51,Masculino,Miami,Alto,6,39.73,Sí,Sí,Pescado,No,App,6551,False,False,False,False,238.38
5033992825,63,Femenino,Miami,Muy Alto,7,69.4,Sí,Sí,Carnes,Sí,Efectivo,9732,False,False,False,False,485.8
4057874570,60,Masculino,Miami,Bajo,2,15.63,Sí,Sí,Vegetariano,No,App,1524,False,False,False,False,31.26
5058691146,30,Masculino,Miami,Alto,4,13.86,No,Sí,Mariscos,Sí,Tarjeta,3991,False,False,False,False,55.44
8598756420,44,Masculino,Miami,Alto,5,67.33,No,Sí,Vegetariano,Sí,Efectivo,7855,False,False,False,False,336.65
6719731089,41,Femenino,Miami,Muy Alto,6,93.07,No,No,Pescado,Sí,Efectivo,10973,False,False,False,False,558.42
9288326503,32,Femenino,Miami,Medio,5,30.71,Sí,Sí,Pescado,No,Efectivo,2384,False,False,False,False,153.55
2171149129,38,Femenino,Miami,Muy Alto,10,10.33,Sí,No,Vegetariano,Sí,Efectivo,13893,False,False,False,False,103.3
9142314106,35,Femenino,Miami,Muy Alto,7,62.92,No,No,Otro,Sí,App,14143,False,False,False,False,440.44
2901356014,71,Femenino,Miami,Bajo,2,10.44,No,Sí,Otro,No,Tarjeta,864,False,False,False,False,20.88
2227831126,70,Masculino,Miami,Bajo,2,15.77,No,No,Mariscos,No,Tarjeta,891,False,False,False,False,31.54
6818005837,39,Masculino,Miami,Alto,4,33.63,Sí,Sí,Vegano,Sí,Efectivo,5882,False,False,False,False,134.52
9195836142,67,Femenino,Miami,Muy Alto,9,63.14,Sí,Sí,Mariscos,No,Tarjeta,9994,False,False,False,False,568.26
4208964711,66,Masculino,Miami,Bajo,1,23.42,Sí,No,Mariscos,No,Efectivo,1067,False,False,False,False,23.42
5681572667,38,Masculino,Miami,Medio,4,38.44,Sí,Sí,Carnes,No,Tarjeta,2494,False,False,False,False,153.76
2050962243,78,Femenino,Miami,Medio,4,30.55,Sí,No,Vegetariano,No,Efectivo,2229,False,False,False,False,122.2
4419410162,68,Femenino,Miami,Alto,6,44.07,Sí,No,Mariscos,No,Efectivo,5906,False,False,False,False,264.42
1022186498,73,Femenino,Miami,Alto,4,54.0,Sí,No,Otro,No,Tarjeta,4393,False,False,False,False,216.0
5202070490,74,Masculino,Miami,Medio,2,22.0,Sí,No,Otro,No,App,2760,False,False,False,False,44.0
2906581116,41,Masculino,Miami,Medio,3,31.82,No,Sí,Vegano,No,Tarjeta,2873,True,False,False,False,95.46
9240638854,78,Femenino,Miami,Alto,5,31.16,Sí,Sí,Vegetariano,Sí,Tarjeta,6421,False,False,False,False,155.8
3895669515,64,Masculino,Miami,Alto,6,12.64,No,No,Carnes,Sí,App,5788,False,False,False,False,75.84
1280794323,71,Masculino,Miami,Bajo,3,20.77,Sí,Sí,Vegetariano,No,Efectivo,1346,False,False,False,False,62.31
5549876791,34,Femenino,Miami,Muy Alto,9,21.37,No,Sí,Vegetariano,Sí,Efectivo,14459,False,False,False,False,192.33
8866095200,34,Femenino,Miami,Medio,2,14.61,No,No,Pescado,No,App,2814,False,False,False,False,29.22
5058657572,23,Masculino,Miami,Medio,3,29.7,No,Sí,Carnes,No,Tarjeta,2189,False,False,False,False,89.1
5810034727,32,Masculino,Miami,Muy Alto,9,100.31,Sí,No,Otro,Sí,Efectivo,12777,False,False,False,False,902.79
6934826422,21,Masculino,Miami,Alto,5,11.49,Sí,Sí,Vegano,Sí,App,8415,False,False,False,False,57.45
6624414748,67,Femenino,Miami,Muy Alto,6,13.82,Sí,No,Vegano,Sí,Tarjeta,17913,False,False,False,False,82.92
9083623565,43,Masculino,Miami,Muy Alto,8,37.25,No,Sí,Mariscos,No,App,13462,False,False,False,False,298.0
8496676691,41,Masculino,Miami,Medio,5,25.18,Sí,Sí,Otro,Sí,Tarjeta,2687,False,False,False,True,125.9
2692815076,63,Femenino,Miami,Muy Alto,9,117.03,Sí,Sí,Otro,Sí,Efectivo,9242,False,False,False,True,1053.27
6973965856,67,Masculino,Miami,Alto,5,43.93,No,Sí,Mariscos,Sí,Tarjeta,6811,False,False,False,False,219.65
8840855632,19,Masculino,Miami,Muy Alto,8,18.78,Sí,Sí,Vegetariano,No,App,10715,False,False,False,False,150.24
1336196998,29,Masculino,Miami,Medio,3,20.53,No,Sí,Otro,Sí,Efectivo,2983,True,False,False,False,61.59
4572354209,77,Masculino,Miami,Alto,4,55.96,No,No,Mariscos,Sí,App,3880,False,False,False,False,223.84
9608766220,69,Femenino,Miami,Muy Alto,5,24.73,Sí,No,Mariscos,Sí,App,14073,False,False,False,False,123.65
2109138446,76,Femenino,Miami,Medio,2,29.35,No,No,Mariscos,No,Efectivo,3035,False,False,False,False,58.7
1800181889,38,Femenino,Miami,Medio,2,14.2,No,No,Vegetariano,No,Tarjeta,2572,False,False,False,False,28.4
7027153899,69,Masculino,Miami,Medio,3,18.95,Sí,No,Vegetariano,No,Efectivo,2817,False,False,False,False,56.85
9208637169,32,Femenino,Miami,Alto,6,23.31,No,Sí,Vegetariano,No,Efectivo,7111,False,False,False,False,139.86
2862377004,60,Masculino,Miami,Muy Alto,8,105.56,No,No,Mariscos,Sí,App,10046,False,False,False,False,844.48
4981177467,63,Femenino,Miami,Medio,5,26.27,No,Sí,Mariscos,No,App,3385,False,False,False,False,131.35
3849232839,42,Femenino,Miami,Muy Alto,7,121.86,No,Sí,Carnes,Sí,Efectivo,14703,False,False,False,False,853.02
2694799285,68,Femenino,Miami,Alto,5,18.97,Sí,Sí,Vegetariano,Sí,App,8930,False,False,False,False,94.85
4921105973,46,Femenino,Miami,Bajo,0,0.0,Sí,No,Otro,No,Efectivo,1369,False,False,False,False,0.0
9395294304,41,Masculino,Miami,Alto,6,31.64,Sí,Sí,Carnes,No,App,8996,False,False,False,False,189.84
2591900673,31,Femenino,Miami,Bajo,0,0.0,Sí,Sí,Vegano,No,Efectivo,1039,False,False,False,False,0.0
5629771670,72,Femenino,Miami,Medio,2,24.58,Sí,Sí,Carnes,No,App,1624,False,False,False,False,49.16
8732513100,33,Masculino,Miami,Alto,4,32.22,Sí,Sí,Mariscos,Sí,App,4084,False,False,False,False,128.88
5614547234,58,Masculino,Miami,Medio,4,32.54,No,No,Otro,No,Efectivo,2270,False,False,False,False,130.16
7209557309,44,Masculino,Miami,Alto,5,35.14,No,Sí,Vegano,No,Tarjeta,7041,False,False,False,False,175.7
2346827425,31,Femenino,Miami,Muy Alto,6,95.72,Sí,Sí,Otro,Sí,Tarjeta,17273,False,False,False,True,574.32
1748321690,73,Femenino,Miami,Bajo,3,14.86,No,No,Carnes,No,App,1163,False,False,False,False,44.58
8013659894,39,Femenino,Miami,Alto,6,59.37,Sí,No,Mariscos,No,Tarjeta,8174,False,False,False,False,356.22
4226214422,35,Masculino,Miami,Medio,3,35.94,No,No,Vegetariano,No,App,2225,False,False,False,False,107.82
8650676663,62,Masculino,Miami,Alto,6,32.7,Sí,No,Pescado,Sí,App,7928,False,False,False,False,196.2
1975965655,28,Masculino,Miami,Alto,4,46.29,No,Sí,Pescado,Sí,Tarjeta,7062,False,False,False,False,185.16
6867830047,46,Masculino,Miami,Medio,3,19.99,No,No,Mariscos,No,Tarjeta,1851,False,False,False,False,59.97
6881662609,75,Femenino,Miami,Medio,3,17.29,No,Sí,Vegano,No,Tarjeta,2685,False,False,False,False,51.87
1195472006,80,Masculino,Miami,Alto,5,10.0,No,No,Pescado,Sí,Efectivo,5217,False,False,False,False,50.0
1702587538,54,Masculino,Miami,Muy Alto,10,27.71,No,No,Carnes,Sí,Tarjeta,9644,False,False,False,False,277.1
9949129300,67,Masculino,Miami,Muy Alto,8,95.95,Sí,Sí,Otro,Sí,Tarjeta,16537,False,False,False,True,767.6
1752281823,80,Masculino,Miami,Alto,4,33.32,Sí,Sí,Mariscos,Sí,Tarjeta,7210,False,False,False,False,133.28
1208348074,27,Masculino,Miami,Alto,6,34.53,Sí,Sí,Vegetariano,Sí,App,5949,False,False,False,False,207.18
3061654994,54,Masculino,Miami,Alto,6,41.72,No,No,Mariscos,Sí,Efectivo,8227,False,False,False,False,250.32
6053628262,30,Masculino,Miami,Medio,3,26.37,Sí,Sí,Pescado,No,Tarjeta,2189,False,False,False,False,79.11
8858766173,39,Femenino,Miami,Bajo,1,21.26,Sí,Sí,Otro,No,App,1392,False,False,False,False,21.26
3532607624,64,Masculino,Miami,Medio,3,21.95,No,No,Vegano,No,App,2076,False,False,False,False,65.85
9927495769,39,Femenino,Miami,Bajo,1,14.11,No,No,Carnes,No,Efectivo,1598,False,False,False,False,14.11
1469578750,72,Femenino,Miami,Alto,5,65.44,No,Sí,Mariscos,No,App,6055,True,False,False,False,327.2
5539535006,77,Masculino,Miami,Alto,5,47.21,Sí,No,Vegetariano,No,Efectivo,7456,False,False,False,False,236.05
3977880339,31,Masculino,Miami,Muy Alto,10,79.78,Sí,Sí,Otro,Sí,App,16416,False,False,False,False,797.8
9427279074,19,Femenino,Miami,Medio,5,21.78,Sí,No,Vegano,No,Tarjeta,2333,False,False,False,False,108.9
5850373808,26,Femenino,Miami,Medio,2,10.76,Sí,Sí,Vegetariano,Sí,Tarjeta,3107,False,False,False,False,21.52
5214501853,31,Masculino,Miami,Muy Alto,5,97.61,No,Sí,Vegetariano,Sí,Tarjeta,14795,False,False,False,False,488.05
1088827448,30,Masculino,Miami,Alto,5,17.44,No,Sí,Mariscos,No,Tarjeta,6940,False,False,False,False,87.2
8749951970,65,Femenino,Miami,Muy Alto,9,127.05,Sí,No,Vegetariano,Sí,App,15002,False,False,False,False,1143.45
7508522951,55,Masculino,Miami,Alto,6,40.22,No,Sí,Vegetariano,No,Efectivo,5603,False,False,False,False,241.32
1971134499,41,Masculino,Miami,Bajo,2,18.17,No,Sí,Vegetariano,No,Tarjeta,1449,False,False,False,False,36.34
8514580698,20,Masculino,Miami,Bajo,1,22.42,Sí,Sí,Mariscos,No,Efectivo,1093,False,False,False,False,22.42
5097855592,45,Masculino,Miami,Alto,5,54.53,No,No,Vegetariano,Sí,Efectivo,4996,False,False,False,False,272.65
2454045796,78,Femenino,Miami,Medio,3,11.27,Sí,No,Vegetariano,No,Tarjeta,2237,False,False,False,False,33.81
3114466913,66,Masculino,Miami,Alto,6,13.51,Sí,Sí,Mariscos,Sí,Tarjeta,8692,False,False,False,False,81.06
3828316958,67,Masculino,Miami,Alto,6,51.95,Sí,No,Pescado,No,Tarjeta,6432,False,False,False,False,311.7
4977007624,51,Femenino,Miami,Medio,5,12.85,Sí,Sí,Carnes,Sí,Tarjeta,3370,False,False,False,False,64.25
8684942020,52,Femenino,Miami,Medio,2,32.27,Sí,Sí,Vegetariano,Sí,Efectivo,1659,False,False,False,False,64.54
5677334850,20,Masculino,Miami,Medio,3,22.76,Sí,Sí,Mariscos,No,Tarjeta,1788,True,False,False,False,68.28
7106736032,62,Masculino,Miami,Alto,4,22.5,Sí,Sí,Vegetariano,Sí,Criptomoneda,3525,False,False,False,False,90.0
1366785845,65,Masculino,Miami,Medio,5,25.98,Sí,Sí,Otro,No,Tarjeta,3391,False,False,False,True,129.9
6092830938,31,Femenino,Miami,Alto,5,53.42,Sí,Sí,Mariscos,Sí,Tarjeta,3518,True,False,False,False,267.1
5752893197,41,Masculino,Miami,Bajo,3,22.27,No,Sí,Pescado,No,Efectivo,1269,False,False,False,False,66.81
9242543576,38,Femenino,Miami,Muy Alto,6,23.78,Sí,Sí,Vegetariano,Sí,Efectivo,17194,False,False,False,False,142.68
1514377117,46,Femenino,Miami,Muy Alto,5,96.46,No,No,Carnes,Sí,Efectivo,16467,False,False,False,False,482.3
9017114985,46,Masculino,Miami,Alto,5,54.11,Sí,No,Otro,Sí,Efectivo,5832,False,False,False,True,270.55
6976717911,47,Femenino,Miami,Bajo,2,13.04,No,Sí,Mariscos,No,Efectivo,1225,False,False,False,False,26.08
9521148409,44,Masculino,Miami,Medio,2,38.82,No,No,Carnes,No,Tarjeta,3354,False,False,False,False,77.64
3113370001,76,Femenino,Miami,Alto,5,58.38,Sí,Sí,Vegetariano,Sí,Efectivo,6580,False,False,False,False,291.9
8336289649,74,Masculino,Miami,Alto,4,39.68,Sí,No,Mariscos,Sí,App,7855,False,False,False,False,158.72
4172006012,57,Masculino,Miami,Muy Alto,5,56.95,Sí,Sí,Vegano,Sí,Tarjeta,14711,False,False,False,False,284.75
1600065161,39,Femenino,Miami,Medio,4,12.69,Sí,No,Vegetariano,No,Efectivo,2112,False,False,False,False,50.76
1079717022,26,Femenino,Miami,Alto,6,14.68,No,Sí,Vegano,Sí,Criptomoneda,6714,False,False,False,False,88.08
2753617371,74,Femenino,Miami,Medio,3,17.04,Sí,No,Otro,No,Tarjeta,1681,False,False,False,False,51.12
5551699520,69,Femenino,Miami,Alto,5,36.71,Sí,Sí,Mariscos,No,Efectivo,4645,False,False,False,False,183.55
5106748068,39,Masculino,Miami,Muy Alto,8,71.03,No,Sí,Vegetariano,Sí,App,12641,False,False,False,False,568.24
2218532635,26,Femenino,Miami,Alto,6,49.86,No,No,Pescado,No,App,5680,False,False,False,False,299.16
8566196880,66,Masculino,Miami,Alto,6,68.19,Sí,No,Carnes,Sí,Efectivo,8716,False,False,False,False,409.14
5268041890,69,Femenino,Miami,Bajo,3,15.28,Sí,No,Mariscos,No,Tarjeta,925,False,False,False,False,45.84
5659925490,27,Masculino,Miami,Alto,5,65.14,No,Sí,Otro,Sí,App,8329,False,False,False,False,325.7
1430388763,53,Femenino,Miami,Alto,4,35.46,Sí,Sí,Mariscos,Sí,Efectivo,6333,False,False,False,False,141.84
2480526205,44,Masculino,Miami,Alto,5,23.12,No,Sí,Vegano,Sí,Efectivo,8755,False,False,False,False,115.6
5990212370,55,Femenino,Miami,Muy Alto,8,119.57,No,Sí,Mariscos,Sí,App,17998,False,False,False,False,956.56
5521538461,58,Masculino,Miami,Medio,4,18.23,No,Sí,Vegetariano,No,Tarjeta,2924,False,False,False,False,72.92
7864120631,20,Masculino,Miami,Muy Alto,7,112.61,No,No,Mariscos,Sí,Efectivo,12358,True,False,False,False,788.27
5344704318,62,Masculino,Miami,Medio,2,18.9,Sí,Sí,Carnes,No,Efectivo,3014,False,False,False,False,37.8
2949669930,62,Femenino,Miami,Muy Alto,9,88.26,No,No,Mariscos,Sí,Tarjeta,11314,False,False,False,False,794.34
9491476845,74,Femenino,Miami,Bajo,0,0.0,No,No,Vegetariano,No,Efectivo,1491,False,False,False,False,0.0
4249636465,27,Masculino,Miami,Bajo,3,22.24,No,Sí,Otro,No,Efectivo,1058,False,False,False,False,66.72
9432070587,30,Femenino,Miami,Medio,4,15.67,No,Sí,Vegetariano,No,Efectivo,3154,False,False,False,False,62.68
8064680005,54,Masculino,Miami,Bajo,3,10.52,Sí,No,Mariscos,No,App,1353,False,False,False,False,31.56
3759599591,57,Masculino,Miami,Alto,6,49.75,No,Sí,Vegano,No,App,4617,False,False,False,False,298.5
3823183374,29,Femenino,Miami,Bajo,2,24.6,No,Sí,Mariscos,No,Efectivo,1593,True,False,False,False,49.2
1456296544,78,Masculino,Miami,Muy Alto,9,13.83,Sí,Sí,Vegano,Sí,Tarjeta,15282,False,False,False,False,124.47
3340023500,21,Femenino,Miami,Alto,4,37.35,No,Sí,Vegetariano,Sí,Tarjeta,8686,False,False,False,False,149.4
2653164154,19,Masculino,Miami,Alto,5,61.53,Sí,Sí,Mariscos,Sí,Tarjeta,4283,False,False,False,False,307.65
3994230771,36,Femenino,Miami,Muy Alto,5,116.4,No,No,Vegano,Sí,Efectivo,15694,False,False,False,False,582.0
9983559964,64,Masculino,Miami,Alto,5,23.53,No,Sí,Carnes,Sí,Efectivo,4930,False,False,False,False,117.65
1093852809,25,Masculino,Miami,Muy Alto,7,106.72,Sí,Sí,Mariscos,Sí,Efectivo,12522,False,False,False,False,747.04
2117369169,51,Femenino,Miami,Alto,4,26.4,Sí,No,Mariscos,Sí,Efectivo,5780,False,False,False,False,105.6
5984518021,54,Masculino,Miami,Alto,5,46.94,Sí,Sí,Vegetariano,Sí,Tarjeta,4880,False,False,False,False,234.7
1930932228,20,Masculino,Miami,Muy Alto,7,18.75,Sí,Sí,Mariscos,Sí,Efectivo,15913,True,False,False,False,131.25
7815806825,55,Masculino,Miami,Alto,6,18.24,Sí,No,Mariscos,Sí,Tarjeta,6107,False,False,False,False,109.44
8445866403,71,Masculino,Miami,Muy Alto,5,124.5,No,Sí,Mariscos,Sí,Efectivo,14560,False,False,False,False,622.5
6488274284,40,Femenino,Miami,Medio,3,33.42,Sí,No,Pescado,No,Efectivo,3182,True,False,False,False,100.26
9098758047,36,Masculino,Miami,Medio,2,13.09,No,No,Vegetariano,No,Tarjeta,3244,False,False,False,False,26.18
7433122359,28,Femenino,Miami,Alto,6,65.68,No,Sí,Otro,Sí,Efectivo,5975,False,False,False,False,394.08
7399912515,30,Masculino,Miami,Alto,5,65.74,No,Sí,Vegano,Sí,App,6109,False,False,False,False,328.7
4177079435,30,Femenino,Miami,Alto,4,15.36,No,Sí,Vegano,Sí,Efectivo,6695,False,False,False,False,61.44
9950008638,31,Masculino,Miami,Alto,4,41.18,Sí,No,Vegano,No,Tarjeta,4040,False,False,False,False,164.72
4559147983,75,Femenino,Miami,Alto,6,26.11,No,No,Carnes,No,Tarjeta,5809,False,False,False,False,156.66
5878596419,66,Masculino,Miami,Medio,4,31.43,Sí,Sí,Vegetariano,No,Tarjeta,1955,False,False,False,False,125.72
4237798212,57,Masculino,Miami,Alto,6,60.73,Sí,No,Otro,No,Tarjeta,3845,False,False,False,False,364.38
7959370834,44,Masculino,Miami,Alto,5,35.04,Sí,No,Otro,Sí,Efectivo,6353,False,False,False,True,175.2
5631337741,55,Masculino,Miami,Alto,4,17.69,Sí,No,Vegetariano,Sí,Efectivo,5751,False,False,False,False,70.76
5632535223,22,Femenino,Miami,Medio,2,10.63,No,Sí,Carnes,No,Tarjeta,3025,False,False,False,False,21.26
7693756753,57,Femenino,Miami,Medio,4,10.71,No,Sí,Carnes,No,App,1781,False,False,False,False,42.84
4055178919,34,Femenino,Miami,Medio,2,32.84,No,Sí,Pescado,No,Efectivo,2590,False,False,False,False,65.68
1850781136,49,Masculino,Miami,Alto,5,43.71,No,No,Mariscos,No,Tarjeta,5506,False,False,False,False,218.55
2696949342,31,Masculino,Miami,Alto,6,39.59,Sí,Sí,Carnes,Sí,Tarjeta,5724,False,False,False,False,237.54
4134097127,49,Masculino,Miami,Alto,6,37.49,Sí,No,Mariscos,No,App,4738,False,False,False,False,224.94
8982597239,35,Masculino,Miami,Muy Alto,6,70.97,No,No,Mariscos,Sí,Tarjeta,14549,False,False,False,False,425.82
4639533288,72,Femenino,Miami,Alto,6,46.94,No,Sí,Mariscos,Sí,Efectivo,6429,False,False,False,False,281.64
4178505223,62,Femenino,Miami,Alto,5,33.09,No,No,Otro,Sí,App,5956,False,False,False,True,165.45
1798112150,66,Masculino,Miami,Medio,2,34.67,No,Sí,Pescado,No,Tarjeta,2617,False,False,False,False,69.34
8842106019,49,Masculino,Miami,Medio,3,20.56,Sí,Sí,Mariscos,No,Tarjeta,2456,False,False,False,False,61.68
2484881486,38,Femenino,Miami,Muy Alto,7,98.95,No,Sí,Carnes,Sí,App,15975,True,False,False,False,692.65
5928927925,73,Masculino,Miami,Bajo,2,18.2,No,Sí,Vegetariano,No,App,909,True,False,False,False,36.4
4662861038,18,Masculino,Miami,Bajo,1,15.62,No,Sí,Vegano,No,App,1195,False,False,False,False,15.62
7100449113,33,Femenino,Miami,Alto,5,49.56,Sí,No,Vegetariano,Sí,Efectivo,4104,False,False,False,False,247.8
7116630700,54,Femenino,Miami,Medio,5,39.29,No,Sí,Mariscos,No,App,3437,False,False,False,False,196.45
5935846979,76,Femenino,Miami,Alto,4,31.59,Sí,No,Carnes,Sí,App,4005,False,False,False,False,126.36
2287051540,24,Femenino,Miami,Alto,4,64.64,No,Sí,Mariscos,Sí,App,8510,False,False,False,False,258.56
8896103725,30,Femenino,Miami,Bajo,3,20.5,No,Sí,Pescado,No,App,1416,False,False,False,False,61.5
5239242237,23,Masculino,Miami,Muy Alto,7,74.7,Sí,Sí,Vegano,Sí,Tarjeta,16382,False,False,False,False,522.9
9021796781,58,Masculino,Miami,Alto,5,51.79,Sí,Sí,Pescado,No,Efectivo,4153,False,False,False,False,258.95
8370987661,40,Masculino,Miami,Medio,3,15.1,No,No,Otro,No,Efectivo,1908,False,False,False,False,45.3
8839710218,56,Femenino,Miami,Muy Alto,6,42.02,Sí,No,Vegetariano,Sí,Tarjeta,16254,False,False,False,False,252.12
6496933442,73,Femenino,Miami,Bajo,0,0.0,No,No,Carnes,No,Tarjeta,1091,False,False,False,False,0.0
3586943343,49,Masculino,Miami,Medio,4,32.37,Sí,No,Vegetariano,No,App,2103,False,False,False,False,129.48
8917466549,79,Femenino,Miami,Alto,5,59.04,Sí,Sí,Otro,Sí,App,4595,False,False,False,False,295.2
7479731990,31,Femenino,Miami,Alto,4,16.33,Sí,No,Vegetariano,Sí,App,6769,False,False,False,False,65.32
5535377233,26,Masculino,Miami,Muy Alto,6,96.05,Sí,Sí,Otro,Sí,Tarjeta,16381,False,False,False,False,576.3
7094164128,22,Masculino,Miami,Alto,5,58.79,Sí,Sí,Otro,Sí,Efectivo,5272,False,False,False,False,293.95
7816548350,79,Masculino,Miami,Medio,2,17.57,No,No,Carnes,No,App,2558,False,False,False,False,35.14
1929916407,33,Masculino,Miami,Bajo,3,18.77,No,Sí,Otro,No,Efectivo,852,False,False,False,False,56.31
3715308155,34,Masculino,Miami,Alto,5,36.59,No,Sí,Pescado,Sí,Efectivo,6206,False,False,False,False,182.95
9153058633,18,Femenino,Miami,Alto,6,52.12,No,Sí,Vegetariano,No,App,4102,False,False,False,False,312.72
4498701485,37,Masculino,Miami,Bajo,1,18.12,No,No,Mariscos,No,Efectivo,866,False,False,False,False,18.12
6417443078,28,Femenino,Miami,Muy Alto,7,18.5,No,Sí,Otro,Sí,Tarjeta,15013,True,False,False,False,129.5
7870011337,48,Femenino,Miami,Medio,3,27.16,Sí,No,Vegano,No,Tarjeta,2801,False,False,False,False,81.48
9292058364,25,Femenino,Miami,Medio,4,38.82,Sí,No,Vegetariano,No,Tarjeta,3413,False,False,False,False,155.28
2461719208,18,Masculino,Miami,Muy Alto,10,46.04,Sí,Sí,Carnes,Sí,App,9198,False,False,False,False,460.4
9714459963,22,Femenino,Miami,Medio,4,16.79,No,Sí,Vegetariano,No,Tarjeta,3049,False,False,False,False,67.16
5101563203,79,Femenino,Miami,Alto,5,64.15,No,No,Vegetariano,Sí,App,7890,False,False,False,False,320.75
5436499197,44,Masculino,Miami,Medio,4,38.68,No,Sí,Carnes,No,Efectivo,2088,False,False,False,False,154.72
9366705563,26,Femenino,Miami,Alto,6,15.26,Sí,No,Carnes,Sí,Efectivo,7875,False,False,False,False,91.56
1440866732,33,Femenino,Miami,Bajo,2,19.44,Sí,No,Otro,No,Tarjeta,901,False,False,False,True,38.88
7333576356,76,Femenino,Miami,Muy Alto,10,74.04,Sí,No,Carnes,Sí,Efectivo,17881,False,False,False,False,740.4
9121739999,59,Masculino,Miami,Alto,6,54.78,Sí,Sí,Vegano,No,Efectivo,7730,False,False,False,False,328.68
7687229393,26,Masculino,Miami,Medio,2,27.54,No,Sí,Otro,No,App,2612,False,False,False,False,55.08
6495967005,57,Masculino,Miami,Medio,3,30.94,No,Sí,Mariscos,No,App,2351,False,False,False,False,92.82
2655546199,55,Femenino,Miami,Muy Alto,5,41.73,Sí,Sí,Carnes,Sí,Tarjeta,14471,False,False,False,False,208.65
3764474604,77,Masculino,Miami,Medio,5,14.19,No,Sí,Mariscos,No,Tarjeta,2187,False,False,False,False,70.95
6561958313,63,Femenino,Miami,Alto,5,31.8,Sí,Sí,Carnes,No,App,7020,False,False,False,False,159.0
2854915879,51,Femenino,Miami,Alto,6,53.31,No,Sí,Vegetariano,Sí,Efectivo,5165,False,False,False,False,319.86
7241219521,62,Masculino,Miami,Muy Alto,7,103.23,No,Sí,Mariscos,Sí,Efectivo,11911,False,False,False,False,722.61
4503524507,72,Femenino,Miami,Medio,5,40.0,Sí,No,Vegano,No,App,3255,False,False,False,False,200.0
5912547369,51,Femenino,Miami,Alto,5,14.62,No,No,Carnes,No,App,7819,False,False,False,False,73.1
1988336985,28,Femenino,Miami,Medio,4,11.2,Sí,Sí,Vegano,Sí,Tarjeta,1660,False,False,False,False,44.8
2142107020,43,Femenino,Miami,Alto,5,23.61,Sí,Sí,Pescado,Sí,Efectivo,8203,False,False,False,False,118.05
1110724913,49,Masculino,Miami,Medio,4,33.47,Sí,Sí,Mariscos,Sí,Tarjeta,2043,False,False,False,False,133.88
8575501582,55,Masculino,Miami,Bajo,2,15.13,Sí,Sí,Carnes,No,Efectivo,974,False,False,False,False,30.26
2608865821,47,Femenino,Miami,Muy Alto,7,94.22,Sí,Sí,Mariscos,Sí,Efectivo,14952,False,False,False,False,659.54
8557717405,60,Femenino,Miami,Medio,2,24.57,No,No,Otro,No,App,2649,False,False,False,True,49.14
1930272836,76,Femenino,Miami,Bajo,1,14.84,No,No,Otro,No,App,821,False,False,False,True,14.84
8066167622,27,Masculino,Miami,Bajo,0,0.0,Sí,Sí,Mariscos,No,Criptomoneda,930,False,False,False,False,0.0
7576117754,45,Femenino,Miami,Alto,5,54.2,Sí,Sí,Pescado,Sí,Efectivo,3889,False,False,False,False,271.0
3462724281,44,Masculino,Miami,Muy Alto,10,54.2,Sí,No,Mariscos,Sí,Tarjeta,15100,False,False,False,False,542.0
7207948161,28,Femenino,Miami,Alto,5,67.52,No,Sí,Mariscos,Sí,App,6615,False,False,False,False,337.6
4388025609,31,Masculino,Miami,Alto,6,38.53,Sí,No,Pescado,Sí,Criptomoneda,3782,False,False,False,False,231.18
9240100479,37,Masculino,Miami,Alto,4,55.53,Sí,Sí,Carnes,Sí,Efectivo,6152,False,False,False,False,222.12
7368673650,46,Masculino,Miami,Alto,4,53.07,No,No,Mariscos,No,Tarjeta,7093,False,False,False,False,212.28
9552198148,79,Femenino,Miami,Alto,5,17.33,Sí,No,Vegetariano,No,App,8669,False,False,False,False,86.65
4085641527,63,Femenino,Miami,Medio,4,32.11,No,No,Carnes,No,Efectivo,2038,False,False,False,False,128.44
6567419554,19,Masculino,Miami,Muy Alto,9,21.42,No,Sí,Vegetariano,Sí,Efectivo,17580,False,False,False,False,192.78
5578055336,26,Femenino,Miami,Alto,6,35.76,No,Sí,Mariscos,Sí,Tarjeta,6174,False,False,False,False,214.56
6216690151,56,Masculino,Miami,Alto,5,11.23,Sí,No,Vegetariano,Sí,Tarjeta,5478,False,False,False,False,56.15
2521998002,69,Femenino,Miami,Medio,2,13.99,Sí,Sí,Otro,No,App,2425,False,False,False,False,27.98
8282124062,76,Femenino,Miami,Muy Alto,7,112.83,No,No,Carnes,Sí,Tarjeta,12075,False,False,False,False,789.81
8734256506,25,Masculino,Miami,Bajo,2,14.45,No,Sí,Carnes,No,App,1595,False,False,False,False,28.9
6302015913,47,Masculino,Miami,Bajo,2,11.71,No,Sí,Pescado,No,Efectivo,1031,True,False,False,False,23.42
1489508997,78,Masculino,Miami,Medio,3,12.49,No,No,Vegano,No,Tarjeta,3037,False,False,False,False,37.47
4228059488,75,Femenino,Miami,Bajo,0,0.0,Sí,Sí,Mariscos,No,App,1571,False,False,False,False,0.0
8157167779,53,Femenino,Miami,Muy Alto,7,16.51,No,No,Pescado,Sí,Tarjeta,13621,False,False,False,False,115.57
9210786610,22,Femenino,Miami,Muy Alto,10,98.89,No,Sí,Mariscos,Sí,Efectivo,17899,False,False,False,False,988.9
4759295266,75,Femenino,Miami,Muy Alto,7,117.38,No,Sí,Vegetariano,Sí,Tarjeta,12989,False,False,False,False,821.66
2542943951,79,Femenino,Miami,Muy Alto,8,65.71,No,No,Vegano,Sí,App,10644,False,False,False,False,525.68
5557202847,51,Femenino,Miami,Alto,4,57.97,Sí,Sí,Vegetariano,Sí,App,8813,False,False,False,False,231.88
6941688652,44,Femenino,Miami,Medio,3,37.13,Sí,Sí,Vegetariano,Sí,Efectivo,1605,True,False,False,False,111.39
4299731884,71,Masculino,Miami,Muy Alto,5,31.6,No,Sí,Mariscos,Sí,Tarjeta,14867,False,False,False,False,158.0
2993960210,35,Masculino,Miami,Bajo,0,0.0,No,No,Vegetariano,No,App,1399,False,False,False,False,0.0
9918692345,33,Femenino,Miami,Muy Alto,7,66.32,No,No,Pescado,Sí,App,10000,True,False,False,False,464.24
8821250584,44,Masculino,Miami,Alto,4,21.52,No,No,Carnes,Sí,App,6555,False,False,False,False,86.08
1313441038,36,Femenino,Miami,Alto,5,44.79,Sí,No,Vegetariano,Sí,Tarjeta,7415,False,False,False,False,223.95
1777378811,55,Femenino,Miami,Medio,3,12.81,Sí,Sí,Carnes,No,Tarjeta,2442,False,False,False,False,38.43
3765414165,57,Masculino,Miami,Bajo,3,10.49,No,Sí,Carnes,No,Efectivo,1500,False,False,False,False,31.47
7067648660,48,Femenino,Miami,Alto,5,24.67,No,No,Carnes,Sí,Efectivo,5584,False,False,False,False,123.35
2530802149,27,Femenino,Miami,Muy Alto,9,116.16,No,Sí,Pescado,Sí,App,13452,False,False,False,False,1045.44
5806544941,21,Femenino,Miami,Alto,5,31.43,No,Sí,Vegetariano,Sí,Tarjeta,3672,False,False,False,False,157.15
1756187935,23,Femenino,Miami,Muy Alto,5,25.66,No,Sí,Mariscos,Sí,Efectivo,15960,False,False,False,False,128.3
2738191271,21,Femenino,Miami,Muy Alto,5,82.37,Sí,Sí,Carnes,Sí,App,16680,False,False,False,False,411.85
9703044549,27,Femenino,Miami,Alto,4,35.46,No,Sí,Vegetariano,No,Tarjeta,8549,False,False,False,False,141.84
7711410370,30,Femenino,Miami,Alto,5,57.57,Sí,Sí,Vegano,No,App,7651,False,False,False,False,287.85
4637035233,76,Masculino,Miami,Muy Alto,5,123.64,Sí,No,Vegetariano,Sí,Tarjeta,12566,False,False,False,False,618.2
9274189261,27,Femenino,Miami,Bajo,3,15.52,No,Sí,Vegetariano,No,Efectivo,811,False,False,False,False,46.56
9135754389,54,Masculino,Miami,Alto,6,15.97,Sí,Sí,Mariscos,No,Tarjeta,3684,False,False,False,False,95.82
8935150858,64,Masculino,Miami,Bajo,3,12.06,No,Sí,Mariscos,No,Tarjeta,911,False,False,False,False,36.18
6588965071,63,Femenino,Miami,Alto,5,50.07,Sí,No,Vegetariano,No,App,8424,False,False,False,False,250.35
7074150560,74,Femenino,Miami,Alto,4,38.45,No,No,Vegetariano,No,App,4222,False,False,False,False,153.8
4517392796,78,Femenino,Miami,Alto,4,18.58,Sí,No,Carnes,Sí,Tarjeta,8770,False,False,False,False,74.32
3875269437,33,Femenino,Miami,Medio,4,37.33,No,Sí,Pescado,No,App,2536,False,False,False,False,149.32
6460395386,62,Femenino,Miami,Bajo,3,13.41,No,Sí,Vegano,No,App,1264,False,False,False,False,40.23
6651754819,69,Masculino,Miami,Muy Alto,9,47.27,Sí,Sí,Otro,Sí,App,17241,False,False,False,True,425.43
8340694032,54,Masculino,Miami,Bajo,2,19.09,No,No,Vegano,No,Efectivo,1598,False,False,False,False,38.18
6746324509,18,Femenino,Miami,Alto,5,60.76,Sí,No,Mariscos,Sí,App,5650,False,False,False,False,303.8
5291841958,77,Femenino,Miami,Muy Alto,5,91.95,No,No,Mariscos,Sí,Tarjeta,15436,False,False,False,False,459.75
5426102524,30,Masculino,Miami,Bajo,1,13.43,Sí,Sí,Vegano,No,Tarjeta,1589,False,False,False,False,13.43
6210643111,38,Femenino,Miami,Muy Alto,7,22.83,Sí,No,Carnes,Sí,Efectivo,16291,False,False,False,False,159.81
8065900580,47,Masculino,Miami,Muy Alto,5,75.12,Sí,Sí,Mariscos,Sí,Criptomoneda,12211,False,False,False,False,375.6
2470258460,40,Femenino,Miami,Alto,6,10.84,No,No,Carnes,Sí,App,5224,False,False,False,False,65.04
4872955118,48,Masculino,Miami,Medio,3,18.04,No,No,Vegano,No,Tarjeta,2891,False,False,False,False,54.12
1148474561,64,Masculino,Miami,Alto,4,15.68,Sí,No,Mariscos,Sí,App,7892,False,False,False,False,62.72
5084002840,79,Masculino,Miami,Alto,5,21.71,No,No,Vegano,Sí,Criptomoneda,4454,False,False,False,False,108.55
2458503016,55,Masculino,Miami,Alto,4,12.42,No,Sí,Carnes,Sí,Efectivo,7356,False,False,False,False,49.68
3347125656,55,Femenino,Miami,Alto,6,51.18,No,No,Mariscos,Sí,Tarjeta,4199,False,False,False,False,307.08
7889354624,80,Femenino,Miami,Muy Alto,6,126.58,No,Sí,Otro,Sí,Tarjeta,14598,False,False,False,False,759.48
5058996803,64,Femenino,Miami,Muy Alto,6,120.7,No,No,Mariscos,Sí,Efectivo,15869,False,False,False,False,724.2
7549661883,49,Femenino,Miami,Medio,4,19.37,Sí,Sí,Pescado,No,Efectivo,2594,False,False,False,False,77.48
5428082088,58,Masculino,Miami,Alto,6,23.57,No,Sí,Vegetariano,No,Tarjeta,5058,False,False,False,False,141.42
6186721510,24,Femenino,Miami,Alto,6,37.33,Sí,Sí,Vegetariano,Sí,Tarjeta,4658,False,False,False,False,223.98
6109255798,30,Masculino,Miami,Medio,4,35.57,No,No,Mariscos,No,App,2047,False,False,False,False,142.28
7127731419,50,Masculino,Miami,Muy Alto,10,115.45,No,No,Vegano,Sí,Efectivo,10178,False,False,False,False,1154.5
5567743118,23,Masculino,Miami,Medio,5,31.54,No,Sí,Mariscos,No,Efectivo,1970,False,False,False,False,157.7
9795904272,79,Femenino,Miami,Bajo,3,16.99,Sí,No,Mariscos,No,Tarjeta,1440,False,False,False,False,50.97
8446926412,53,Femenino,Miami,Muy Alto,5,31.52,Sí,Sí,Carnes,Sí,Efectivo,17790,False,False,False,False,157.6
1397363327,80,Femenino,Miami,Muy Alto,7,121.68,Sí,No,Carnes,Sí,Efectivo,15382,False,False,False,False,851.76
5539136501,79,Femenino,Miami,Alto,4,25.11,No,Sí,Vegetariano,Sí,Efectivo,5204,False,False,False,False,100.44
7491585197,38,Femenino,Miami,Bajo,2,19.27,Sí,Sí,Pescado,No,Tarjeta,1155,False,False,False,False,38.54
7476026370,40,Femenino,Miami,Alto,4,38.62,No,Sí,Mariscos,Sí,App,5482,False,False,False,False,154.48
2645272822,36,Femenino,Miami,Alto,5,11.76,No,Sí,Otro,Sí,Efectivo,5351,True,False,False,False,58.8
3610575957,60,Masculino,Miami,Bajo,3,11.83,No,Sí,Vegano,No,Tarjeta,1116,False,False,False,False,35.49
3043541721,72,Femenino,Miami,Alto,4,53.99,Sí,Sí,Vegetariano,Sí,Efectivo,4705,False,False,False,False,215.96
7161946294,35,Masculino,Miami,Bajo,2,11.06,Sí,No,Vegetariano,No,App,1129,True,False,False,False,22.12
9771848610,57,Femenino,Miami,Alto,4,43.08,Sí,Sí,Otro,Sí,Efectivo,6550,False,False,False,False,172.32
5437408165,32,Masculino,Miami,Alto,4,47.12,Sí,No,Mariscos,Sí,Tarjeta,6022,False,False,False,False,188.48
5094929449,75,Femenino,Miami,Muy Alto,7,105.81,No,No,Vegano,Sí,App,12352,True,False,False,False,740.67
2861342732,39,Masculino,Miami,Alto,4,52.69,Sí,Sí,Mariscos,Sí,Efectivo,6770,False,False,False,False,210.76
8254371204,24,Femenino,Miami,Alto,4,38.03,No,Sí,Vegano,Sí,App,8107,False,False,False,False,152.12
6685019591,70,Femenino,Miami,Muy Alto,9,114.4,Sí,No,Vegano,Sí,Efectivo,16003,False,False,False,False,1029.6
1784983542,19,Masculino,Miami,Bajo,2,20.54,No,Sí,Carnes,No,App,1150,True,False,False,False,41.08
9018550283,41,Masculino,Miami,Bajo,1,23.37,No,No,Carnes,No,Tarjeta,1232,False,False,False,False,23.37
7163874305,72,Masculino,Miami,Alto,6,52.43,Sí,No,Vegetariano,Sí,App,8735,False,False,False,False,314.58
2551996954,72,Masculino,Miami,Medio,4,23.47,Sí,Sí,Vegetariano,Sí,App,1682,False,False,False,False,93.88
4348165187,38,Masculino,Miami,Bajo,1,13.98,No,Sí,Mariscos,No,Efectivo,893,False,False,False,False,13.98
2834696845,66,Femenino,Miami,Muy Alto,5,90.68,Sí,Sí,Vegano,Sí,Tarjeta,17420,False,False,False,False,453.4
7157811853,22,Femenino,Miami,Alto,6,21.19,Sí,Sí,Carnes,Sí,App,8977,False,False,False,False,127.14
7070143256,36,Masculino,Miami,Medio,4,33.5,No,No,Mariscos,Sí,Efectivo,1713,False,False,False,False,134.0
9828801599,64,Femenino,Miami,Alto,5,13.26,No,No,Carnes,Sí,Tarjeta,5617,True,False,False,False,66.3
5419208372,21,Masculino,Miami,Muy Alto,5,48.97,No,Sí,Otro,Sí,Tarjeta,10326,False,False,False,True,244.85
4853680336,45,Masculino,Miami,Muy Alto,9,14.76,Sí,No,Carnes,Sí,Efectivo,11500,False,False,False,False,132.84
6677231010,63,Femenino,Miami,Muy Alto,6,117.5,No,No,Mariscos,Sí,Efectivo,11183,False,False,False,False,705.0
5420275358,20,Masculino,Miami,Bajo,2,14.11,Sí,Sí,Mariscos,No,Efectivo,1300,True,False,False,False,28.22
1923900025,74,Masculino,Miami,Muy Alto,5,79.54,Sí,No,Vegetariano,Sí,App,9846,False,False,False,False,397.7
7043036901,26,Femenino,Miami,Alto,4,18.73,No,No,Otro,No,App,6955,False,False,False,True,74.92
7039171850,80,Femenino,Miami,Alto,6,60.97,No,No,Vegetariano,Sí,Tarjeta,6604,False,False,False,False,365.82
1027115821,41,Femenino,Miami,Muy Alto,9,122.51,No,Sí,Carnes,Sí,App,15408,False,False,False,False,1102.59
2698524183,60,Femenino,Miami,Bajo,2,11.63,Sí,Sí,Vegetariano,No,Tarjeta,1077,True,False,False,False,23.26
4684744684,31,Femenino,Miami,Muy Alto,7,43.71,No,No,Otro,Sí,App,17856,False,False,False,False,305.97
8524625316,65,Femenino,Miami,Medio,3,20.58,Sí,Sí,Vegano,Sí,Tarjeta,2766,False,False,False,False,61.74
8602041034,76,Femenino,Miami,Alto,4,66.69,Sí,Sí,Vegetariano,No,App,7645,False,False,False,False,266.76
9453961557,56,Femenino,Miami,Bajo,0,0.0,Sí,Sí,Vegano,No,App,1383,False,False,False,False,0.0
8901267164,60,Masculino,Miami,Alto,4,28.5,Sí,No,Vegetariano,Sí,Efectivo,7531,False,False,False,False,114.0
4558302256,36,Femenino,Miami,Medio,3,14.48,No,No,Otro,No,Tarjeta,3125,False,False,False,False,43.44
2224224246,22,Masculino,Miami,Muy Alto,8,49.21,Sí,Sí,Mariscos,Sí,Tarjeta,16333,False,False,False,False,393.68
4654980450,62,Femenino,Miami,Alto,4,26.2,Sí,Sí,Carnes,Sí,Efectivo,8865,False,False,False,False,104.8
1439329438,43,Femenino,Miami,Muy Alto,10,91.4,No,No,Otro,No,Criptomoneda,9958,False,False,False,True,914.0
1808463715,52,Femenino,Miami,Alto,5,25.93,Sí,No,Mariscos,No,App,3676,False,False,False,False,129.65
7412888439,43,Masculino,Miami,Alto,5,52.47,Sí,Sí,Otro,Sí,Efectivo,5916,False,False,False,False,262.35
9557663181,30,Femenino,Miami,Medio,2,25.36,No,Sí,Vegano,No,Efectivo,3415,False,False,False,False,50.72
1398383396,57,Masculino,Miami,Medio,5,17.06,Sí,Sí,Carnes,No,Tarjeta,2003,False,False,False,False,85.3
5678659447,66,Masculino,Miami,Medio,5,38.63,Sí,No,Mariscos,No,App,2267,False,False,False,False,193.15
9640701016,46,Masculino,Miami,Muy Alto,5,127.1,Sí,No,Vegano,Sí,Efectivo,11685,False,False,False,False,635.5
7843472725,24,Femenino,Miami,Muy Alto,6,89.36,No,Sí,Vegetariano,Sí,App,10992,False,False,False,False,536.16
7790021031,34,Femenino,Miami,Alto,5,20.54,Sí,No,Mariscos,Sí,App,5803,False,False,False,False,102.7
6775517373,64,Masculino,Miami,Medio,2,10.65,Sí,Sí,Pescado,No,App,2480,False,False,False,False,21.3
2213149797,55,Masculino,Miami,Muy Alto,9,46.36,Sí,Sí,Pescado,Sí,Efectivo,11999,False,False,False,False,417.24
1734907971,42,Masculino,Miami,Medio,3,13.33,Sí,Sí,Mariscos,Sí,Efectivo,3158,False,False,False,False,39.99
4569955826,61,Femenino,Miami,Muy Alto,7,55.97,No,Sí,Mariscos,Sí,Tarjeta,10550,False,False,False,False,391.79
8918915082,72,Femenino,Miami,Alto,5,49.29,Sí,No,Vegano,Sí,App,4304,False,False,False,False,246.45
7581977205,59,Femenino,Miami,Alto,5,16.57,Sí,No,Vegetariano,Sí,Tarjeta,3656,False,False,False,False,82.85
4002968632,71,Femenino,Miami,Alto,4,23.35,Sí,No,Otro,No,App,3717,False,False,False,False,93.4
2586568081,26,Masculino,Miami,Medio,4,12.16,No,Sí,Mariscos,No,Efectivo,2276,False,False,False,False,48.64
1370292681,39,Femenino,Miami,Bajo,2,10.8,Sí,No,Carnes,No,Tarjeta,1106,False,False,False,False,21.6
9215167368,76,Masculino,Miami,Medio,2,28.21,Sí,No,Vegetariano,No,Tarjeta,3304,False,False,False,False,56.42
3476758136,24,Femenino,Miami,Muy Alto,5,113.03,No,Sí,Carnes,Sí,Efectivo,14311,False,False,False,False,565.15
6230296253,40,Masculino,Miami,Alto,5,12.98,No,No,Carnes,Sí,App,4833,False,False,False,False,64.9
5178229051,49,Masculino,Miami,Alto,6,20.27,No,Sí,Pescado,Sí,App,4212,False,False,True,False,121.62
1274722641,40,Masculino,Miami,Muy Alto,5,11.5,Sí,Sí,Vegano,Sí,Tarjeta,17436,False,False,False,False,57.5
9955811913,76,Femenino,Miami,Medio,4,16.51,No,Sí,Vegano,No,Efectivo,3004,False,False,False,False,66.04
2837782194,24,Masculino,Miami,Alto,4,58.24,Sí,Sí,Mariscos,No,Tarjeta,5971,False,False,False,False,232.96
7650227343,34,Femenino,Miami,Muy Alto,5,25.88,Sí,No,Pescado,Sí,Efectivo,14596,False,False,False,False,129.4
6225622839,29,Femenino,Miami,Medio,4,20.97,No,Sí,Mariscos,No,Efectivo,3210,False,False,False,False,83.88
6379159985,22,Femenino,Miami,Alto,5,36.77,Sí,No,Otro,Sí,Criptomoneda,5071,False,False,False,True,183.85
9479327975,78,Femenino,Miami,Muy Alto,7,40.81,Sí,No,Pescado,Sí,App,10616,False,False,False,False,285.67
1198354032,18,Masculino,Miami,Medio,5,10.33,Sí,Sí,Vegetariano,No,Efectivo,3002,False,False,False,False,51.65
5215931523,23,Femenino,Miami,Medio,3,23.48,No,Sí,Mariscos,No,App,2172,False,True,False,False,70.44
9521216166,44,Masculino,Miami,Muy Alto,5,76.31,Sí,No,Vegano,Sí,Efectivo,15786,False,False,False,False,381.55
8973373803,33,Masculino,Miami,Muy Alto,6,33.05,Sí,No,Pescado,Sí,Tarjeta,11923,False,False,False,False,198.3
5851289080,19,Femenino,Miami,Medio,5,11.24,No,Sí,Vegano,No,Efectivo,3157,False,False,False,False,56.2
3245108207,68,Masculino,Miami,Alto,6,19.02,No,Sí,Vegano,Sí,Tarjeta,8963,False,False,False,False,114.12
8810447184,60,Masculino,Miami,Medio,3,22.75,Sí,Sí,Mariscos,No,Efectivo,2374,False,False,False,False,68.25
1732992232,42,Masculino,Miami,Bajo,2,21.61,Sí,No,Otro,No,Efectivo,1070,True,False,False,True,43.22
6092933720,68,Masculino,Miami,Muy Alto,9,52.44,No,No,Carnes,Sí,App,14581,False,False,False,False,471.96
5143516072,51,Masculino,Miami,Muy Alto,8,47.62,No,Sí,Vegano,Sí,Tarjeta,16046,False,False,False,False,380.96
4656737672,80,Masculino,Miami,Bajo,3,18.81,No,No,Mariscos,No,App,1189,False,False,False,False,56.43
5192423776,37,Femenino,Miami,Muy Alto,5,126.84,Sí,Sí,Carnes,Sí,Tarjeta,13928,False,False,False,False,634.2
7592519897,22,Masculino,Miami,Alto,6,51.2,No,Sí,Pescado,No,Efectivo,6098,False,False,False,False,307.2
3416445192,33,Masculino,Miami,Alto,6,21.24,Sí,No,Vegetariano,Sí,Tarjeta,7628,False,False,False,False,127.44
5261135749,52,Femenino,Miami,Medio,5,38.47,No,No,Mariscos,No,Efectivo,2352,False,False,False,False,192.35
8600298860,71,Masculino,Miami,Muy Alto,10,24.32,Sí,No,Pescado,Sí,Tarjeta,11710,False,False,False,False,243.2
8683503318,53,Masculino,Miami,Medio,3,18.64,Sí,Sí,Mariscos,No,App,1661,False,False,False,False,55.92
1754304440,73,Masculino,Miami,Muy Alto,10,67.14,Sí,Sí,Carnes,Sí,Tarjeta,14393,False,False,False,False,671.4
3933217062,54,Femenino,Miami,Medio,2,15.61,No,No,Vegano,No,Tarjeta,2250,False,False,False,False,31.22
3331252563,36,Femenino,Miami,Alto,4,17.13,Sí,No,Mariscos,Sí,Efectivo,5361,False,False,False,False,68.52
2429778697,49,Femenino,Miami,Medio,4,11.38,No,Sí,Vegano,No,Efectivo,2308,False,False,False,False,45.52
3699422320,52,Femenino,Miami,Muy Alto,8,18.31,No,Sí,Vegetariano,Sí,App,14204,False,False,False,False,146.48
1019457157,48,Femenino,Miami,Alto,4,60.73,Sí,No,Otro,Sí,Tarjeta,8597,False,False,False,True,242.92
7744480376,36,Masculino,Miami,Bajo,3,23.58,No,No,Mariscos,No,App,965,False,False,False,False,70.74
1889948390,18,Masculino,Miami,Medio,5,36.43,Sí,Sí,Vegetariano,No,Efectivo,2515,False,False,False,False,182.15
6455305342,78,Masculino,Miami,Alto,4,36.91,Sí,Sí,Mariscos,Sí,Tarjeta,4350,False,False,False,False,147.64
8072560990,76,Femenino,Miami,Alto,4,16.94,Sí,No,Vegano,Sí,Efectivo,6995,False,False,False,False,67.76
1225052083,60,Masculino,Miami,Muy Alto,7,12.29,Sí,Sí,Pescado,Sí,Tarjeta,17800,False,False,False,False,86.03
5585390236,78,Femenino,Miami,Alto,6,59.44,No,No,Vegetariano,No,Tarjeta,8944,False,False,False,False,356.64
1973604824,34,Femenino,Miami,Alto,6,56.83,No,No,Carnes,Sí,Tarjeta,3684,False,False,False,False,340.98
3259528590,21,Femenino,Miami,Alto,5,50.64,Sí,Sí,Mariscos,Sí,Efectivo,5544,False,False,False,False,253.2
2461125520,29,Femenino,Miami,Medio,2,20.25,No,Sí,Vegetariano,No,Efectivo,2440,False,False,False,False,40.5
5170818399,31,Femenino,Miami,Bajo,3,20.57,No,No,Mariscos,No,Tarjeta,1261,False,False,False,False,61.71
4213274467,43,Masculino,Miami,Bajo,0,0.0,Sí,No,Pescado,No,App,1035,False,False,False,False,0.0
1704724832,61,Masculino,Miami,Bajo,2,19.29,No,Sí,Vegetariano,No,App,1175,False,False,False,False,38.58
6937746682,80,Masculino,Miami,Bajo,1,10.6,No,Sí,Vegetariano,No,Efectivo,1267,False,False,False,False,10.6
5020579466,66,Masculino,Miami,Muy Alto,7,59.96,Sí,No,Otro,Sí,Efectivo,14978,False,False,False,False,419.72
8741362238,51,Femenino,Miami,Medio,4,39.7,Sí,Sí,Mariscos,No,Efectivo,3262,False,False,False,False,158.8
8797414992,24,Masculino,Miami,Muy Alto,7,117.16,Sí,Sí,Pescado,Sí,Tarjeta,9816,False,False,False,False,820.12
8750155871,71,Masculino,Miami,Alto,4,41.93,Sí,No,Mariscos,Sí,Efectivo,5968,False,False,False,False,167.72
2673281377,65,Masculino,Miami,Muy Alto,9,90.97,Sí,Sí,Otro,Sí,Tarjeta,12756,False,False,False,False,818.73
3259163947,41,Femenino,Miami,Muy Alto,7,108.06,Sí,Sí,Mariscos,Sí,App,15206,True,False,False,False,756.42
5095507581,68,Femenino,Miami,Alto,4,14.44,No,Sí,Carnes,Sí,Tarjeta,5431,False,False,False,False,57.76
1881763870,40,Femenino,Miami,Alto,5,21.43,No,No,Mariscos,No,Tarjeta,5211,False,False,False,False,107.15
1271730355,24,Femenino,Miami,Alto,5,42.18,No,Sí,Otro,Sí,App,4318,False,False,False,True,210.9
9781468007,55,Femenino,Miami,Alto,4,23.85,Sí,No,Vegano,Sí,Efectivo,3681,False,False,False,False,95.4
4106464319,58,Masculino,Miami,Muy Alto,5,123.87,No,Sí,Vegano,Sí,Efectivo,14189,False,False,False,False,619.35
1667779376,57,Femenino,Miami,Alto,4,33.58,Sí,Sí,Carnes,No,Tarjeta,7475,False,False,False,False,134.32
3244705475,66,Femenino,Miami,Bajo,0,0.0,No,Sí,Vegetariano,No,Efectivo,820,False,False,False,False,0.0
8292602216,75,Masculino,Miami,Medio,5,33.25,Sí,Sí,Pescado,Sí,Efectivo,1618,False,False,False,False,166.25
9751924729,22,Masculino,Miami,Medio,5,28.2,No,Sí,Vegetariano,No,App,1812,False,False,False,False,141.0
3776006256,69,Femenino,Miami,Medio,2,12.72,Sí,No,Carnes,No,Tarjeta,1846,False,False,False,False,25.44
9953716239,29,Femenino,Miami,Muy Alto,8,66.13,No,Sí,Pescado,Sí,Efectivo,13813,False,False,False,False,529.04
6391405567,65,Femenino,Miami,Bajo,2,20.98,No,Sí,Vegetariano,No,App,1587,False,False,False,False,41.96
8335804380,41,Masculino,Miami,Muy Alto,10,43.31,Sí,Sí,Otro,No,Tarjeta,16300,False,False,False,False,433.1
6565250987,71,Femenino,Miami,Alto,5,28.24,No,Sí,Vegetariano,Sí,Efectivo,8487,False,False,False,False,141.2
1015462670,55,Masculino,Miami,Alto,4,55.74,No,Sí,Mariscos,No,Efectivo,7117,False,False,False,False,222.96
3765310743,42,Femenino,Miami,Alto,5,45.87,No,Sí,Mariscos,Sí,Efectivo,6900,False,False,False,False,229.35
8085106052,44,Masculino,Miami,Muy Alto,10,101.54,No,No,Carnes,Sí,Efectivo,17250,False,False,False,False,1015.4
5677077677,76,Femenino,Miami,Alto,6,27.09,No,No,Vegetariano,No,Tarjeta,4240,False,False,False,False,162.54
7729281766,27,Masculino,Miami,Medio,3,23.6,No,Sí,Otro,No,Tarjeta,2892,False,False,False,False,70.8
2750281774,79,Masculino,Miami,Medio,2,25.72,Sí,Sí,Mariscos,No,Tarjeta,2206,False,False,False,False,51.44
9561438586,44,Femenino,Miami,Alto,5,44.09,Sí,Sí,Vegetariano,Sí,Tarjeta,7219,False,False,False,False,220.45
7408131889,78,Masculino,Miami,Muy Alto,8,66.03,No,No,Pescado,Sí,Efectivo,16290,False,False,False,False,528.24
9828455687,33,Femenino,Miami,Alto,5,37.43,No,No,Carnes,No,Efectivo,6431,False,True,False,False,187.15
4384260320,72,Masculino,Miami,Alto,6,60.67,Sí,No,Pescado,Sí,Tarjeta,6394,False,False,False,False,364.02
2525278907,53,Femenino,Miami,Muy Alto,6,115.68,No,Sí,Vegetariano,Sí,Tarjeta,15849,False,False,False,False,694.08
9938485474,54,Femenino,Miami,Medio,2,14.26,Sí,Sí,Pescado,No,Tarjeta,1714,False,False,False,False,28.52
1967110343,74,Femenino,Miami,Alto,6,47.51,No,No,Vegetariano,Sí,App,8431,False,False,False,False,285.06
7144531614,50,Femenino,Miami,Alto,4,57.42,No,No,Vegetariano,Sí,Efectivo,7809,False,False,False,False,229.68
2274535954,67,Masculino,Miami,Medio,5,11.5,No,Sí,Mariscos,No,Tarjeta,2786,False,False,False,False,57.5
1158998032,66,Masculino,Miami,Medio,3,33.63,Sí,Sí,Vegetariano,Sí,Tarjeta,2199,False,False,False,False,100.89
8001133199,32,Femenino,Miami,Bajo,0,0.0,Sí,Sí,Carnes,No,App,879,False,False,False,False,0.0
8221005420,39,Masculino,Miami,Medio,3,27.25,Sí,No,Vegetariano,No,App,2906,False,False,False,False,81.75
3629607853,22,Masculino,Miami,Bajo,3,10.96,No,Sí,Otro,No,Tarjeta,907,False,False,False,False,32.88
6624727710,32,Masculino,Miami,Medio,2,19.91,Sí,Sí,Vegetariano,No,Criptomoneda,2700,False,False,False,False,39.82
9365925255,31,Masculino,Miami,Muy Alto,10,25.95,Sí,Sí,Mariscos,Sí,Efectivo,16264,False,False,False,False,259.5
8031367108,27,Masculino,Miami,Muy Alto,5,90.28,No,Sí,Carnes,Sí,App,15045,False,False,False,False,451.4
5979301743,32,Masculino,Miami,Alto,6,44.12,No,No,Vegetariano,Sí,Tarjeta,7124,False,False,False,False,264.72
4526610986,40,Masculino,Miami,Muy Alto,10,15.53,No,Sí,Mariscos,Sí,App,10702,False,False,False,False,155.3
1187041101,74,Masculino,Miami,Bajo,3,14.46,Sí,No,Vegetariano,No,App,1062,False,False,False,False,43.38
3534186676,58,Femenino,Miami,Bajo,0,0.0,Sí,No,Vegetariano,No,App,1550,False,False,False,False,0.0
8492919885,55,Femenino,Miami,Muy Alto,8,57.9,No,No,Vegetariano,Sí,Efectivo,9849,False,False,False,False,463.2
3381395514,49,Masculino,Miami,Alto,6,22.96,No,No,Vegetariano,No,App,7749,False,False,True,False,137.76
1311570307,78,Masculino,Miami,Medio,2,21.0,No,Sí,Otro,No,App,2199,False,False,False,True,42.0
1192436936,50,Femenino,Miami,Muy Alto,6,91.01,No,No,Carnes,Sí,Tarjeta,11805,False,False,False,False,546.06
6948191036,28,Masculino,Miami,Muy Alto,10,66.93,Sí,Sí,Mariscos,Sí,Efectivo,15822,False,False,False,False,669.3
2248867120,67,Masculino,Miami,Muy Alto,9,40.34,Sí,Sí,Otro,Sí,Tarjeta,17751,False,False,False,False,363.06
9132533231,31,Femenino,Miami,Medio,4,20.87,No,No,Otro,No,Efectivo,1707,False,False,False,False,83.48
1404768759,66,Femenino,Miami,Medio,3,22.77,No,Sí,Otro,No,Tarjeta,3250,False,False,False,False,68.31
3530511116,70,Femenino,Miami,Muy Alto,7,50.78,Sí,Sí,Vegetariano,Sí,Efectivo,11916,False,False,False,False,355.46
1170157299,23,Masculino,Miami,Alto,5,39.28,No,Sí,Pescado,No,Tarjeta,3945,True,False,False,False,196.4
1518084694,40,Femenino,Miami,Bajo,3,20.27,No,No,Vegetariano,No,App,1296,False,False,False,False,60.81
2952849519,76,Femenino,Miami,Muy Alto,9,15.09,Sí,Sí,Carnes,Sí,App,12524,False,False,False,False,135.81
6856446734,31,Masculino,Miami,Alto,6,21.06,No,Sí,Vegano,No,Tarjeta,6973,False,False,False,False,126.36
9916421024,60,Masculino,Miami,Medio,3,38.15,No,Sí,Mariscos,No,Tarjeta,2062,False,False,False,False,114.45
6021033226,80,Femenino,Miami,Alto,5,13.03,Sí,No,Mariscos,Sí,Efectivo,8847,False,False,False,False,65.15
5197173007,42,Masculino,Miami,Alto,6,57.67,No,No,Vegano,Sí,App,6266,False,False,False,False,346.02
2409493378,49,Femenino,Miami,Alto,6,63.19,Sí,Sí,Vegano,No,App,6883,False,False,False,False,379.14
7882146900,30,Femenino,Miami,Muy Alto,6,46.02,No,No,Mariscos,Sí,App,16245,False,False,False,False,276.12
6712726232,77,Femenino,Miami,Bajo,1,11.15,No,No,Mariscos,No,Tarjeta,1358,False,False,False,False,11.15
1142766316,34,Masculino,Miami,Bajo,1,13.85,Sí,No,Vegetariano,No,App,1598,False,False,False,False,13.85
6009755927,27,Masculino,Miami,Muy Alto,9,107.67,Sí,Sí,Vegetariano,Sí,Efectivo,9568,False,False,False,False,969.03
9707402483,20,Femenino,Miami,Alto,6,34.77,No,Sí,Vegano,No,Efectivo,4943,False,False,False,False,208.62
4019219484,27,Femenino,Miami,Bajo,2,13.81,Sí,Sí,Vegetariano,No,App,1467,False,False,False,False,27.62
1504729135,74,Femenino,Miami,Alto,4,26.31,Sí,No,Mariscos,Sí,Tarjeta,7904,False,False,False,False,105.24
9973429395,57,Masculino,Miami,Bajo,3,17.33,No,Sí,Mariscos,No,Tarjeta,1560,False,False,False,False,51.99
4383745999,43,Masculino,Miami,Bajo,0,0.0,Sí,Sí,Pescado,No,App,1438,False,False,False,False,0.0
3368355864,29,Femenino,Miami,Bajo,2,17.63,No,Sí,Vegetariano,No,App,1254,False,False,False,False,35.26
9668442651,76,Masculino,Miami,Medio,2,14.24,Sí,No,Vegano,No,Tarjeta,3002,False,False,False,False,28.48
8592518928,66,Femenino,Miami,Alto,5,36.43,Sí,No,Vegetariano,No,Efectivo,7790,False,False,False,False,182.15
3591125930,78,Masculino,Miami,Muy Alto,9,80.19,No,Sí,Carnes,Sí,Tarjeta,13805,False,False,False,False,721.71
9793619741,33,Masculino,Miami,Medio,4,26.91,No,Sí,Pescado,No,Tarjeta,1704,False,False,False,False,107.64
5711141511,36,Masculino,Miami,Alto,5,28.03,No,No,Mariscos,Sí,App,7658,False,False,False,False,140.15
7899751423,43,Femenino,Miami,Alto,4,37.43,Sí,No,Vegetariano,No,Tarjeta,6161,False,True,False,False,149.72
9894459598,79,Femenino,Miami,Medio,2,14.07,No,No,Otro,No,App,3475,False,False,False,True,28.14
4661459242,37,Masculino,Miami,Alto,6,39.92,No,Sí,Mariscos,Sí,Tarjeta,5266,False,False,False,False,239.52
8681988927,20,Femenino,Miami,Medio,2,27.81,No,Sí,Vegano,No,Efectivo,2757,False,False,False,False,55.62
1021374018,73,Masculino,Miami,Alto,4,17.64,No,Sí,Carnes,No,Efectivo,7150,False,False,False,False,70.56
6306262259,49,Masculino,Miami,Alto,4,68.6,Sí,No,Vegetariano,Sí,Efectivo,4858,False,False,False,False,274.4
5169573630,59,Femenino,Miami,Medio,2,19.98,No,Sí,Vegetariano,Sí,Tarjeta,2521,False,False,False,False,39.96
7061777489,58,Femenino,Miami,Alto,6,44.99,No,Sí,Mariscos,Sí,App,8956,False,False,False,False,269.94
4688097893,30,Masculino,Miami,Muy Alto,6,30.82,No,Sí,Mariscos,Sí,Efectivo,10297,False,False,False,False,184.92
1140431292,69,Femenino,Miami,Medio,5,14.37,Sí,Sí,Otro,Sí,Tarjeta,2568,False,False,False,False,71.85
3479005489,18,Masculino,Miami,Muy Alto,7,118.39,No,Sí,Otro,Sí,Efectivo,14544,True,False,False,True,828.73
7820755441,26,Femenino,Miami,Muy Alto,8,41.62,Sí,Sí,Vegetariano,Sí,Efectivo,17124,False,False,False,False,332.96
3131306427,61,Femenino,Miami,Alto,4,65.88,Sí,Sí,Carnes,No,App,5771,False,False,False,False,263.52
8493384779,49,Femenino,Miami,Medio,3,35.8,No,No,Pescado,Sí,Efectivo,1740,True,False,False,False,107.4
6744039057,22,Masculino,Miami,Muy Alto,7,109.88,Sí,Sí,Mariscos,No,App,14838,True,False,False,False,769.16
2655137747,76,Masculino,Miami,Muy Alto,9,83.81,Sí,No,Mariscos,Sí,Efectivo,15618,False,False,False,False,754.29
1945831608,78,Femenino,Miami,Alto,6,47.05,No,No,Mariscos,Sí,App,7399,False,False,False,False,282.3
9623874027,53,Femenino,Miami,Alto,5,31.58,Sí,Sí,Carnes,Sí,Efectivo,3886,True,False,False,False,157.9
8479397526,78,Masculino,Miami,Alto,5,63.81,No,No,Pescado,Sí,Efectivo,6529,False,False,False,False,319.05
8240066901,59,Femenino,Miami,Alto,6,56.75,Sí,No,Otro,Sí,Tarjeta,5652,False,False,False,True,340.5
2741009563,24,Femenino,Miami,Muy Alto,7,113.36,Sí,Sí,Mariscos,Sí,Tarjeta,14080,False,False,False,False,793.52
3513147900,55,Femenino,Miami,Bajo,0,0.0,No,Sí,Carnes,No,App,1302,False,False,False,False,0.0
5033412456,35,Femenino,Miami,Muy Alto,8,73.09,No,No,Mariscos,Sí,App,13942,False,False,False,False,584.72
5676780441,69,Femenino,Miami,Alto,6,34.12,No,Sí,Mariscos,Sí,App,8632,False,False,False,False,204.72
6789533533,37,Femenino,Miami,Muy Alto,8,47.22,Sí,No,Mariscos,Sí,Tarjeta,10272,False,False,False,False,377.76
8291396965,24,Femenino,Miami,Muy Alto,10,15.62,No,Sí,Mariscos,No,Tarjeta,16010,False,False,False,False,156.2
9270780160,49,Masculino,Miami,Muy Alto,10,126.85,No,No,Vegano,Sí,Efectivo,11622,False,False,True,False,1268.5
8147636235,58,Masculino,Miami,Medio,3,21.49,Sí,No,Vegetariano,No,Efectivo,3377,False,False,False,False,64.47
3994503183,76,Femenino,Miami,Alto,6,24.24,Sí,Sí,Mariscos,No,App,3971,False,False,False,False,145.44
8897903471,28,Masculino,Miami,Alto,4,20.4,Sí,Sí,Carnes,Sí,Efectivo,4567,False,False,False,False,81.6
6169123922,78,Femenino,Miami,Alto,5,11.36,No,Sí,Vegetariano,No,Efectivo,7024,False,False,False,False,56.8
7519578899,30,Femenino,Miami,Medio,3,15.9,Sí,Sí,Vegetariano,No,App,3266,False,False,False,False,47.7
1937876143,34,Femenino,Miami,Bajo,0,0.0,No,Sí,Carnes,No,Efectivo,1358,False,False,False,False,0.0
1457632732,20,Femenino,Miami,Muy Alto,8,72.89,Sí,Sí,Otro,Sí,Efectivo,9345,False,False,False,False,583.12
9005022159,61,Masculino,Miami,Medio,2,23.13,No,Sí,Vegetariano,No,Efectivo,3328,False,False,False,False,46.26
3217405356,28,Femenino,Miami,Muy Alto,7,92.75,Sí,Sí,Carnes,Sí,Criptomoneda,15852,False,False,False,False,649.25
3349475467,45,Femenino,Miami,Muy Alto,8,24.7,Sí,Sí,Mariscos,Sí,Efectivo,16326,False,False,False,False,197.6
6956612268,71,Femenino,Miami,Muy Alto,10,30.76,Sí,Sí,Mariscos,Sí,App,9270,False,False,False,False,307.6
9711080868,30,Femenino,Miami,Medio,4,19.8,Sí,Sí,Pescado,No,Efectivo,1602,False,False,False,False,79.2
4534519334,46,Masculino,Miami,Medio,5,13.39,No,Sí,Vegano,No,Efectivo,2014,False,False,False,False,66.95
4325878813,41,Masculino,Miami,Medio,5,21.12,Sí,No,Vegetariano,No,Tarjeta,3245,False,False,False,False,105.6
5129169349,40,Masculino,Miami,Muy Alto,8,18.28,No,Sí,Vegetariano,Sí,Tarjeta,15222,False,False,False,False,146.24
6193217739,22,Masculino,Miami,Medio,2,30.37,No,Sí,Vegano,No,Efectivo,3187,False,False,False,False,60.74
4592356998,34,Masculino,Miami,Medio,5,16.74,Sí,Sí,Vegetariano,Sí,Tarjeta,2657,False,False,False,False,83.7
3418724889,52,Masculino,Miami,Bajo,0,0.0,No,No,Carnes,No,App,1007,False,False,False,False,0.0
9943371755,23,Masculino,Miami,Bajo,1,13.66,Sí,Sí,Otro,No,Tarjeta,1431,False,False,False,False,13.66
2526032931,50,Masculino,Miami,Muy Alto,8,80.98,Sí,Sí,Vegetariano,Sí,App,9197,False,False,False,False,647.84
1096136312,22,Femenino,Miami,Alto,4,49.49,Sí,Sí,Pescado,No,App,8686,False,False,False,False,197.96
2399397445,66,Masculino,Miami,Muy Alto,9,107.6,Sí,No,Mariscos,Sí,Tarjeta,14056,False,False,False,False,968.4
7037126743,52,Masculino,Miami,Medio,3,23.14,No,Sí,Carnes,Sí,App,1731,False,False,False,False,69.42
9103282100,55,Masculino,Miami,Medio,3,26.5,Sí,Sí,Otro,No,App,1708,False,False,False,False,79.5
7117292049,22,Masculino,Miami,Medio,3,23.18,Sí,No,Carnes,No,Tarjeta,2167,False,False,False,False,69.54
4058220682,35,Femenino,Miami,Medio,3,11.91,Sí,No,Mariscos,No,Efectivo,1604,False,False,False,False,35.73
9947094743,68,Masculino,Miami,Muy Alto,5,36.28,No,No,Carnes,Sí,Criptomoneda,13548,False,False,False,False,181.4
1687083531,49,Femenino,Miami,Muy Alto,5,121.79,Sí,No,Vegetariano,Sí,App,10605,False,False,False,False,608.95
5813294457,33,Masculino,Miami,Muy Alto,5,31.46,Sí,No,Vegetariano,Sí,Efectivo,16937,False,False,False,False,157.3
1063266942,61,Femenino,Miami,Muy Alto,8,84.35,Sí,No,Mariscos,Sí,Criptomoneda,14695,False,False,False,False,674.8
4962122987,60,Femenino,Miami,Alto,5,64.94,Sí,No,Mariscos,Sí,Efectivo,5976,False,False,False,False,324.7
5523275189,61,Femenino,Miami,Alto,5,18.15,No,No,Vegetariano,Sí,Efectivo,6086,False,False,False,False,90.75
8013615230,51,Femenino,Miami,Muy Alto,10,124.01,No,Sí,Mariscos,Sí,App,11860,False,False,False,False,1240.1
4131575764,57,Masculino,Miami,Bajo,2,24.21,No,No,Vegano,No,Efectivo,1526,False,False,False,False,48.42
6656559654,60,Femenino,Miami,Medio,3,25.22,Sí,No,Otro,No,Efectivo,3413,False,False,False,False,75.66
9260858638,49,Masculino,Miami,Alto,5,67.35,Sí,Sí,Vegetariano,Sí,Efectivo,5800,False,False,False,False,336.75
7878621894,63,Femenino,Miami,Muy Alto,7,90.41,No,No,Vegano,Sí,App,16602,False,False,False,False,632.87
7610018828,57,Masculino,Miami,Medio,4,10.54,No,Sí,Vegano,No,Tarjeta,3202,False,False,False,False,42.16
6593162629,58,Masculino,Miami,Bajo,3,24.29,Sí,Sí,Otro,No,App,1573,False,False,False,False,72.87
8439267399,31,Femenino,Miami,Medio,4,19.04,Sí,Sí,Vegetariano,No,Tarjeta,1779,False,False,False,False,76.16
5649495861,25,Masculino,Miami,Alto,5,61.32,Sí,Sí,Mariscos,No,Efectivo,7238,False,False,False,False,306.6
2324653985,29,Femenino,Miami,Alto,6,66.83,No,Sí,Otro,No,Efectivo,5077,False,False,False,False,400.98
7654315818,61,Masculino,Miami,Alto,5,48.53,No,No,Vegetariano,No,Tarjeta,8201,False,False,False,False,242.65
5353951329,51,Femenino,Miami,Alto,5,29.42,No,No,Vegetariano,Sí,Tarjeta,6217,True,False,False,False,147.1
7369932435,66,Femenino,Miami,Alto,4,25.83,No,Sí,Vegano,No,Efectivo,3813,False,False,False,False,103.32
2693601838,40,Masculino,Miami,Medio,4,25.34,No,No,Vegano,No,App,3087,False,False,False,False,101.36
7738538362,80,Masculino,Miami,Alto,4,60.58,Sí,Sí,Carnes,Sí,Criptomoneda,8764,False,False,False,False,242.32
7522186733,22,Femenino,Miami,Medio,3,18.87,Sí,Sí,Mariscos,No,Efectivo,1916,False,False,False,False,56.61
1384293243,80,Masculino,Miami,Alto,6,59.77,Sí,Sí,Mariscos,Sí,Efectivo,4617,False,False,False,False,358.62
6240655957,28,Femenino,Miami,Muy Alto,8,61.77,No,Sí,Otro,Sí,Tarjeta,10153,False,False,False,False,494.16
1957625387,69,Masculino,Miami,Muy Alto,7,109.11,Sí,Sí,Vegano,Sí,App,10482,True,False,False,False,763.77
6884439699,20,Femenino,Miami,Medio,4,27.41,No,Sí,Vegano,No,Efectivo,3062,False,False,False,False,109.64
7784217828,44,Femenino,Miami,Bajo,1,22.06,No,No,Vegetariano,No,Tarjeta,1021,False,False,False,False,22.06
8024865358,20,Femenino,Miami,Alto,4,66.16,Sí,Sí,Mariscos,Sí,Tarjeta,7728,False,False,False,False,264.64
2163531478,26,Femenino,Miami,Alto,6,65.36,No,Sí,Carnes,Sí,App,4441,False,False,False,False,392.16
6378390468,22,Masculino,Miami,Alto,5,24.65,Sí,Sí,Vegano,Sí,App,6209,False,False,False,False,123.25
4455884519,80,Femenino,Miami,Muy Alto,8,28.86,No,Sí,Pescado,Sí,App,12179,False,False,False,False,230.88
8727805468,44,Masculino,Miami,Muy Alto,5,33.8,No,Sí,Mariscos,Sí,Efectivo,14405,False,False,False,False,169.0
8823794152,32,Masculino,Miami,Medio,4,22.55,No,Sí,Vegano,No,Tarjeta,3137,False,False,False,False,90.2
3912449281,26,Femenino,Miami,Alto,6,33.29,No,Sí,Otro,No,Tarjeta,4378,False,False,False,False,199.74
3768428107,67,Masculino,Miami,Alto,6,19.44,Sí,No,Vegetariano,Sí,Efectivo,7285,False,False,False,False,116.64
5805075467,60,Femenino,Miami,Medio,2,34.2,Sí,No,Vegano,No,App,2768,False,False,False,False,68.4
1851625498,77,Femenino,Miami,Alto,6,16.19,Sí,Sí,Vegetariano,Sí,App,8855,False,False,False,False,97.14
3168486096,76,Masculino,Miami,Muy Alto,10,46.66,Sí,No,Vegetariano,Sí,App,15892,False,False,False,False,466.6
1475220871,61,Masculino,Miami,Medio,2,31.8,Sí,Sí,Mariscos,No,Tarjeta,1977,False,False,False,False,63.6
9691448741,67,Femenino,Miami,Alto,6,22.26,Sí,Sí,Otro,No,Tarjeta,4407,False,False,False,True,133.56
3455450949,34,Masculino,Miami,Medio,4,30.89,No,No,Carnes,No,App,2040,False,False,False,False,123.56
7312596340,51,Masculino,Miami,Muy Alto,9,23.7,Sí,No,Otro,Sí,Efectivo,12662,False,False,False,True,213.3
6558769264,25,Masculino,Miami,Muy Alto,10,59.9,No,Sí,Mariscos,Sí,Efectivo,9345,False,False,False,False,599.0
9812156518,66,Masculino,Miami,Muy Alto,10,91.45,Sí,Sí,Pescado,Sí,Efectivo,16594,False,False,False,False,914.5
9404497417,28,Masculino,Miami,Medio,4,38.32,No,Sí,Mariscos,No,Efectivo,1884,False,False,False,False,153.28
4411393967,53,Femenino,Miami,Alto,6,29.48,No,Sí,Mariscos,No,Efectivo,8425,False,False,False,False,176.88
6918085781,78,Masculino,Miami,Bajo,1,13.68,No,No,Pescado,No,Efectivo,1553,False,False,False,False,13.68
8799197622,62,Femenino,Miami,Muy Alto,8,83.04,Sí,No,Carnes,Sí,App,12571,False,False,False,False,664.32
4217365555,44,Masculino,Miami,Bajo,0,0.0,No,Sí,Mariscos,No,App,1175,False,False,False,False,0.0
9566095857,50,Femenino,Miami,Alto,6,62.53,No,Sí,Mariscos,Sí,Efectivo,3561,False,False,False,False,375.18
2326125133,44,Masculino,Miami,Bajo,2,16.0,No,Sí,Carnes,No,Efectivo,931,False,False,False,False,32.0
6790714793,54,Masculino,Miami,Alto,4,35.4,Sí,Sí,Otro,Sí,Efectivo,7957,False,False,False,True,141.6
7124274722,21,Masculino,Miami,Medio,3,22.35,No,Sí,Vegano,No,Tarjeta,2281,True,False,False,False,67.05
4568545827,63,Femenino,Miami,Medio,3,15.02,Sí,No,Vegano,No,App,2714,False,False,False,False,45.06
4014839556,20,Femenino,Miami,Medio,2,11.07,No,Sí,Mariscos,No,Tarjeta,2230,False,False,False,False,22.14
9678370607,51,Femenino,Miami,Medio,2,19.83,No,Sí,Mariscos,No,App,2658,False,False,False,False,39.66
6751050163,63,Masculino,Miami,Bajo,0,0.0,Sí,Sí,Pescado,No,Tarjeta,880,False,False,False,False,0.0
9386690190,65,Femenino,Miami,Medio,3,15.13,Sí,No,Otro,No,App,1602,False,False,False,True,45.39
4612168543,21,Femenino,Miami,Bajo,0,0.0,Sí,Sí,Mariscos,No,Efectivo,1132,False,False,False,False,0.0
4344969217,60,Masculino,Miami,Alto,6,28.6,No,Sí,Mariscos,Sí,Efectivo,4048,False,False,False,False,171.6
7239376653,59,Masculino,Miami,Medio,4,15.09,Sí,Sí,Mariscos,Sí,Efectivo,3074,False,False,False,False,60.36
3890409279,31,Femenino,Miami,Bajo,3,14.84,Sí,Sí,Mariscos,No,Efectivo,977,False,False,False,False,44.52
7651400072,51,Femenino,Miami,Alto,4,50.1,Sí,No,Pescado,Sí,Efectivo,7329,False,False,False,False,200.4
7165955648,23,Masculino,Miami,Medio,5,33.94,No,Sí,Vegetariano,No,App,2641,False,False,False,False,169.7
6063706086,41,Masculino,Miami,Muy Alto,10,52.87,No,No,Carnes,Sí,Efectivo,14008,False,False,False,False,528.7
2641432015,62,Masculino,Miami,Medio,5,39.04,No,Sí,Vegano,No,Efectivo,2110,False,False,False,False,195.2
9145458689,70,Femenino,Miami,Alto,4,24.04,No,Sí,Otro,No,Efectivo,5371,False,False,False,False,96.16
6068878865,46,Masculino,Miami,Muy Alto,10,52.85,Sí,No,Mariscos,Sí,App,9808,False,False,False,False,528.5
4151640580,52,Masculino,Miami,Medio,3,18.39,Sí,Sí,Mariscos,Sí,App,2010,False,False,False,False,55.17
9614798245,79,Masculino,Miami,Bajo,1,20.49,No,Sí,Vegetariano,No,App,1451,False,False,False,False,20.49
7881773091,38,Masculino,Miami,Muy Alto,8,39.98,Sí,No,Vegetariano,Sí,Efectivo,14482,False,False,False,False,319.84
6193638112,38,Femenino,Miami,Muy Alto,9,59.02,No,Sí,Mariscos,Sí,Efectivo,12614,False,False,False,False,531.18
9416585912,77,Femenino,Miami,Muy Alto,7,114.34,No,No,Mariscos,Sí,Efectivo,14718,False,False,False,False,800.38
8087936019,32,Masculino,Miami,Alto,4,49.48,No,Sí,Mariscos,Sí,App,7378,False,False,False,False,197.92
9051658663,55,Masculino,Miami,Alto,4,25.94,No,No,Vegetariano,Sí,Efectivo,7268,False,False,False,False,103.76
8943702454,24,Masculino,Miami,Alto,6,25.22,No,Sí,Mariscos,No,App,8604,False,False,False,False,151.32
8244525338,51,Masculino,Miami,Alto,6,20.09,No,Sí,Carnes,No,Tarjeta,7240,False,False,False,False,120.54
7480140993,70,Masculino,Miami,Medio,3,18.28,No,Sí,Pescado,Sí,Efectivo,2759,False,False,False,False,54.84
5598615444,34,Femenino,Miami,Bajo,3,13.77,No,Sí,Carnes,No,Efectivo,891,False,False,False,False,41.31
9221193810,25,Femenino,Miami,Muy Alto,6,51.5,Sí,Sí,Pescado,Sí,Efectivo,12636,False,False,False,False,309.0
3931690660,79,Femenino,Miami,Medio,3,17.52,Sí,Sí,Vegetariano,No,App,2157,False,False,False,False,52.56
9660709494,38,Femenino,Miami,Bajo,3,24.15,Sí,No,Mariscos,No,Efectivo,1067,False,False,False,False,72.45
7973338959,75,Masculino,Miami,Medio,2,35.41,Sí,No,Mariscos,Sí,App,2519,False,False,False,False,70.82
1328136908,58,Femenino,Miami,Medio,3,36.01,Sí,Sí,Otro,No,Efectivo,3440,False,False,False,False,108.03
4553141974,50,Femenino,Miami,Muy Alto,7,17.66,Sí,Sí,Vegano,Sí,Tarjeta,16816,True,False,False,False,123.62
1383236692,43,Femenino,Miami,Muy Alto,6,31.16,No,Sí,Vegano,Sí,Efectivo,15906,False,False,False,False,186.96
9496178673,20,Masculino,Miami,Alto,5,54.22,Sí,Sí,Otro,Sí,App,7407,False,False,False,False,271.1
6239329048,61,Masculino,Miami,Alto,6,24.84,Sí,Sí,Vegetariano,No,Efectivo,4734,False,False,False,False,149.04
2379296495,34,Masculino,Miami,Medio,2,26.83,No,Sí,Carnes,No,Efectivo,1674,False,False,False,False,53.66
8486090930,79,Masculino,Miami,Alto,5,12.79,Sí,Sí,Carnes,Sí,Tarjeta,8974,False,False,False,False,63.95
6089026099,30,Masculino,Miami,Bajo,1,15.71,Sí,Sí,Vegetariano,No,Tarjeta,863,False,False,False,False,15.71
1215572409,52,Masculino,Miami,Bajo,3,13.23,No,No,Vegetariano,No,Efectivo,1224,False,False,False,False,39.69
1476644430,50,Femenino,Miami,Medio,2,31.87,No,Sí,Otro,No,App,3323,False,False,False,True,63.74
4652885723,51,Femenino,Miami,Muy Alto,8,48.07,No,Sí,Vegetariano,Sí,Efectivo,14332,False,False,False,False,384.56
2173612708,79,Femenino,Miami,Alto,5,44.1,Sí,No,Carnes,No,Efectivo,3635,False,False,False,False,220.5
1684149575,25,Masculino,Miami,Bajo,0,0.0,No,Sí,Mariscos,No,Tarjeta,1227,False,False,False,False,0.0
5573754249,33,Femenino,Miami,Medio,5,15.9,Sí,Sí,Mariscos,No,Efectivo,2101,False,False,False,False,79.5
4544364423,76,Masculino,Miami,Bajo,2,23.52,No,No,Carnes,No,Tarjeta,877,False,False,False,False,47.04
5176753145,49,Masculino,Miami,Alto,4,29.9,Sí,Sí,Carnes,No,Efectivo,7394,False,False,True,False,119.6
3983274325,60,Masculino,Miami,Muy Alto,7,19.66,Sí,Sí,Mariscos,Sí,Efectivo,12468,False,False,False,False,137.62
4882530458,25,Femenino,Miami,Medio,2,21.48,Sí,Sí,Pescado,No,Criptomoneda,2860,False,False,False,False,42.96
3525613522,77,Masculino,Miami,Alto,4,67.16,Sí,Sí,Vegano,No,Tarjeta,6564,False,False,False,False,268.64
7418981351,72,Masculino,Miami,Medio,3,13.17,Sí,No,Vegano,No,Tarjeta,2104,False,False,False,False,39.51
9493209128,50,Masculino,Miami,Alto,4,27.56,No,No,Mariscos,Sí,Tarjeta,8357,False,False,False,False,110.24
5088870115,77,Femenino,Miami,Muy Alto,7,116.87,Sí,Sí,Mariscos,Sí,App,15885,True,False,False,False,818.09
6438545804,34,Masculino,Miami,Medio,3,25.13,Sí,No,Mariscos,Sí,App,3288,True,False,False,False,75.39
9030932353,56,Masculino,Miami,Medio,3,28.48,No,No,Carnes,No,Efectivo,3453,False,False,False,False,85.44
5204927542,39,Masculino,Miami,Muy Alto,9,98.71,Sí,No,Vegetariano,Sí,Tarjeta,14953,False,False,False,False,888.39
7021546583,63,Femenino,Miami,Muy Alto,10,96.2,Sí,Sí,Pescado,Sí,Efectivo,10121,False,False,False,False,962.0
5291218965,26,Masculino,Miami,Muy Alto,5,18.01,No,Sí,Mariscos,Sí,App,13993,False,False,False,False,90.05
7720493848,47,Masculino,Miami,Alto,6,40.19,No,No,Carnes,No,Tarjeta,7608,False,False,False,False,241.14
6965879269,43,Masculino,Miami,Alto,6,45.5,Sí,No,Vegetariano,Sí,Efectivo,3744,False,False,False,False,273.0
6043620114,22,Femenino,Miami,Bajo,0,0.0,Sí,Sí,Otro,No,App,1339,False,False,False,False,0.0
2139078760,20,Femenino,Miami,Bajo,2,14.17,Sí,Sí,Mariscos,No,App,1011,False,False,False,False,28.34
1092091742,73,Femenino,Miami,Alto,6,49.47,Sí,No,Mariscos,Sí,App,8526,False,False,False,False,296.82
7913450953,49,Masculino,Miami,Bajo,3,24.96,No,Sí,Mariscos,No,App,1353,False,False,True,False,74.88
5153076614,67,Femenino,Miami,Medio,3,33.37,No,Sí,Vegano,No,Efectivo,2501,False,False,False,False,100.11
2752347669,62,Masculino,Miami,Medio,3,11.61,Sí,Sí,Vegetariano,No,Tarjeta,3056,False,False,False,False,34.83
8675309454,24,Femenino,Miami,Muy Alto,7,100.25,No,Sí,Vegetariano,Sí,Tarjeta,9120,True,False,False,False,701.75
4181102664,22,Masculino,Miami,Alto,4,15.31,No,No,Mariscos,Sí,Tarjeta,4960,False,False,False,False,61.24
7792600509,67,Masculino,Miami,Medio,3,33.6,No,No,Mariscos,No,Criptomoneda,2412,False,False,False,False,100.8
8637718187,46,Masculino,Miami,Medio,3,17.12,Sí,Sí,Otro,No,Tarjeta,2930,False,False,False,False,51.36
6400249119,51,Masculino,Miami,Alto,4,43.14,No,No,Vegano,Sí,App,5878,False,False,False,False,172.56
7397335718,62,Masculino,Miami,Alto,5,13.15,No,Sí,Pescado,Sí,App,3559,False,False,False,False,65.75
4755890043,74,Femenino,Miami,Alto,5,21.08,No,Sí,Otro,Sí,Tarjeta,6618,False,False,False,True,105.4
8759662631,48,Femenino,Miami,Alto,6,42.72,Sí,Sí,Vegetariano,No,Tarjeta,7806,False,False,False,False,256.32
9294322790,26,Femenino,Miami,Alto,6,20.59,Sí,Sí,Pescado,Sí,App,8443,False,False,False,False,123.54
5318888998,30,Femenino,Miami,Alto,4,57.43,Sí,Sí,Vegano,No,Criptomoneda,5975,False,False,False,False,229.72
2050306262,73,Masculino,Miami,Muy Alto,8,94.31,Sí,Sí,Otro,Sí,Efectivo,11198,False,False,False,False,754.48
3078503249,23,Masculino,Miami,Alto,5,17.05,Sí,Sí,Carnes,Sí,App,3658,False,False,False,False,85.25
5183755567,37,Femenino,Miami,Alto,6,35.06,Sí,Sí,Vegetariano,Sí,App,5904,False,False,False,False,210.36
2370592316,37,Masculino,Miami,Alto,4,28.15,No,No,Mariscos,Sí,Tarjeta,3622,False,False,False,False,112.6
4044199741,39,Masculino,Miami,Alto,5,29.92,Sí,No,Mariscos,Sí,App,4850,True,False,False,False,149.6
9844938821,24,Femenino,Miami,Medio,5,25.23,No,Sí,Mariscos,No,App,2776,False,False,False,False,126.15
3946789798,76,Femenino,Miami,Medio,4,29.57,No,Sí,Otro,No,Efectivo,2122,False,False,False,False,118.28
4944811666,43,Masculino,Miami,Medio,3,30.73,No,Sí,Mariscos,No,Criptomoneda,2649,False,False,False,False,92.19
3071449429,30,Masculino,Miami,Alto,6,62.67,Sí,Sí,Otro,Sí,Efectivo,6416,False,False,False,False,376.02
7278619401,53,Masculino,Miami,Bajo,0,0.0,No,Sí,Pescado,No,App,1367,False,False,False,False,0.0
1925345701,48,Masculino,Miami,Bajo,0,0.0,Sí,No,Carnes,No,Efectivo,1438,False,False,False,False,0.0
9806189256,80,Femenino,Miami,Muy Alto,6,84.74,Sí,Sí,Mariscos,Sí,App,13802,False,False,False,False,508.44
4114612111,49,Femenino,Miami,Bajo,1,10.36,No,Sí,Carnes,No,Tarjeta,909,False,False,False,False,10.36
5426374038,52,Masculino,Miami,Alto,4,51.72,Sí,Sí,Mariscos,Sí,Efectivo,8054,False,False,False,False,206.88
1283415042,42,Femenino,Miami,Alto,6,44.79,No,No,Vegetariano,Sí,App,8245,False,False,False,False,268.74
7513654164,32,Masculino,Miami,Muy Alto,5,64.83,Sí,No,Vegetariano,Sí,Efectivo,10379,False,False,False,False,324.15
5118697060,64,Femenino,Miami,Medio,2,15.98,No,Sí,Carnes,No,App,2578,False,False,False,False,31.96
7451570193,35,Masculino,Miami,Alto,6,16.33,Sí,Sí,Carnes,Sí,Efectivo,8810,False,False,False,False,97.98
1515911984,44,Femenino,Miami,Alto,5,66.95,No,No,Carnes,Sí,App,8061,False,False,False,False,334.75
2234489517,30,Femenino,Miami,Muy Alto,7,85.25,No,Sí,Vegano,Sí,App,15174,False,False,False,False,596.75
6026145286,66,Femenino,Miami,Muy Alto,7,110.71,Sí,No,Mariscos,Sí,Tarjeta,13400,False,False,False,False,774.97
2597508443,36,Femenino,Miami,Muy Alto,7,112.68,No,Sí,Otro,No,App,16309,False,False,False,True,788.76
9313016347,34,Masculino,Miami,Muy Alto,10,49.66,Sí,No,Pescado,Sí,Efectivo,10626,False,False,False,False,496.6
4334251023,27,Femenino,Miami,Muy Alto,7,47.61,Sí,No,Vegano,Sí,App,9406,False,False,False,False,333.27
7832218800,55,Femenino,Miami,Muy Alto,9,39.66,Sí,Sí,Otro,Sí,Efectivo,13355,False,False,False,False,356.94
4526242854,58,Femenino,Miami,Alto,5,63.35,Sí,Sí,Carnes,No,Tarjeta,7548,False,False,False,False,316.75
8236361108,21,Femenino,Miami,Bajo,2,17.98,No,Sí,Mariscos,No,Tarjeta,952,False,False,False,False,35.96
4611071065,37,Masculino,Miami,Alto,4,35.65,Sí,No,Otro,Sí,App,5495,False,False,False,True,142.6
6975112197,44,Femenino,Miami,Bajo,3,18.46,Sí,No,Mariscos,No,Tarjeta,1240,False,False,False,False,55.38
2130627215,28,Masculino,Miami,Alto,6,15.61,No,Sí,Vegetariano,Sí,Tarjeta,6478,False,False,False,False,93.66
7455092839,34,Masculino,Miami,Alto,4,62.65,Sí,No,Pescado,No,App,5032,False,False,False,False,250.6
1181862229,27,Masculino,Miami,Muy Alto,9,24.49,No,Sí,Vegetariano,Sí,Efectivo,16244,False,False,False,False,220.41
6630062652,59,Femenino,Miami,Alto,4,68.76,No,No,Mariscos,Sí,Efectivo,8307,False,False,False,False,275.04
2885042034,68,Masculino,Miami,Alto,5,15.24,No,Sí,Carnes,No,Efectivo,3939,False,False,False,False,76.2
9197434797,76,Masculino,Miami,Alto,6,46.73,Sí,No,Vegetariano,Sí,Efectivo,6531,False,False,False,False,280.38
8112497128,19,Masculino,Miami,Medio,5,25.0,Sí,Sí,Mariscos,No,App,2233,False,False,False,False,125.0
5606736607,57,Masculino,Miami,Bajo,3,21.84,Sí,Sí,Otro,No,Efectivo,1544,False,False,False,False,65.52
1042362717,27,Femenino,Miami,Muy Alto,6,54.92,No,Sí,Mariscos,Sí,Tarjeta,14107,False,False,False,False,329.52
3863824822,59,Femenino,Miami,Muy Alto,9,12.45,Sí,No,Otro,Sí,Efectivo,12564,False,False,False,False,112.05
5927944597,39,Femenino,Miami,Muy Alto,7,65.67,Sí,Sí,Vegetariano,Sí,App,11468,False,False,False,False,459.69
6395707726,70,Femenino,Miami,Muy Alto,6,66.76,No,No,Mariscos,Sí,Tarjeta,10419,False,False,False,False,400.56
2293368313,42,Femenino,Miami,Muy Alto,9,77.45,Sí,No,Pescado,Sí,Tarjeta,9727,False,False,False,False,697.05
4954512358,45,Femenino,Miami,Bajo,3,13.03,No,No,Carnes,No,Efectivo,1362,False,False,False,False,39.09
1893610716,27,Masculino,Miami,Alto,4,62.84,Sí,Sí,Pescado,Sí,Tarjeta,4202,False,False,False,False,251.36
7588215408,44,Masculino,Miami,Muy Alto,7,27.16,Sí,No,Vegetariano,Sí,Efectivo,16977,False,False,False,False,190.12
6736242281,48,Masculino,Miami,Muy Alto,6,91.97,No,No,Mariscos,Sí,Efectivo,16789,False,False,False,False,551.82
3746308619,50,Masculino,Miami,Medio,2,26.29,Sí,No,Mariscos,No,App,3446,False,False,False,False,52.58
3714407764,54,Masculino,Miami,Alto,4,65.05,Sí,Sí,Mariscos,Sí,Efectivo,8755,False,False,False,False,260.2
3759627967,55,Femenino,Miami,Alto,5,30.08,No,No,Otro,Sí,App,8319,True,False,False,False,150.4
2622555846,77,Femenino,Miami,Muy Alto,5,88.62,Sí,No,Carnes,Sí,Tarjeta,16814,False,False,False,False,443.1
1172899535,23,Masculino,Miami,Muy Alto,7,99.49,No,Sí,Carnes,Sí,App,9947,False,False,False,False,696.43
4778755068,67,Masculino,Miami,Muy Alto,8,80.99,Sí,Sí,Mariscos,Sí,Efectivo,17643,False,False,False,False,647.92
5388085060,34,Masculino,Miami,Muy Alto,8,115.65,Sí,No,Mariscos,Sí,Tarjeta,10188,False,False,False,False,925.2
7333314020,61,Femenino,Miami,Alto,4,58.44,No,No,Mariscos,Sí,Tarjeta,8074,False,False,False,False,233.76
6642201119,28,Masculino,Miami,Alto,5,39.92,Sí,Sí,Carnes,No,Efectivo,5407,False,False,False,False,199.6
4840747561,20,Femenino,Miami,Medio,5,18.64,No,Sí,Mariscos,No,App,1678,False,False,False,False,93.2
6973338427,38,Masculino,Miami,Medio,3,13.84,Sí,No,Mariscos,No,Efectivo,2009,False,False,False,False,41.52
1570015858,37,Masculino,Miami,Medio,2,26.38,No,No,Vegetariano,No,Efectivo,1705,False,False,False,False,52.76
1582646853,45,Femenino,Miami,Muy Alto,9,79.31,No,Sí,Otro,Sí,Tarjeta,16884,False,False,False,False,713.79
3975418439,68,Masculino,Miami,Muy Alto,6,91.32,Sí,No,Vegetariano,Sí,Efectivo,15849,False,False,False,False,547.92
7887913925,77,Masculino,Miami,Alto,4,49.35,No,No,Vegetariano,Sí,Efectivo,6652,False,False,False,False,197.4
6737936549,48,Femenino,Miami,Alto,5,46.08,No,Sí,Mariscos,Sí,Efectivo,7334,True,False,False,False,230.4
8211105558,71,Masculino,Miami,Alto,5,48.78,Sí,No,Carnes,Sí,App,6277,False,False,False,False,243.9
8837202942,31,Femenino,Miami,Muy Alto,9,20.23,Sí,Sí,Otro,Sí,Tarjeta,9044,False,False,False,False,182.07
7690274631,48,Masculino,Miami,Muy Alto,7,115.3,Sí,Sí,Mariscos,Sí,Efectivo,14757,False,False,False,False,807.1
8117478955,43,Femenino,Miami,Bajo,2,21.64,No,Sí,Vegetariano,No,App,910,False,False,False,False,43.28
4999071147,78,Femenino,Miami,Bajo,1,19.58,No,Sí,Vegetariano,No,App,1285,False,False,False,False,19.58
1556936080,71,Masculino,Miami,Muy Alto,6,68.99,No,No,Otro,Sí,Efectivo,14372,False,False,False,False,413.94
4627016180,77,Femenino,Miami,Alto,4,62.67,No,Sí,Vegetariano,No,Efectivo,8460,False,False,False,False,250.68
1005011598,70,Femenino,Miami,Alto,4,14.95,Sí,Sí,Vegetariano,Sí,Tarjeta,7148,False,False,False,False,59.8
1181131407,69,Masculino,Miami,Medio,3,27.29,Sí,Sí,Vegetariano,Sí,Efectivo,1953,False,False,False,False,81.87
1030550173,60,Femenino,Miami,Medio,3,13.19,No,Sí,Vegetariano,No,App,2724,False,False,False,False,39.57
9560201622,41,Femenino,Miami,Muy Alto,9,57.23,No,Sí,Carnes,Sí,Efectivo,14813,False,False,False,False,515.07
8214981615,73,Femenino,Miami,Medio,5,29.47,Sí,Sí,Vegano,No,Efectivo,3072,False,False,False,False,147.35
2261679603,26,Masculino,Miami,Muy Alto,6,13.24,Sí,Sí,Vegetariano,No,Efectivo,14989,False,False,False,False,79.44
7197981591,26,Femenino,Miami,Medio,3,30.67,Sí,Sí,Vegetariano,Sí,Efectivo,2442,False,False,False,False,92.01
7354482425,73,Femenino,Miami,Medio,5,11.57,No,Sí,Vegetariano,No,Efectivo,2191,False,False,False,False,57.85
9548551869,28,Femenino,Miami,Alto,4,18.83,Sí,No,Vegetariano,Sí,Criptomoneda,6077,False,False,False,False,75.32
1418527097,49,Femenino,Miami,Muy Alto,9,25.72,No,No,Otro,Sí,App,13737,False,False,True,False,231.48
2974208537,23,Femenino,Miami,Bajo,3,18.18,No,Sí,Mariscos,No,Efectivo,1511,False,False,False,False,54.54
5694190173,77,Femenino,Miami,Muy Alto,7,13.71,Sí,No,Mariscos,Sí,Tarjeta,12137,False,False,False,False,95.97
4316455396,45,Masculino,Miami,Medio,5,27.98,No,No,Carnes,No,Efectivo,1646,False,False,False,False,139.9
7550930360,27,Femenino,Miami,Muy Alto,7,15.92,Sí,Sí,Mariscos,Sí,Efectivo,11578,True,False,False,False,111.44
8209804020,58,Masculino,Miami,Muy Alto,7,51.8,Sí,Sí,Mariscos,Sí,Tarjeta,15161,True,False,False,False,362.6
6649481727,27,Femenino,Miami,Medio,3,22.01,Sí,Sí,Mariscos,No,Tarjeta,2970,False,False,False,False,66.03
6670837424,37,Masculino,Miami,Alto,6,24.97,Sí,No,Otro,No,Tarjeta,6094,False,False,False,False,149.82
2264435319,37,Femenino,Miami,Muy Alto,10,75.99,No,No,Vegetariano,No,App,14042,False,False,False,False,759.9
3238603951,78,Femenino,Miami,Alto,6,30.2,No,No,Pescado,No,Efectivo,5588,False,False,False,False,181.2
1020748324,53,Masculino,Miami,Bajo,1,22.34,Sí,No,Mariscos,No,Tarjeta,1518,False,False,False,False,22.34
1788415032,76,Masculino,Miami,Medio,4,35.42,Sí,Sí,Mariscos,No,App,3060,False,False,False,False,141.68
1714025422,43,Femenino,Miami,Medio,5,26.24,Sí,Sí,Otro,No,App,1949,False,False,False,False,131.2
7484815168,30,Femenino,Miami,Alto,5,46.57,No,Sí,Carnes,No,Tarjeta,7160,False,False,False,False,232.85
1340843799,36,Masculino,Miami,Alto,6,64.6,Sí,No,Carnes,Sí,Tarjeta,7367,False,False,False,False,387.6
7425295013,51,Femenino,Miami,Bajo,2,12.73,No,Sí,Carnes,No,Efectivo,1512,False,False,False,False,25.46
7605744342,30,Femenino,Miami,Bajo,2,16.5,No,Sí,Vegetariano,No,Tarjeta,977,True,False,False,False,33.0
5959440463,39,Femenino,Miami,Alto,5,59.33,Sí,No,Mariscos,Sí,Efectivo,8189,False,False,False,False,296.65
7415871793,56,Femenino,Miami,Bajo,3,12.11,Sí,No,Vegano,No,App,805,False,False,False,False,36.33
1180574307,25,Masculino,Miami,Medio,3,11.37,No,Sí,Carnes,No,Efectivo,3472,False,False,False,False,34.11
9754216468,69,Masculino,Miami,Alto,5,16.43,No,No,Carnes,Sí,Tarjeta,5117,False,False,False,False,82.15
6955802032,22,Masculino,Miami,Medio,3,21.11,No,Sí,Otro,No,App,2938,False,False,False,False,63.33
2875453136,31,Masculino,Miami,Bajo,3,10.47,Sí,No,Otro,No,Efectivo,931,False,False,False,True,31.41
1304401362,78,Masculino,Miami,Alto,6,40.48,No,Sí,Vegetariano,Sí,Efectivo,4518,False,False,False,False,242.88
8032962713,67,Femenino,Miami,Alto,4,40.43,Sí,Sí,Pescado,No,App,8372,False,False,False,False,161.72
4841584895,20,Masculino,Miami,Alto,6,31.75,No,Sí,Mariscos,Sí,Tarjeta,8789,False,False,False,False,190.5
5347775122,52,Femenino,Miami,Bajo,2,23.23,Sí,No,Pescado,No,App,1248,False,False,False,False,46.46
6218484323,58,Masculino,Miami,Alto,5,50.22,Sí,No,Vegetariano,Sí,Efectivo,5047,False,False,False,False,251.1
9948829110,79,Masculino,Miami,Medio,3,26.6,No,No,Vegetariano,No,Tarjeta,2464,False,False,False,False,79.8
9438411468,27,Masculino,Miami,Alto,5,46.55,Sí,Sí,Vegetariano,Sí,Efectivo,6269,False,False,False,False,232.75
9597148137,27,Femenino,Miami,Bajo,1,12.55,No,Sí,Otro,No,Efectivo,1433,False,False,False,True,12.55
1830044665,47,Masculino,Miami,Medio,3,32.92,No,Sí,Pescado,No,Efectivo,2771,False,False,False,False,98.76
1593236707,68,Femenino,Miami,Medio,4,25.06,Sí,Sí,Carnes,No,Tarjeta,1754,False,False,False,False,100.24
5161446262,77,Femenino,Miami,Bajo,0,0.0,Sí,Sí,Vegetariano,No,Efectivo,1123,False,False,False,False,0.0
6038483556,59,Femenino,Miami,Alto,4,23.51,No,Sí,Mariscos,Sí,Efectivo,7959,False,False,False,False,94.04
8561091314,61,Masculino,Miami,Muy Alto,10,46.7,No,Sí,Pescado,Sí,App,13428,False,False,False,False,467.0
4752171298,42,Femenino,Miami,Alto,4,68.11,No,No,Vegetariano,Sí,App,3576,False,False,False,False,272.44
3256022785,41,Femenino,Miami,Alto,6,62.04,Sí,Sí,Vegano,Sí,App,5825,False,False,False,False,372.24
2717149150,66,Femenino,Miami,Medio,2,11.98,No,No,Vegetariano,No,Efectivo,2411,False,False,False,False,23.96
1283705599,80,Femenino,Miami,Muy Alto,7,23.17,No,No,Vegano,Sí,Tarjeta,12451,True,False,False,False,162.19
1954537325,26,Femenino,Miami,Bajo,1,20.93,No,Sí,Otro,No,Criptomoneda,887,False,False,False,False,20.93
9232949182,76,Femenino,Miami,Alto,6,29.0,Sí,No,Vegetariano,Sí,Efectivo,7125,False,False,False,False,174.0
1808071135,72,Femenino,Miami,Muy Alto,8,29.51,No,No,Otro,Sí,Efectivo,17949,False,False,False,False,236.08
1756531409,24,Femenino,Miami,Muy Alto,9,68.05,No,Sí,Vegetariano,Sí,Tarjeta,14623,False,False,False,False,612.45
8894659799,39,Masculino,Miami,Alto,4,52.52,Sí,Sí,Carnes,No,App,3500,False,False,False,False,210.08
2899060380,51,Femenino,Miami,Alto,5,37.65,Sí,Sí,Vegano,No,Tarjeta,3805,False,False,False,False,188.25
8253688093,47,Masculino,Miami,Alto,5,62.32,No,No,Carnes,No,App,3974,False,False,False,False,311.6
2580205025,22,Masculino,Miami,Muy Alto,10,97.23,No,Sí,Carnes,Sí,Tarjeta,10338,False,False,False,False,972.3
9604327340,34,Femenino,Miami,Medio,5,18.62,No,Sí,Vegano,No,App,3378,False,False,False,False,93.1
6731730751,24,Masculino,Miami,Medio,5,29.29,Sí,Sí,Mariscos,No,Tarjeta,2083,False,False,False,False,146.45
1569398174,78,Femenino,Miami,Medio,5,34.75,No,Sí,Pescado,Sí,Tarjeta,1904,False,False,False,False,173.75
4993904710,29,Femenino,Miami,Medio,3,10.25,Sí,Sí,Carnes,No,App,2885,False,False,False,False,30.75
9146660400,52,Masculino,Miami,Muy Alto,7,54.5,Sí,No,Otro,Sí,Efectivo,16964,False,False,False,True,381.5
1067320913,21,Femenino,Miami,Medio,2,29.11,Sí,Sí,Vegetariano,Sí,Efectivo,3000,False,False,False,False,58.22
8905744764,52,Femenino,Miami,Bajo,1,14.16,Sí,No,Mariscos,No,Efectivo,1238,False,False,False,False,14.16
1126942506,46,Masculino,Miami,Muy Alto,10,39.81,No,No,Vegano,Sí,Tarjeta,14505,False,False,False,False,398.1
2351112065,64,Masculino,Miami,Medio,4,36.91,Sí,Sí,Carnes,No,Efectivo,2350,False,False,False,False,147.64
7733642963,74,Masculino,Miami,Bajo,2,24.15,No,No,Vegano,No,Efectivo,819,False,False,False,False,48.3
2902209538,54,Femenino,Miami,Muy Alto,10,115.34,No,Sí,Mariscos,Sí,Efectivo,17130,False,False,False,False,1153.4
2506878485,37,Femenino,Miami,Medio,4,21.89,Sí,Sí,Carnes,No,Efectivo,2553,False,False,False,False,87.56
1744427087,41,Masculino,Miami,Alto,4,20.18,No,No,Vegetariano,Sí,App,5496,False,False,False,False,80.72
3864288372,22,Femenino,Miami,Muy Alto,8,28.61,Sí,Sí,Carnes,Sí,Tarjeta,16481,False,False,False,False,228.88
9488258588,43,Masculino,Miami,Medio,3,10.51,Sí,No,Otro,Sí,App,2788,False,False,False,False,31.53
4190206706,45,Masculino,Miami,Medio,2,31.44,No,No,Carnes,No,Efectivo,3216,False,False,False,False,62.88
4979742135,61,Masculino,Miami,Alto,6,47.81,No,Sí,Otro,Sí,Tarjeta,5402,False,False,False,False,286.86
3992485680,72,Masculino,Miami,Medio,3,24.09,Sí,No,Mariscos,No,Tarjeta,3334,False,False,False,False,72.27
5873454866,55,Masculino,Miami,Muy Alto,5,102.27,No,Sí,Otro,Sí,Tarjeta,11877,False,False,False,True,511.35
6917833404,75,Masculino,Miami,Alto,6,57.81,No,No,Carnes,Sí,Tarjeta,7894,False,False,False,False,346.86
7071190983,57,Masculino,Miami,Alto,4,67.84,No,Sí,Carnes,Sí,Efectivo,6952,False,False,False,False,271.36
1546696950,22,Femenino,Miami,Muy Alto,10,51.14,Sí,Sí,Vegetariano,Sí,Tarjeta,12497,False,False,False,False,511.4
6245041051,80,Masculino,Miami,Bajo,2,24.65,Sí,Sí,Otro,No,Tarjeta,1350,False,False,False,False,49.3
7022836757,67,Masculino,Miami,Alto,5,19.09,Sí,Sí,Mariscos,Sí,Tarjeta,5752,False,False,False,False,95.45
4790223364,79,Femenino,Miami,Bajo,2,20.67,Sí,Sí,Mariscos,No,App,1052,False,False,False,False,41.34
7925383538,23,Masculino,Miami,Bajo,2,23.7,Sí,No,Otro,No,Tarjeta,1061,False,False,False,False,47.4
8458256139,75,Masculino,Miami,Muy Alto,5,51.55,Sí,No,Vegano,Sí,Efectivo,9128,False,False,False,False,257.75
3629175958,61,Femenino,Miami,Alto,6,55.77,No,Sí,Otro,No,Efectivo,4337,False,False,False,True,334.62
2565349984,47,Masculino,Miami,Alto,5,20.09,Sí,Sí,Mariscos,Sí,App,3684,False,False,False,False,100.45
1342270638,50,Femenino,Miami,Medio,4,27.03,Sí,No,Vegano,No,Efectivo,2233,False,False,False,False,108.12
2326494754,46,Femenino,Miami,Alto,4,27.1,No,No,Vegano,Sí,Tarjeta,4256,False,False,False,False,108.4
2221154162,54,Femenino,Miami,Bajo,1,11.53,No,Sí,Mariscos,No,Tarjeta,1246,False,False,False,False,11.53
3925984100,21,Masculino,Miami,Muy Alto,7,123.62,Sí,Sí,Mariscos,Sí,App,17847,False,False,False,False,865.34
9551366213,47,Masculino,Miami,Muy Alto,9,16.0,Sí,Sí,Vegetariano,Sí,App,15362,False,False,False,False,144.0
5212057345,30,Femenino,Miami,Bajo,1,23.93,No,Sí,Pescado,No,Tarjeta,917,False,False,False,False,23.93
1447818644,64,Femenino,Miami,Medio,3,23.19,Sí,No,Vegetariano,No,App,1937,True,False,False,False,69.57
8714926942,38,Femenino,Miami,Alto,4,39.88,No,Sí,Pescado,No,Tarjeta,7322,False,False,False,False,159.52
3791213115,28,Femenino,Miami,Alto,5,63.74,No,Sí,Carnes,Sí,Tarjeta,8687,True,False,False,False,318.7
9333374220,48,Masculino,Miami,Alto,5,45.38,Sí,No,Mariscos,Sí,Tarjeta,8419,False,False,False,False,226.9
8269606323,52,Masculino,Miami,Muy Alto,5,54.18,Sí,No,Carnes,No,Efectivo,11776,False,False,False,False,270.9
8600128145,41,Femenino,Miami,Muy Alto,7,82.54,No,Sí,Mariscos,Sí,Tarjeta,13637,False,False,False,False,577.78
4877884287,58,Masculino,Miami,Bajo,3,22.05,Sí,Sí,Vegetariano,No,Efectivo,1595,False,False,False,False,66.15
8936210685,39,Femenino,Miami,Alto,6,54.33,Sí,No,Carnes,Sí,Efectivo,8597,False,False,False,False,325.98
4912830079,23,Masculino,Miami,Muy Alto,7,49.96,No,Sí,Mariscos,Sí,Efectivo,10731,False,False,False,False,349.72
5624513334,79,Masculino,Miami,Muy Alto,8,60.55,Sí,No,Vegano,Sí,Efectivo,13412,False,False,False,False,484.4
6908985505,32,Femenino,Miami,Muy Alto,5,102.64,Sí,No,Vegano,Sí,Tarjeta,10308,False,False,False,False,513.2
6446231232,31,Femenino,Miami,Medio,4,31.58,No,Sí,Mariscos,No,Efectivo,3327,False,False,False,False,126.32
9921325206,50,Masculino,Miami,Muy Alto,9,11.43,Sí,No,Mariscos,Sí,App,10225,False,False,False,False,102.87
4766594237,54,Femenino,Miami,Medio,3,23.48,Sí,No,Mariscos,No,Efectivo,1853,False,True,False,False,70.44
9579985535,58,Femenino,Miami,Muy Alto,9,91.98,No,Sí,Vegetariano,Sí,Tarjeta,15254,False,False,False,False,827.82
7973074025,35,Femenino,Miami,Bajo,2,12.77,No,No,Mariscos,No,Efectivo,931,False,False,False,False,25.54
4311020723,48,Femenino,Miami,Muy Alto,9,27.57,No,Sí,Carnes,Sí,Tarjeta,10857,False,False,False,False,248.13
6348193893,63,Masculino,Miami,Bajo,1,16.56,Sí,No,Mariscos,No,Tarjeta,1432,False,False,False,False,16.56
7568626421,33,Masculino,Miami,Alto,4,66.96,No,Sí,Vegano,No,Tarjeta,3890,False,False,False,False,267.84
4974684170,43,Masculino,Miami,Muy Alto,9,13.64,Sí,Sí,Vegetariano,Sí,Tarjeta,9887,False,False,False,False,122.76
9168258531,44,Masculino,Miami,Medio,4,35.36,Sí,Sí,Mariscos,No,App,1761,False,False,False,False,141.44
7951215955,47,Masculino,Miami,Alto,5,41.33,Sí,No,Otro,Sí,Efectivo,3797,False,False,False,True,206.65
2009317340,68,Femenino,Miami,Medio,4,25.22,Sí,Sí,Vegano,No,Efectivo,2866,False,False,False,False,100.88
8894638247,62,Masculino,Miami,Medio,5,38.54,No,No,Mariscos,Sí,Efectivo,1647,False,False,False,False,192.7
3828935922,22,Femenino,Miami,Bajo,0,0.0,No,Sí,Carnes,No,Efectivo,1371,False,False,False,False,0.0
7050919099,20,Femenino,Miami,Bajo,3,11.64,No,Sí,Carnes,No,Efectivo,963,False,False,False,False,34.92
8975906469,42,Masculino,Miami,Alto,6,11.56,Sí,Sí,Vegano,No,Tarjeta,5817,False,False,False,False,69.36
2143226860,44,Masculino,Miami,Medio,5,27.34,Sí,No,Vegano,Sí,Efectivo,2509,False,False,False,False,136.7
1785418196,55,Femenino,Miami,Medio,2,35.2,No,Sí,Vegetariano,Sí,App,2320,False,False,False,False,70.4
4218445322,38,Masculino,Miami,Medio,4,39.14,No,No,Vegano,No,Tarjeta,1781,False,False,False,False,156.56
1994368188,28,Masculino,Miami,Muy Alto,9,127.99,Sí,Sí,Vegano,Sí,Efectivo,9383,False,False,False,False,1151.91
9244809360,46,Masculino,Miami,Bajo,1,13.84,Sí,No,Vegano,No,App,1093,False,False,False,False,13.84
3724703311,71,Femenino,Miami,Bajo,2,20.47,No,No,Mariscos,No,App,908,True,False,False,False,40.94
5541503427,63,Femenino,Miami,Muy Alto,7,70.96,No,No,Vegano,Sí,Tarjeta,15381,True,False,False,False,496.72
4428763547,70,Femenino,Miami,Medio,3,16.3,No,No,Mariscos,No,Efectivo,3491,False,False,False,False,48.9
8237380833,18,Masculino,Miami,Muy Alto,7,24.73,No,Sí,Mariscos,Sí,App,13088,False,False,False,False,173.11
9732419872,76,Femenino,Miami,Medio,3,11.95,Sí,No,Vegetariano,No,Efectivo,2452,False,False,False,False,35.85
8315017360,69,Femenino,Miami,Medio,2,34.64,No,No,Pescado,No,Tarjeta,2266,False,False,False,False,69.28
8262720206,60,Masculino,Miami,Alto,4,31.78,Sí,Sí,Otro,Sí,Tarjeta,3895,False,False,False,False,127.12
8924779882,66,Femenino,Miami,Bajo,0,0.0,No,No,Otro,No,Tarjeta,812,False,False,False,False,0.0
3397397574,48,Masculino,Miami,Bajo,3,19.93,Sí,Sí,Carnes,No,Tarjeta,1247,False,False,False,False,59.79
8981879178,40,Masculino,Miami,Bajo,2,11.56,Sí,Sí,Otro,No,App,847,False,False,False,False,23.12
1767264594,77,Femenino,Miami,Alto,5,23.76,Sí,Sí,Mariscos,No,App,3535,False,False,False,False,118.8
9656360037,63,Femenino,Miami,Alto,5,65.06,Sí,Sí,Mariscos,Sí,Tarjeta,6633,False,False,False,False,325.3
1818112342,19,Femenino,Miami,Alto,5,64.86,Sí,Sí,Mariscos,No,Efectivo,7724,False,False,False,False,324.3
5795497310,66,Femenino,Miami,Alto,6,11.85,No,Sí,Vegetariano,Sí,App,6096,False,False,False,False,71.1
8542116844,48,Femenino,Miami,Medio,2,15.91,No,Sí,Carnes,No,Efectivo,1635,False,False,False,False,31.82
1272343789,23,Masculino,Miami,Bajo,2,21.31,Sí,Sí,Mariscos,No,Efectivo,980,False,False,False,False,42.62
1123179307,37,Masculino,Miami,Alto,5,43.66,Sí,No,Mariscos,No,App,6313,True,False,False,False,218.3
2460878541,43,Masculino,Miami,Alto,4,16.88,No,Sí,Mariscos,Sí,Tarjeta,8727,False,False,False,False,67.52
5569634757,26,Masculino,Miami,Bajo,3,23.65,No,Sí,Mariscos,No,Tarjeta,1381,False,False,False,False,70.95
1646724373,55,Femenino,Miami,Alto,5,13.09,Sí,No,Vegetariano,No,Efectivo,5818,False,False,False,False,65.45
6099181400,49,Masculino,Miami,Alto,4,43.09,No,Sí,Otro,Sí,Tarjeta,3785,False,False,True,True,172.36
8294323078,63,Femenino,Miami,Alto,5,38.8,Sí,Sí,Vegetariano,Sí,Efectivo,8622,False,False,False,False,194.0
3855341792,80,Masculino,Miami,Medio,3,39.02,Sí,No,Mariscos,No,Efectivo,2798,False,False,False,False,117.06
2483466632,31,Femenino,Miami,Medio,4,33.14,Sí,Sí,Vegano,No,Tarjeta,2621,False,False,False,False,132.56
3478592108,65,Masculino,Miami,Alto,5,59.91,No,No,Mariscos,Sí,Efectivo,7846,True,False,False,False,299.55
9566591713,61,Masculino,Miami,Medio,4,18.49,No,No,Carnes,No,App,1642,False,False,False,False,73.96
6186672572,48,Femenino,Miami,Medio,4,15.17,No,Sí,Vegano,No,Efectivo,2356,False,False,False,False,60.68
8523039914,28,Masculino,Miami,Medio,4,34.06,Sí,Sí,Otro,No,Efectivo,2423,False,False,False,True,136.24
3063885621,33,Femenino,Miami,Alto,4,29.44,Sí,Sí,Otro,Sí,App,8283,False,False,False,False,117.76
8242979770,78,Femenino,Miami,Alto,5,15.77,No,Sí,Pescado,Sí,Efectivo,3643,False,False,False,False,78.85
1204722549,64,Masculino,Miami,Alto,6,17.3,No,Sí,Mariscos,Sí,Efectivo,6682,False,False,False,False,103.8
4690830283,35,Femenino,Miami,Alto,6,26.33,No,Sí,Vegano,Sí,App,7205,False,False,False,False,157.98
1493056844,75,Masculino,Miami,Alto,5,57.04,Sí,No,Mariscos,Sí,App,8432,False,False,False,False,285.2
2665958959,45,Masculino,Miami,Alto,4,66.27,No,No,Vegetariano,Sí,Tarjeta,6979,False,False,False,False,265.08
3746235380,23,Masculino,Miami,Alto,4,15.69,No,Sí,Mariscos,Sí,App,5011,False,False,False,False,62.76
6737638675,20,Femenino,Miami,Muy Alto,8,38.4,No,Sí,Otro,Sí,Efectivo,10557,False,False,False,False,307.2
7822616916,26,Masculino,Miami,Alto,4,68.14,No,Sí,Vegetariano,No,Efectivo,7827,False,False,False,False,272.56
2921952148,30,Femenino,Miami,Medio,5,34.68,No,Sí,Vegetariano,No,Efectivo,1896,False,False,False,False,173.4
5152640051,52,Masculino,Miami,Alto,6,53.23,Sí,Sí,Carnes,No,Efectivo,3885,False,False,False,False,319.38
3300397566,79,Femenino,Miami,Alto,5,65.79,Sí,Sí,Vegetariano,No,Efectivo,7477,False,False,False,False,328.95
2190330168,80,Femenino,Miami,Alto,6,14.47,No,No,Vegetariano,Sí,Tarjeta,8778,False,False,False,False,86.82
9856715938,57,Masculino,Miami,Alto,5,58.37,Sí,Sí,Mariscos,Sí,Tarjeta,4659,False,False,False,False,291.85
8460381193,33,Femenino,Miami,Medio,2,10.19,Sí,Sí,Vegano,No,App,2571,False,False,False,False,20.38
6139875052,62,Femenino,Miami,Alto,4,10.1,Sí,Sí,Pescado,Sí,Efectivo,7309,False,False,False,False,40.4
9244369157,59,Femenino,Miami,Alto,6,59.15,No,Sí,Pescado,Sí,Tarjeta,3792,False,False,False,False,354.9
2497193860,67,Masculino,Miami,Medio,5,10.66,Sí,Sí,Otro,Sí,Tarjeta,3017,False,False,False,False,53.3
4193531209,80,Femenino,Miami,Alto,4,67.59,No,No,Carnes,Sí,App,4515,False,False,False,False,270.36
1800656591,22,Femenino,Miami,Muy Alto,5,119.49,Sí,No,Otro,Sí,Efectivo,9886,False,False,False,False,597.45
7597284680,42,Masculino,Miami,Muy Alto,7,129.14,Sí,Sí,Pescado,Sí,Efectivo,12404,True,False,False,False,903.98
4280722909,33,Femenino,Miami,Muy Alto,9,60.88,Sí,Sí,Carnes,Sí,Efectivo,10767,False,False,False,False,547.92
6622492862,44,Masculino,Miami,Muy Alto,8,32.92,Sí,No,Mariscos,Sí,Efectivo,9886,False,False,False,False,263.36
4950618545,65,Femenino,Miami,Medio,5,38.71,Sí,Sí,Vegetariano,No,Efectivo,1908,False,False,False,False,193.55
1820257761,48,Femenino,Miami,Muy Alto,7,22.78,Sí,No,Vegetariano,Sí,Tarjeta,13791,False,False,False,False,159.46
7139456572,55,Masculino,Miami,Alto,6,40.25,No,Sí,Mariscos,Sí,Tarjeta,7621,False,False,False,False,241.5
3403293589,72,Masculino,Miami,Alto,6,41.57,No,No,Vegano,Sí,Efectivo,5970,False,False,False,False,249.42
6032178997,20,Masculino,Miami,Muy Alto,10,57.16,No,Sí,Mariscos,Sí,Efectivo,11217,False,False,False,False,571.6
3233008514,45,Masculino,Miami,Medio,3,15.82,Sí,Sí,Vegetariano,No,Efectivo,2691,True,False,False,False,47.46
9745059789,73,Femenino,Miami,Alto,6,38.04,Sí,Sí,Vegetariano,Sí,Tarjeta,4037,False,False,False,False,228.24
1356330603,34,Femenino,Miami,Medio,3,30.06,Sí,No,Mariscos,No,App,2303,False,False,False,False,90.18
1405442362,48,Femenino,Miami,Alto,4,56.77,Sí,No,Mariscos,Sí,Efectivo,8889,False,False,False,False,227.08
2583985000,75,Masculino,Miami,Muy Alto,7,77.93,No,No,Carnes,Sí,Tarjeta,11935,False,False,False,False,545.51
3427974255,75,Masculino,Miami,Alto,5,26.17,No,No,Carnes,Sí,Tarjeta,4646,False,False,False,False,130.85
2467288847,56,Femenino,Miami,Alto,5,24.04,Sí,No,Carnes,Sí,Tarjeta,4195,False,False,False,False,120.2
3577418939,78,Femenino,Miami,Medio,3,20.71,Sí,Sí,Vegano,No,Tarjeta,1770,False,False,False,False,62.13
8512776089,79,Femenino,Miami,Alto,4,63.37,No,Sí,Vegetariano,Sí,Efectivo,6117,False,False,False,False,253.48
8268509921,29,Femenino,Miami,Bajo,1,19.4,No,Sí,Carnes,No,Tarjeta,1402,False,False,False,False,19.4
3565141278,21,Femenino,Miami,Alto,6,49.86,No,Sí,Vegetariano,No,Tarjeta,7136,False,False,False,False,299.16
4768454293,26,Femenino,Miami,Muy Alto,5,70.89,Sí,Sí,Mariscos,Sí,Tarjeta,9251,False,False,False,False,354.45
9848243913,54,Femenino,Miami,Medio,4,30.0,No,No,Carnes,No,Tarjeta,3373,False,False,False,False,120.0
3786850693,63,Masculino,Miami,Muy Alto,10,115.55,Sí,No,Vegetariano,No,Efectivo,12775,False,False,False,False,1155.5
4581821730,46,Femenino,Miami,Muy Alto,5,124.91,Sí,Sí,Vegano,Sí,Efectivo,16466,False,False,False,False,624.55
4670884538,64,Femenino,Miami,Medio,2,37.59,No,Sí,Carnes,No,Efectivo,3264,False,False,False,False,75.18
1825688500,54,Femenino,Miami,Muy Alto,5,94.53,No,Sí,Mariscos,Sí,App,15433,False,False,False,False,472.65
8268779398,40,Masculino,Miami,Muy Alto,9,59.05,No,No,Mariscos,Sí,Criptomoneda,10955,False,False,False,False,531.45
7125531606,42,Masculino,Miami,Alto,5,23.78,No,Sí,Mariscos,Sí,Tarjeta,7460,True,False,False,False,118.9
8339498779,39,Femenino,Miami,Alto,6,39.46,Sí,Sí,Otro,Sí,App,8459,False,False,False,False,236.76
2863844675,80,Masculino,Miami,Bajo,3,20.27,No,No,Vegetariano,No,Tarjeta,1282,False,False,False,False,60.81
2205032423,30,Masculino,Miami,Medio,2,30.51,No,Sí,Carnes,No,Efectivo,3282,False,False,False,False,61.02
6121400193,35,Femenino,Miami,Alto,5,44.89,No,No,Vegetariano,No,Tarjeta,7591,True,False,False,False,224.45
9433047115,33,Femenino,Miami,Bajo,1,16.31,Sí,Sí,Otro,No,App,1390,False,False,False,True,16.31
7653525029,60,Masculino,Miami,Medio,2,29.26,No,Sí,Carnes,Sí,Efectivo,2202,False,False,False,False,58.52
9392871971,48,Masculino,Miami,Bajo,3,19.58,Sí,Sí,Otro,No,Efectivo,1224,False,False,False,False,58.74
5578260598,59,Masculino,Miami,Muy Alto,8,34.34,Sí,Sí,Mariscos,Sí,App,16398,False,False,False,False,274.72
7044182517,40,Masculino,Miami,Muy Alto,5,72.24,Sí,No,Mariscos,Sí,Tarjeta,17730,False,False,False,False,361.2
6048250271,32,Femenino,Miami,Muy Alto,9,34.53,Sí,No,Mariscos,Sí,App,16049,False,False,False,False,310.77
1687842448,71,Masculino,Miami,Muy Alto,8,40.66,Sí,No,Mariscos,Sí,Efectivo,9161,False,False,False,False,325.28
9572554684,46,Femenino,Miami,Medio,2,37.85,No,Sí,Vegetariano,Sí,Efectivo,2725,False,False,False,False,75.7
7667700338,59,Femenino,Miami,Muy Alto,9,127.6,No,No,Vegetariano,Sí,Tarjeta,9430,False,False,False,False,1148.4
5504481906,38,Femenino,Miami,Medio,3,19.28,No,No,Vegetariano,No,Efectivo,1858,False,False,False,False,57.84
4675851767,25,Femenino,Miami,Muy Alto,7,52.98,Sí,Sí,Carnes,Sí,App,12066,False,False,False,False,370.86
3564647996,40,Masculino,Miami,Alto,6,27.5,No,Sí,Vegetariano,Sí,Efectivo,7153,False,False,False,False,165.0
3765510100,34,Femenino,Miami,Alto,4,32.35,Sí,Sí,Vegetariano,Sí,Efectivo,5251,False,False,False,False,129.4
4985434551,45,Femenino,Miami,Alto,4,47.14,Sí,Sí,Carnes,Sí,Tarjeta,6824,False,False,False,False,188.56
8587584773,42,Masculino,Miami,Muy Alto,8,39.42,Sí,No,Pescado,Sí,Criptomoneda,11466,False,False,False,False,315.36
9483102271,73,Femenino,Miami,Medio,4,20.56,Sí,No,Mariscos,No,Efectivo,2320,False,False,False,False,82.24
7944924553,58,Femenino,Miami,Alto,5,10.02,Sí,Sí,Vegetariano,Sí,App,3959,False,False,False,False,50.1
1011756664,77,Femenino,Miami,Muy Alto,5,24.9,Sí,No,Mariscos,Sí,Efectivo,16616,False,False,False,False,124.5
7140512524,44,Masculino,Miami,Alto,5,38.43,Sí,No,Vegano,No,Tarjeta,6988,False,False,False,False,192.15
2057747489,34,Masculino,Miami,Bajo,1,16.56,Sí,Sí,Carnes,No,Tarjeta,885,False,False,False,False,16.56
9306517195,32,Masculino,Miami,Alto,4,34.38,Sí,No,Mariscos,Sí,Tarjeta,5830,False,False,False,False,137.52
8221212040,26,Masculino,Miami,Alto,6,34.95,Sí,Sí,Mariscos,Sí,App,8999,False,False,False,False,209.7
5162070860,50,Femenino,Miami,Muy Alto,10,81.59,Sí,Sí,Mariscos,Sí,App,11457,False,False,False,False,815.9
1739024459,23,Masculino,Miami,Bajo,2,20.12,No,Sí,Mariscos,No,Efectivo,1014,False,False,False,False,40.24
9114795259,38,Masculino,Miami,Alto,6,46.76,Sí,No,Otro,Sí,Criptomoneda,8233,False,False,False,True,280.56
6642076202,70,Masculino,Miami,Medio,2,18.24,No,Sí,Vegetariano,Sí,Efectivo,2741,False,False,False,False,36.48
5101751387,64,Masculino,Miami,Muy Alto,5,94.34,No,Sí,Pescado,Sí,Efectivo,14920,False,False,False,False,471.7
3656665437,53,Femenino,Miami,Muy Alto,10,15.2,No,No,Mariscos,Sí,Tarjeta,13271,False,False,False,False,152.0
6277827439,22,Masculino,Miami,Medio,4,32.6,No,Sí,Vegetariano,Sí,Tarjeta,2629,False,False,False,False,130.4
2430844947,39,Femenino,Miami,Alto,6,13.64,Sí,Sí,Vegetariano,Sí,App,4154,False,False,False,False,81.84
5049584574,55,Masculino,Miami,Medio,4,28.17,No,Sí,Mariscos,No,Tarjeta,1929,False,False,False,False,112.68
3007267468,46,Masculino,Miami,Medio,3,35.97,Sí,No,Mariscos,No,Tarjeta,3302,False,False,False,False,107.91
1284448229,19,Masculino,Miami,Bajo,0,0.0,Sí,Sí,Carnes,No,App,1224,False,False,False,False,0.0
2682559078,48,Masculino,Miami,Alto,5,55.53,Sí,No,Vegetariano,Sí,App,8039,False,False,False,False,277.65
6473282196,44,Masculino,Miami,Medio,5,31.24,No,No,Otro,No,Efectivo,2764,False,False,False,False,156.2
8603712108,37,Masculino,Miami,Alto,5,37.58,Sí,No,Carnes,Sí,Efectivo,3916,False,False,False,False,187.9
3219484640,21,Femenino,Miami,Bajo,2,12.08,No,Sí,Vegetariano,No,App,1342,False,False,False,False,24.16
9081824746,22,Masculino,Miami,Muy Alto,9,104.1,No,Sí,Vegetariano,No,Efectivo,13047,False,False,False,False,936.9
4783058245,18,Masculino,Miami,Alto,4,54.18,No,Sí,Vegetariano,Sí,Efectivo,4328,False,False,False,False,216.72
9127170166,76,Femenino,Miami,Muy Alto,5,37.79,No,No,Mariscos,Sí,Tarjeta,12472,False,False,False,False,188.95
9790443938,62,Masculino,Miami,Medio,3,10.06,No,Sí,Mariscos,No,Efectivo,1675,False,False,False,False,30.18
7768282614,65,Masculino,Miami,Alto,4,39.75,Sí,No,Otro,Sí,App,5896,False,False,False,True,159.0
2129491690,45,Masculino,Miami,Muy Alto,7,68.74,No,No,Vegano,Sí,Tarjeta,13214,False,False,False,False,481.18
4386736808,46,Femenino,Miami,Medio,3,30.36,No,No,Vegano,No,App,3452,False,False,False,False,91.08
3795176226,68,Femenino,Miami,Alto,6,42.7,No,No,Vegetariano,No,Tarjeta,5909,False,False,False,False,256.2
1054508854,31,Masculino,Miami,Bajo,2,20.79,Sí,No,Pescado,No,Efectivo,1335,False,False,False,False,41.58
2845218708,41,Masculino,Miami,Medio,5,19.13,No,Sí,Vegano,No,Tarjeta,3007,False,False,False,False,95.65
8854081847,26,Femenino,Miami,Muy Alto,10,48.23,No,Sí,Otro,Sí,Efectivo,9315,False,False,False,True,482.3
7938875613,40,Masculino,Miami,Alto,5,50.94,Sí,No,Carnes,Sí,Efectivo,6240,False,False,False,False,254.7
9318391316,74,Femenino,Miami,Medio,3,21.97,Sí,Sí,Vegano,No,Efectivo,2247,False,False,False,False,65.91
3486208551,53,Femenino,Miami,Muy Alto,9,124.8,Sí,Sí,Vegetariano,Sí,Efectivo,15655,False,False,False,False,1123.2
1704269906,23,Femenino,Miami,Alto,4,51.69,Sí,Sí,Otro,Sí,App,3533,False,False,False,False,206.76
8685192265,39,Femenino,Miami,Alto,5,30.49,No,No,Pescado,Sí,Efectivo,3523,False,False,False,False,152.45
6846768209,24,Masculino,Miami,Alto,6,55.13,No,No,Vegano,Sí,Efectivo,7167,False,False,False,False,330.78
3111814708,43,Masculino,Miami,Bajo,0,0.0,Sí,No,Vegano,No,App,1257,False,False,False,False,0.0
7705605962,39,Femenino,Miami,Alto,4,11.44,No,No,Carnes,Sí,Efectivo,8881,False,False,False,False,45.76
3325664111,70,Masculino,Miami,Muy Alto,7,107.86,Sí,No,Mariscos,Sí,Efectivo,12660,False,False,False,False,755.02
8067214672,19,Masculino,Miami,Medio,5,30.07,Sí,Sí,Pescado,No,Efectivo,3077,False,False,False,False,150.35
2786207807,69,Femenino,Miami,Medio,5,28.97,No,No,Mariscos,Sí,App,3285,False,False,False,False,144.85
5943324387,74,Femenino,Miami,Muy Alto,10,79.26,Sí,Sí,Vegano,Sí,App,17114,False,False,False,False,792.6
8519224538,61,Masculino,Miami,Muy Alto,6,64.68,Sí,Sí,Vegetariano,Sí,App,11866,False,False,False,False,388.08
4467888399,36,Masculino,Miami,Medio,5,20.05,Sí,No,Vegetariano,No,Efectivo,2905,False,False,False,False,100.25
2429841045,42,Masculino,Miami,Bajo,1,16.03,Sí,No,Otro,No,Tarjeta,854,False,False,False,False,16.03
6769117769,63,Femenino,Miami,Alto,4,23.78,Sí,Sí,Carnes,Sí,Efectivo,5669,False,False,False,False,95.12
2491037125,49,Masculino,Miami,Muy Alto,8,74.7,No,No,Vegetariano,Sí,Efectivo,17816,False,False,True,False,597.6
1173644819,44,Masculino,Miami,Bajo,3,15.8,Sí,No,Vegetariano,No,Efectivo,1325,False,False,False,False,47.4
7904668955,65,Masculino,Miami,Alto,5,61.01,Sí,No,Vegetariano,Sí,Tarjeta,8340,False,False,False,False,305.05
5771682016,64,Masculino,Miami,Muy Alto,9,41.05,No,No,Mariscos,Sí,App,9206,False,False,False,False,369.45
1418003917,64,Femenino,Miami,Alto,5,57.06,Sí,Sí,Otro,Sí,Efectivo,7599,True,False,False,False,285.3
3667218990,44,Masculino,Miami,Muy Alto,10,64.67,Sí,Sí,Mariscos,Sí,Tarjeta,10084,False,False,False,False,646.7
2241376005,48,Femenino,Miami,Alto,5,38.08,No,Sí,Pescado,No,Tarjeta,7791,False,False,False,False,190.4
6630286899,47,Masculino,Miami,Alto,4,44.14,Sí,No,Pescado,Sí,Tarjeta,8309,False,False,False,False,176.56
7207887499,52,Masculino,Miami,Medio,3,29.0,No,No,Otro,No,App,3189,False,False,False,False,87.0
6043711383,22,Femenino,Miami,Alto,4,22.89,No,Sí,Vegano,No,Efectivo,8584,False,False,False,False,91.56
8431007395,38,Masculino,Miami,Medio,5,12.19,Sí,No,Mariscos,No,Tarjeta,2290,False,False,False,False,60.95
8530483779,67,Femenino,Miami,Alto,5,56.6,No,No,Mariscos,Sí,Efectivo,7967,False,False,False,False,283.0
9512265237,19,Femenino,Miami,Alto,6,51.0,No,Sí,Vegetariano,Sí,Efectivo,3637,False,False,False,False,306.0
7659472057,67,Femenino,Miami,Alto,5,40.68,Sí,Sí,Pescado,Sí,Efectivo,4410,False,False,False,False,203.4
5523703900,36,Masculino,Miami,Alto,4,45.07,No,Sí,Carnes,Sí,Efectivo,5092,False,False,False,False,180.28
7665963761,47,Masculino,Miami,Alto,5,60.34,Sí,No,Vegetariano,Sí,Efectivo,6453,False,False,False,False,301.7
6635724009,44,Femenino,Miami,Medio,2,19.05,No,No,Mariscos,Sí,Tarjeta,2598,False,False,False,False,38.1
2776866212,67,Masculino,Miami,Medio,5,30.15,Sí,No,Mariscos,No,App,1906,False,False,False,False,150.75
1805341148,18,Masculino,Miami,Alto,4,27.95,Sí,Sí,Mariscos,Sí,Tarjeta,6055,False,False,False,False,111.8
4604055078,18,Femenino,Miami,Bajo,0,0.0,No,Sí,Mariscos,No,Tarjeta,1303,False,False,False,False,0.0
8392972673,67,Masculino,Miami,Bajo,3,13.96,No,No,Mariscos,No,Efectivo,1408,False,False,False,False,41.88
3283328119,47,Femenino,Miami,Muy Alto,6,70.39,No,Sí,Otro,Sí,App,10269,False,False,False,False,422.34
1641702743,21,Masculino,Miami,Muy Alto,5,67.56,No,No,Vegetariano,Sí,Tarjeta,17400,False,False,False,False,337.8
1092307558,36,Femenino,Miami,Alto,5,16.57,No,Sí,Carnes,Sí,Efectivo,8022,False,False,False,False,82.85
7853666330,50,Masculino,Miami,Alto,5,64.75,No,No,Mariscos,No,Efectivo,5253,False,False,False,False,323.75
7330560301,59,Femenino,Miami,Alto,5,10.82,No,No,Mariscos,No,Tarjeta,6897,False,False,False,False,54.1
5492496998,80,Masculino,Miami,Alto,5,10.95,No,Sí,Mariscos,No,App,7457,False,False,False,False,54.75
7912982430,34,Masculino,Miami,Alto,6,32.5,No,Sí,Otro,No,Efectivo,7511,False,False,False,False,195.0
1461223270,37,Masculino,Miami,Muy Alto,10,127.12,No,Sí,Carnes,Sí,Efectivo,12769,False,False,False,False,1271.2
5543253241,46,Masculino,Miami,Alto,5,44.92,No,No,Pescado,Sí,Tarjeta,4887,False,False,False,False,224.6
5885045005,29,Masculino,Miami,Muy Alto,10,14.37,Sí,Sí,Otro,Sí,Efectivo,12165,False,False,False,False,143.7
5742431720,20,Masculino,Miami,Muy Alto,6,116.55,No,Sí,Vegetariano,Sí,Efectivo,13903,False,False,False,False,699.3
6043349038,70,Femenino,Miami,Medio,2,29.22,No,Sí,Carnes,Sí,App,3394,False,False,False,False,58.44
1784914375,46,Masculino,Miami,Bajo,1,11.68,Sí,No,Mariscos,No,Tarjeta,814,False,False,False,False,11.68
3726189424,43,Masculino,Miami,Medio,4,20.55,Sí,Sí,Carnes,No,App,1811,False,False,False,False,82.2
3497104816,55,Femenino,Miami,Alto,4,52.69,Sí,Sí,Pescado,No,App,4185,False,False,False,False,210.76
6763471833,47,Masculino,Miami,Muy Alto,7,105.56,Sí,Sí,Vegano,Sí,Efectivo,13285,True,False,False,False,738.92
1365398128,29,Femenino,Miami,Muy Alto,10,17.79,No,Sí,Mariscos,Sí,Tarjeta,15861,False,False,False,False,177.9
4397858741,53,Femenino,Miami,Medio,2,31.24,No,No,Carnes,No,App,3231,False,False,False,False,62.48
4789040823,71,Masculino,Miami,Alto,5,12.14,Sí,No,Pescado,Sí,App,3720,False,False,False,False,60.7
9134037447,26,Femenino,Miami,Muy Alto,10,31.09,No,Sí,Otro,Sí,Efectivo,14726,False,False,False,False,310.9
3452511942,57,Femenino,Miami,Muy Alto,7,125.08,No,No,Vegetariano,Sí,App,13060,False,False,False,False,875.56
5280976183,28,Masculino,Miami,Bajo,1,23.07,Sí,Sí,Vegetariano,No,Efectivo,1095,False,False,False,False,23.07
8761956684,59,Masculino,Miami,Bajo,3,22.4,Sí,Sí,Mariscos,No,Tarjeta,1273,False,False,False,False,67.2
3334156174,55,Masculino,Miami,Alto,5,37.08,Sí,Sí,Mariscos,Sí,App,3524,False,False,False,False,185.4
9148126810,30,Masculino,Miami,Medio,4,22.01,Sí,Sí,Mariscos,No,Efectivo,3207,False,False,False,False,88.04
2018338289,47,Masculino,Miami,Alto,5,24.14,Sí,Sí,Pescado,Sí,App,7272,False,False,False,False,120.7
3362778010,79,Femenino,Miami,Muy Alto,8,67.77,Sí,Sí,Vegano,Sí,App,9912,False,False,False,False,542.16
1917443194,37,Masculino,Miami,Muy Alto,7,105.71,No,Sí,Mariscos,Sí,Tarjeta,9932,False,False,False,False,739.97
2391392754,50,Masculino,Miami,Alto,6,53.15,Sí,Sí,Carnes,Sí,Efectivo,5818,False,False,False,False,318.9
5725108456,60,Femenino,Miami,Bajo,2,24.78,Sí,Sí,Vegetariano,No,App,1455,False,False,False,False,49.56
1780411779,72,Femenino,Miami,Muy Alto,8,51.78,Sí,No,Vegetariano,Sí,Efectivo,13033,False,False,False,False,414.24
1707066665,61,Femenino,Miami,Muy Alto,10,63.38,No,Sí,Carnes,Sí,Tarjeta,14699,False,True,False,False,633.8
9471675857,67,Masculino,Miami,Alto,4,37.73,No,No,Pescado,Sí,Tarjeta,8516,False,False,False,False,150.92
5956953243,74,Femenino,Miami,Medio,3,36.01,No,Sí,Vegetariano,No,Tarjeta,2300,True,False,False,False,108.03
2377050486,19,Masculino,Miami,Muy Alto,7,110.72,Sí,Sí,Carnes,Sí,App,17822,False,False,False,False,775.04
5578929439,47,Masculino,Miami,Alto,5,43.71,Sí,Sí,Vegetariano,Sí,Tarjeta,8715,True,False,False,False,218.55
7827746932,80,Masculino,Miami,Muy Alto,7,22.74,No,Sí,Pescado,Sí,Tarjeta,17151,False,False,False,False,159.18
9199450467,40,Masculino,Miami,Alto,4,46.09,Sí,No,Mariscos,Sí,Efectivo,8831,False,False,False,False,184.36
9339239146,78,Femenino,Miami,Bajo,2,16.43,Sí,No,Vegetariano,No,Tarjeta,1231,False,False,False,False,32.86
2606004712,79,Femenino,Miami,Muy Alto,5,43.84,Sí,No,Vegetariano,Sí,Tarjeta,13101,False,False,False,False,219.2
7503440495,18,Femenino,Miami,Medio,4,30.71,Sí,Sí,Vegetariano,Sí,Tarjeta,3125,False,False,False,False,122.84
1765093007,50,Masculino,Miami,Bajo,2,15.91,Sí,Sí,Mariscos,No,App,1081,False,False,False,False,31.82
5633744010,78,Masculino,Miami,Medio,3,11.32,No,No,Vegano,No,Efectivo,2851,False,False,False,False,33.96
6073675245,64,Femenino,Miami,Alto,4,47.88,Sí,No,Otro,No,Tarjeta,8120,False,False,False,True,191.52
2306350018,47,Femenino,Miami,Alto,5,53.18,No,Sí,Otro,Sí,App,3877,False,False,False,False,265.9
1946777876,74,Masculino,Miami,Muy Alto,7,49.15,No,No,Mariscos,Sí,App,9552,False,False,False,False,344.05
5497789927,43,Masculino,Miami,Medio,2,12.24,Sí,No,Mariscos,No,Tarjeta,2789,False,False,False,False,24.48
8366046023,39,Femenino,Miami,Muy Alto,5,88.69,No,No,Vegetariano,Sí,App,13704,False,False,False,False,443.45
2571835281,20,Masculino,Miami,Medio,2,20.91,No,Sí,Carnes,No,Tarjeta,2580,False,False,False,False,41.82
4503011715,52,Masculino,Miami,Alto,5,36.45,No,No,Mariscos,Sí,Efectivo,4328,False,False,False,False,182.25
6204557517,38,Femenino,Miami,Muy Alto,8,14.77,Sí,Sí,Mariscos,Sí,Efectivo,12965,False,False,False,False,118.16
7367663916,35,Femenino,Miami,Alto,4,47.92,No,No,Vegetariano,Sí,Tarjeta,4847,False,False,False,False,191.68
3040124062,64,Masculino,Miami,Alto,6,18.49,No,No,Mariscos,No,Efectivo,6937,False,False,False,False,110.94
7848569391,49,Femenino,Miami,Muy Alto,5,34.8,Sí,No,Otro,Sí,Efectivo,16946,False,False,True,True,174.0
6722130298,23,Masculino,Miami,Medio,3,15.89,No,Sí,Vegano,Sí,Efectivo,3168,False,False,False,False,47.67
2392337951,76,Femenino,Miami,Bajo,2,13.72,Sí,No,Otro,No,Efectivo,1591,False,False,False,True,27.44
6782595024,36,Femenino,Miami,Bajo,2,12.54,No,No,Vegetariano,No,Efectivo,1243,True,False,False,False,25.08
4500684941,74,Masculino,Miami,Medio,5,35.21,No,No,Pescado,No,Efectivo,2979,False,False,False,False,176.05
4178814081,69,Femenino,Miami,Medio,2,27.84,No,Sí,Vegano,No,App,2293,False,False,False,False,55.68
1458579821,49,Masculino,Miami,Alto,5,60.44,No,No,Mariscos,No,Tarjeta,3994,False,False,False,False,302.2
4161579327,38,Masculino,Miami,Alto,4,31.13,Sí,No,Otro,Sí,Efectivo,8001,False,False,False,False,124.52
9123612497,65,Masculino,Miami,Alto,4,38.08,No,No,Mariscos,Sí,Efectivo,8678,False,False,False,False,152.32
9006224548,70,Femenino,Miami,Alto,5,26.04,Sí,Sí,Carnes,Sí,App,3984,True,False,False,False,130.2
3135544025,28,Femenino,Miami,Alto,5,17.33,No,Sí,Otro,Sí,Efectivo,5182,False,False,False,False,86.65
6001591767,19,Masculino,Miami,Bajo,2,22.2,Sí,Sí,Mariscos,No,App,1293,False,False,False,False,44.4
9153367901,69,Masculino,Miami,Alto,5,35.62,Sí,Sí,Otro,No,Tarjeta,8379,False,False,False,False,178.1
8795076800,58,Femenino,Miami,Medio,3,32.87,No,Sí,Pescado,Sí,Efectivo,1989,False,False,False,False,98.61
8777584776,23,Femenino,Miami,Bajo,2,17.31,No,Sí,Pescado,No,App,960,False,False,False,False,34.62
6587995907,76,Masculino,Miami,Alto,6,50.83,No,Sí,Mariscos,No,Efectivo,5848,False,False,False,False,304.98
2393774816,58,Masculino,Miami,Medio,3,37.69,No,No,Carnes,No,App,2505,False,False,False,False,113.07
9236929261,64,Masculino,Miami,Muy Alto,6,83.31,Sí,No,Otro,Sí,Efectivo,11192,False,False,False,False,499.86
4583744589,43,Femenino,Miami,Alto,4,13.23,No,Sí,Mariscos,No,Efectivo,4464,False,False,False,False,52.92
6557196017,72,Masculino,Miami,Bajo,1,12.11,No,Sí,Mariscos,No,Efectivo,1406,False,False,False,False,12.11
4231244980,27,Masculino,Miami,Muy Alto,6,21.2,No,Sí,Vegetariano,Sí,Efectivo,15326,False,False,False,False,127.2
5903457180,32,Masculino,Miami,Bajo,0,0.0,Sí,No,Mariscos,No,App,1000,False,False,False,False,0.0
5659083075,51,Masculino,Miami,Alto,4,39.3,Sí,No,Pescado,Sí,Tarjeta,6096,False,False,False,False,157.2
7311636686,38,Masculino,Miami,Muy Alto,8,32.41,No,Sí,Otro,Sí,Tarjeta,14713,False,False,False,False,259.28
5291406012,57,Femenino,Miami,Muy Alto,9,16.98,No,Sí,Mariscos,Sí,App,17533,False,False,False,False,152.82
8168204967,76,Masculino,Miami,Medio,4,16.76,Sí,No,Vegano,No,Criptomoneda,2860,False,False,False,False,67.04
2578662692,48,Femenino,Miami,Alto,5,46.95,Sí,Sí,Mariscos,No,Tarjeta,5140,False,False,False,False,234.75
5691614595,39,Femenino,Miami,Medio,4,31.71,No,Sí,Carnes,No,Efectivo,2056,False,False,False,False,126.84
3778169444,18,Femenino,Miami,Alto,6,36.25,Sí,Sí,Vegetariano,No,App,7945,False,False,False,False,217.5
5647715146,53,Femenino,Miami,Medio,4,29.27,Sí,Sí,Vegetariano,No,Efectivo,3213,False,False,False,False,117.08
7833655625,80,Masculino,Miami,Bajo,3,12.59,No,Sí,Carnes,No,Tarjeta,1193,False,False,False,False,37.77
6901488803,28,Masculino,Miami,Alto,6,39.13,Sí,Sí,Pescado,No,Tarjeta,7353,False,False,False,False,234.78
3888081200,39,Masculino,Miami,Medio,3,36.49,Sí,No,Mariscos,No,Efectivo,2955,False,False,False,False,109.47
4386659754,39,Masculino,Miami,Medio,3,14.35,No,Sí,Mariscos,No,Efectivo,2389,False,False,False,False,43.05
1890113178,80,Femenino,Miami,Alto,5,62.61,No,No,Mariscos,Sí,App,4946,True,False,False,False,313.05
5879617459,72,Femenino,Miami,Muy Alto,9,47.39,Sí,Sí,Carnes,Sí,Tarjeta,12711,False,False,False,False,426.51
9306142066,77,Masculino,Miami,Alto,6,12.1,No,Sí,Vegetariano,Sí,Tarjeta,5698,False,False,False,False,72.6
4249530777,45,Femenino,Miami,Alto,5,31.19,No,No,Carnes,Sí,Tarjeta,7075,False,False,False,False,155.95
9670521286,61,Masculino,Miami,Alto,5,42.32,Sí,No,Otro,No,Tarjeta,7617,False,False,False,False,211.6
4171743603,39,Femenino,Miami,Medio,5,24.16,No,No,Mariscos,No,Efectivo,2093,False,False,False,False,120.8
6327489130,41,Masculino,Miami,Alto,4,20.96,No,No,Carnes,Sí,App,8392,False,False,False,False,83.84
7080527517,56,Masculino,Miami,Alto,5,22.02,Sí,Sí,Vegetariano,Sí,App,6247,False,False,False,False,110.1
6467874677,43,Femenino,Miami,Muy Alto,5,113.81,No,No,Otro,Sí,App,13512,False,False,False,False,569.05
1322104832,35,Masculino,Miami,Bajo,0,0.0,Sí,No,Carnes,No,App,1523,False,False,False,False,0.0
9672945146,71,Masculino,Miami,Bajo,3,12.58,No,No,Carnes,No,App,1162,False,False,False,False,37.74
1599190144,26,Masculino,Miami,Muy Alto,7,53.77,Sí,Sí,Vegetariano,Sí,Tarjeta,11392,True,False,False,False,376.39
8994837086,75,Masculino,Miami,Muy Alto,9,83.8,No,No,Otro,Sí,Efectivo,9799,False,False,False,True,754.2
3197757742,23,Femenino,Miami,Alto,6,19.23,Sí,Sí,Carnes,Sí,Criptomoneda,6548,False,False,False,False,115.38
4067476034,70,Masculino,Miami,Alto,4,31.43,No,Sí,Otro,Sí,Tarjeta,4893,False,False,False,True,125.72
7334526106,48,Femenino,Miami,Bajo,1,13.08,No,No,Mariscos,No,App,1365,False,False,False,False,13.08
2379368328,46,Femenino,Miami,Medio,2,30.78,Sí,No,Mariscos,No,Efectivo,1804,False,False,False,False,61.56
7997253041,18,Femenino,Miami,Medio,5,24.5,Sí,Sí,Carnes,No,Tarjeta,2798,False,False,False,False,122.5
9727688692,73,Femenino,Miami,Alto,4,13.3,No,No,Carnes,Sí,App,5618,False,False,False,False,53.2
6073233675,75,Masculino,Miami,Alto,5,64.86,Sí,No,Carnes,Sí,Efectivo,3958,False,False,False,False,324.3
5718973525,42,Masculino,Miami,Muy Alto,5,126.06,No,No,Mariscos,Sí,Tarjeta,11299,False,False,False,False,630.3
9448893778,65,Femenino,Miami,Bajo,1,13.9,No,Sí,Otro,No,Efectivo,1288,False,False,False,False,13.9
2427195224,49,Masculino,Miami,Medio,4,29.24,Sí,Sí,Carnes,No,App,2749,False,False,False,False,116.96
7338037591,25,Masculino,Miami,Alto,4,55.12,No,Sí,Carnes,Sí,Tarjeta,6087,False,False,False,False,220.48
3907534735,47,Masculino,Miami,Bajo,1,10.04,No,No,Otro,No,Tarjeta,876,False,False,False,True,10.04
6711316233,25,Femenino,Miami,Muy Alto,7,111.29,No,Sí,Mariscos,Sí,Tarjeta,12191,True,False,False,False,779.03
8657187506,63,Masculino,Miami,Bajo,3,10.24,No,Sí,Otro,No,App,1051,False,False,False,True,30.72
9672744817,71,Femenino,Miami,Alto,6,41.91,No,No,Mariscos,Sí,Tarjeta,4694,False,False,False,False,251.46
3421719519,49,Femenino,Miami,Medio,3,26.34,No,Sí,Carnes,No,Efectivo,2049,False,False,False,False,79.02
5982555357,69,Masculino,Miami,Alto,6,63.6,No,No,Mariscos,Sí,Efectivo,7782,False,False,False,False,381.6
2525273267,20,Masculino,Miami,Alto,4,11.29,Sí,Sí,Mariscos,No,Efectivo,5175,False,False,False,False,45.16
4713385154,43,Femenino,Miami,Medio,3,20.86,Sí,No,Otro,No,Efectivo,2875,True,False,False,True,62.58
4627577136,68,Femenino,Miami,Medio,4,34.0,No,Sí,Vegano,No,Tarjeta,3436,False,False,False,False,136.0
1228520817,66,Masculino,Miami,Medio,3,16.79,No,Sí,Pescado,No,App,1951,False,False,False,False,50.37
4106156846,54,Femenino,Miami,Muy Alto,7,106.19,No,No,Vegano,Sí,Tarjeta,14166,False,False,False,False,743.33
3515465308,22,Femenino,Miami,Alto,5,29.57,Sí,Sí,Mariscos,Sí,Efectivo,6205,False,False,False,False,147.85
4757029171,70,Femenino,Miami,Medio,4,15.86,No,Sí,Pescado,No,Efectivo,3200,False,False,False,False,63.44
5714673420,29,Masculino,Miami,Alto,5,65.06,Sí,No,Vegetariano,Sí,App,6805,True,False,False,False,325.3
5319416410,73,Masculino,Miami,Muy Alto,7,62.7,Sí,Sí,Otro,Sí,Efectivo,12916,True,False,False,False,438.9
2866371529,64,Masculino,Miami,Alto,6,17.92,No,Sí,Mariscos,Sí,Tarjeta,5396,False,False,False,False,107.52
1788517273,47,Masculino,Miami,Muy Alto,7,24.39,Sí,Sí,Carnes,Sí,Efectivo,9735,False,False,False,False,170.73
5884792606,27,Femenino,Miami,Alto,5,31.04,No,No,Mariscos,Sí,App,7906,False,False,False,False,155.2
1115902092,23,Femenino,Miami,Muy Alto,5,80.65,Sí,Sí,Carnes,Sí,Tarjeta,10951,False,False,False,False,403.25
3378739095,41,Masculino,Miami,Medio,3,13.74,No,Sí,Pescado,Sí,Tarjeta,2336,False,False,False,False,41.22
4923709506,49,Femenino,Miami,Medio,5,34.06,Sí,Sí,Mariscos,No,Tarjeta,1935,False,False,False,False,170.3
5419414760,46,Femenino,Miami,Medio,5,26.4,Sí,No,Pescado,Sí,App,2561,False,False,False,False,132.0
5649589392,35,Masculino,Miami,Muy Alto,6,89.84,Sí,No,Vegetariano,Sí,App,14489,False,False,False,False,539.04
3337126108,38,Masculino,Miami,Medio,5,34.77,No,Sí,Vegano,No,Tarjeta,2959,False,False,False,False,173.85
8298511580,72,Masculino,Miami,Medio,4,35.38,No,No,Vegano,No,Criptomoneda,2935,False,False,False,False,141.52
5651907075,40,Masculino,Miami,Alto,5,23.76,Sí,Sí,Vegano,No,Tarjeta,7784,True,False,False,False,118.8
5789485175,49,Femenino,Miami,Medio,2,19.32,No,Sí,Mariscos,No,Efectivo,1969,False,False,True,False,38.64
4972536230,52,Masculino,Miami,Muy Alto,8,35.8,No,Sí,Vegetariano,Sí,Tarjeta,11818,False,False,False,False,286.4
9149662726,37,Masculino,Miami,Medio,3,33.97,No,No,Pescado,No,Tarjeta,3362,False,False,False,False,101.91
1908459040,34,Femenino,Miami,Bajo,0,0.0,No,Sí,Mariscos,No,App,880,False,False,False,False,0.0
9974034663,52,Femenino,Miami,Alto,6,52.22,No,Sí,Vegetariano,Sí,Tarjeta,6481,False,False,False,False,313.32
7732016765,59,Femenino,Miami,Medio,3,36.19,Sí,Sí,Vegano,No,Efectivo,3394,True,False,False,False,108.57
2327955675,44,Femenino,Miami,Muy Alto,9,118.55,Sí,No,Pescado,No,Tarjeta,9543,False,False,False,False,1066.95
6000652640,20,Masculino,Miami,Muy Alto,8,69.83,Sí,Sí,Otro,Sí,App,12003,False,False,False,False,558.64
6347131821,19,Femenino,Miami,Muy Alto,5,55.86,No,Sí,Pescado,Sí,Tarjeta,13302,False,False,False,False,279.3
6854009954,48,Masculino,Miami,Bajo,0,0.0,Sí,No,Otro,No,Efectivo,1478,False,False,False,True,0.0
2344527948,37,Masculino,Miami,Muy Alto,9,123.3,Sí,Sí,Mariscos,No,Efectivo,14740,False,False,False,False,1109.7
2407692034,73,Masculino,Miami,Medio,2,14.58,No,No,Pescado,No,Efectivo,2164,False,False,False,False,29.16
6223689079,27,Masculino,Miami,Muy Alto,5,51.6,No,Sí,Otro,Sí,App,10299,False,False,False,False,258.0
2605298518,24,Femenino,Miami,Alto,4,29.13,No,Sí,Mariscos,No,Criptomoneda,3922,False,False,False,False,116.52
8596093922,44,Masculino,Miami,Bajo,1,18.62,No,No,Mariscos,No,Efectivo,1451,False,False,False,False,18.62
4983096410,22,Masculino,Miami,Medio,3,30.58,No,Sí,Vegetariano,No,Efectivo,2910,False,False,False,False,91.74
8061482723,25,Femenino,Miami,Muy Alto,7,42.12,Sí,Sí,Vegetariano,Sí,Efectivo,12546,False,False,False,False,294.84
2691272364,57,Masculino,Miami,Alto,5,35.35,No,Sí,Carnes,No,Efectivo,6337,True,False,False,False,176.75
9567073909,37,Femenino,Miami,Muy Alto,7,57.49,Sí,Sí,Vegetariano,Sí,Tarjeta,17131,False,False,False,False,402.43
6670076427,33,Masculino,Miami,Alto,6,39.32,No,No,Vegano,No,App,7829,False,False,False,False,235.92
9808675879,67,Masculino,Miami,Medio,2,28.63,No,Sí,Vegetariano,No,App,1816,False,False,False,False,57.26
4459041081,44,Masculino,Miami,Bajo,0,0.0,Sí,No,Pescado,No,Tarjeta,1223,False,False,False,False,0.0
9224916527,58,Femenino,Miami,Muy Alto,6,112.97,Sí,No,Carnes,Sí,Efectivo,13399,False,False,False,False,677.82
8946657104,21,Femenino,Miami,Alto,5,58.62,Sí,Sí,Vegano,Sí,Efectivo,6628,False,False,False,False,293.1
5989919508,39,Femenino,Miami,Alto,4,37.76,No,No,Vegetariano,No,Tarjeta,7515,False,False,False,False,151.04
8287186703,54,Masculino,Miami,Muy Alto,9,67.87,No,Sí,Vegetariano,Sí,Efectivo,15276,False,False,False,False,610.83
7390299372,39,Masculino,Miami,Alto,5,58.72,Sí,Sí,Carnes,Sí,App,5366,True,False,False,False,293.6
4764773153,34,Femenino,Miami,Muy Alto,9,112.14,Sí,Sí,Mariscos,Sí,App,9653,False,False,False,False,1009.26
1155502309,27,Masculino,Miami,Bajo,1,19.87,No,No,Otro,No,Efectivo,1496,False,False,False,False,19.87
5080193019,66,Masculino,Miami,Muy Alto,10,84.73,Sí,Sí,Vegano,Sí,Tarjeta,13188,False,False,False,False,847.3
4847504406,29,Femenino,Miami,Medio,2,23.48,No,Sí,Mariscos,No,App,2596,False,True,False,False,46.96
2494893921,77,Femenino,Miami,Medio,5,29.85,Sí,Sí,Mariscos,No,Efectivo,2921,False,False,False,False,149.25
6778447651,65,Masculino,Miami,Medio,3,15.55,No,Sí,Carnes,No,Efectivo,3202,False,False,False,False,46.65
7936168844,71,Masculino,Miami,Muy Alto,7,76.82,No,Sí,Mariscos,Sí,App,9874,False,False,False,False,537.74
5085333742,37,Masculino,Miami,Medio,2,10.26,Sí,Sí,Carnes,No,Efectivo,2750,False,False,False,False,20.52
9966732169,51,Masculino,Miami,Alto,4,23.1,No,No,Mariscos,Sí,App,6622,False,False,False,False,92.4
5777758858,71,Femenino,Miami,Alto,6,57.11,Sí,No,Vegetariano,Sí,Tarjeta,8505,False,False,False,False,342.66
5016564330,25,Masculino,Miami,Alto,4,54.89,Sí,Sí,Carnes,Sí,Efectivo,8861,False,False,False,False,219.56
9789325792,65,Femenino,Miami,Muy Alto,7,116.87,No,Sí,Carnes,No,Tarjeta,10185,True,False,False,False,818.09
5196206060,19,Masculino,Miami,Medio,3,36.77,No,Sí,Mariscos,No,App,3197,True,False,False,False,110.31
1990316844,33,Masculino,Miami,Bajo,0,0.0,No,No,Mariscos,No,Efectivo,863,False,False,False,False,0.0
8633757367,59,Femenino,Miami,Muy Alto,5,108.99,Sí,Sí,Vegano,Sí,App,9097,False,False,False,False,544.95
9285364965,50,Masculino,Miami,Muy Alto,9,27.3,No,No,Vegano,Sí,Efectivo,10277,False,False,False,False,245.7
5911627190,80,Femenino,Miami,Muy Alto,6,128.2,Sí,Sí,Vegetariano,Sí,Tarjeta,13100,False,False,False,False,769.2
8952386765,53,Masculino,Miami,Muy Alto,5,42.66,Sí,No,Carnes,Sí,Tarjeta,10766,False,False,False,False,213.3
5734980659,51,Femenino,Miami,Muy Alto,9,84.89,No,No,Vegetariano,Sí,Tarjeta,15839,False,False,False,False,764.01
9679857324,41,Masculino,Miami,Medio,4,30.23,No,Sí,Vegetariano,No,Tarjeta,3180,False,False,False,False,120.92
8115186493,49,Masculino,Miami,Muy Alto,5,63.61,No,No,Carnes,Sí,Efectivo,11294,False,False,False,False,318.05
3146309825,32,Femenino,Miami,Medio,3,11.03,No,Sí,Vegetariano,No,App,3373,False,False,False,False,33.09
5443309007,49,Masculino,Miami,Alto,5,47.57,No,Sí,Mariscos,Sí,Tarjeta,8478,False,False,True,False,237.85
7282885927,63,Femenino,Miami,Medio,2,29.2,No,Sí,Vegetariano,Sí,Efectivo,2360,False,False,False,False,58.4
8822704697,79,Femenino,Miami,Medio,3,27.28,No,Sí,Vegano,No,Efectivo,2085,False,False,False,False,81.84
3742448811,49,Masculino,Miami,Alto,5,28.53,Sí,Sí,Otro,No,Efectivo,7830,False,False,False,True,142.65
8024672337,77,Masculino,Miami,Alto,6,48.11,No,Sí,Vegetariano,Sí,Tarjeta,5495,False,False,False,False,288.66
4090238502,68,Masculino,Miami,Muy Alto,5,65.11,Sí,Sí,Vegano,Sí,App,17133,False,False,False,False,325.55
6210267808,58,Femenino,Miami,Alto,6,28.84,Sí,Sí,Vegano,No,Tarjeta,5115,False,False,False,False,173.04
4171725272,37,Masculino,Miami,Medio,2,39.73,No,No,Pescado,No,Efectivo,3412,False,False,False,False,79.46
5689870435,67,Femenino,Miami,Alto,4,15.18,No,Sí,Pescado,No,Tarjeta,4060,False,False,False,False,60.72
2259081740,36,Femenino,Miami,Medio,5,27.01,No,No,Vegano,No,Criptomoneda,2602,False,False,False,False,135.05
5603012697,49,Masculino,Miami,Medio,5,36.24,No,No,Mariscos,No,Efectivo,3429,False,False,True,False,181.2
4373061782,21,Femenino,Miami,Medio,2,28.27,No,Sí,Carnes,No,Efectivo,1693,False,False,False,False,56.54
8946227605,44,Masculino,Miami,Muy Alto,6,99.94,No,No,Carnes,Sí,Efectivo,14718,False,False,False,False,599.64
6934617493,59,Femenino,Miami,Alto,6,56.27,No,Sí,Vegetariano,Sí,Efectivo,8364,False,False,False,False,337.62
3521300895,47,Masculino,Miami,Bajo,2,24.13,No,No,Carnes,No,Tarjeta,1275,False,False,False,False,48.26
9495674155,73,Masculino,Miami,Medio,5,14.05,No,No,Vegetariano,No,Tarjeta,1911,False,False,False,False,70.25
9614066292,36,Femenino,Miami,Bajo,2,19.18,Sí,Sí,Mariscos,No,App,1576,False,False,False,False,38.36
6497336933,75,Femenino,Miami,Alto,6,39.28,Sí,No,Mariscos,Sí,Efectivo,8115,False,False,False,False,235.68
1600337712,31,Femenino,Miami,Alto,5,59.13,Sí,Sí,Vegetariano,Sí,Efectivo,5082,False,False,False,False,295.65
2176259771,27,Masculino,Miami,Alto,4,25.37,Sí,Sí,Carnes,No,Efectivo,3804,False,False,False,False,101.48
3661898474,34,Masculino,Miami,Muy Alto,10,27.41,No,No,Vegano,Sí,Tarjeta,14045,False,False,False,False,274.1
1421241774,78,Masculino,Miami,Medio,2,12.33,No,Sí,Mariscos,No,Tarjeta,2195,False,False,False,False,24.66
9961318511,39,Masculino,Miami,Alto,5,41.67,Sí,Sí,Carnes,Sí,App,5271,False,False,False,False,208.35
4008361710,62,Masculino,Miami,Medio,2,22.48,Sí,Sí,Vegetariano,No,Efectivo,2020,False,False,False,False,44.96
3609501814,59,Femenino,Miami,Muy Alto,6,105.71,No,Sí,Mariscos,Sí,App,16547,False,False,False,False,634.26
3786145996,61,Femenino,Miami,Alto,5,67.38,No,Sí,Carnes,No,Tarjeta,6112,True,False,False,False,336.9
5019058509,29,Femenino,Miami,Muy Alto,6,92.46,Sí,Sí,Vegetariano,No,Tarjeta,11717,False,False,False,False,554.76
3207325172,68,Masculino,Miami,Medio,3,32.41,No,Sí,Vegano,No,App,2873,False,False,False,False,97.23
8061902193,26,Femenino,Miami,Muy Alto,7,116.34,No,Sí,Vegano,Sí,Efectivo,10538,False,False,False,False,814.38
2635231601,32,Masculino,Miami,Bajo,0,0.0,No,Sí,Vegetariano,No,App,933,False,False,False,False,0.0
4107593871,60,Femenino,Miami,Muy Alto,7,35.49,Sí,Sí,Carnes,Sí,Efectivo,15045,True,False,False,False,248.43
9669609578,41,Masculino,Miami,Muy Alto,10,14.55,No,Sí,Carnes,Sí,Tarjeta,13584,False,False,False,False,145.5
2155835791,27,Masculino,Miami,Medio,3,31.04,No,Sí,Mariscos,No,Efectivo,2295,False,False,False,False,93.12
9524474461,38,Masculino,Miami,Medio,4,26.85,Sí,Sí,Pescado,No,App,1737,False,False,False,False,107.4
4469350634,65,Femenino,Miami,Muy Alto,10,115.97,Sí,Sí,Vegetariano,Sí,Efectivo,14099,False,False,False,False,1159.7
6271763012,53,Femenino,Miami,Alto,4,25.61,Sí,No,Carnes,No,Tarjeta,4305,False,False,False,False,102.44
8739161742,68,Femenino,Miami,Medio,4,16.7,No,Sí,Mariscos,No,App,2610,False,False,False,False,66.8
3051389781,76,Masculino,Miami,Muy Alto,6,114.98,Sí,No,Vegano,Sí,App,16300,False,False,False,False,689.88
4982499657,34,Masculino,Miami,Bajo,0,0.0,No,Sí,Mariscos,No,App,1345,False,False,False,False,0.0
5696703644,37,Masculino,Miami,Medio,3,13.31,No,Sí,Otro,No,Efectivo,1859,False,False,False,False,39.93
6378702684,19,Femenino,Miami,Muy Alto,10,37.99,No,Sí,Pescado,Sí,Tarjeta,17794,False,False,False,False,379.9
5474658220,54,Femenino,Miami,Bajo,2,16.22,No,No,Vegetariano,No,Criptomoneda,1010,True,False,False,False,32.44
4719201570,19,Masculino,Miami,Alto,5,63.97,Sí,Sí,Pescado,Sí,Efectivo,3774,False,False,False,False,319.85
7110717195,28,Femenino,Miami,Alto,5,43.56,No,Sí,Vegano,Sí,Tarjeta,4066,True,False,False,False,217.8
3310958159,51,Femenino,Miami,Alto,4,54.85,Sí,No,Otro,Sí,Tarjeta,3696,False,False,False,True,219.4
7806038446,53,Femenino,Miami,Alto,5,16.04,No,No,Otro,Sí,App,6458,False,False,False,True,80.2
3599783033,80,Femenino,Miami,Alto,6,44.86,No,No,Otro,Sí,Tarjeta,8986,False,False,False,True,269.16
9898081752,32,Femenino,Miami,Muy Alto,10,16.85,No,No,Vegetariano,Sí,App,17491,False,False,False,False,168.5
2689873883,23,Masculino,Miami,Medio,4,19.66,No,Sí,Carnes,No,App,3418,False,False,False,False,78.64
5680360551,28,Femenino,Miami,Muy Alto,9,120.05,Sí,Sí,Carnes,Sí,Tarjeta,15455,False,False,False,False,1080.45
7444830150,22,Masculino,Miami,Medio,3,22.16,No,Sí,Vegetariano,Sí,Tarjeta,2641,False,False,False,False,66.48
5212215237,44,Masculino,Miami,Muy Alto,8,46.1,No,No,Vegano,Sí,Tarjeta,14369,False,False,False,False,368.8
1677674059,70,Masculino,Miami,Alto,4,59.25,No,No,Carnes,Sí,Efectivo,6906,False,False,False,False,237.0
6026846481,63,Femenino,Miami,Medio,4,18.68,No,Sí,Carnes,No,Tarjeta,1873,False,False,False,False,74.72
8084838128,34,Masculino,Miami,Muy Alto,10,37.34,Sí,No,Vegetariano,Sí,Efectivo,17577,False,False,False,False,373.4
8848428646,59,Masculino,Miami,Bajo,3,17.44,Sí,Sí,Pescado,No,Tarjeta,1437,False,False,False,False,52.32
9807858188,76,Masculino,Miami,Bajo,3,12.65,No,No,Vegetariano,No,App,1081,False,False,False,False,37.95
2510565044,48,Masculino,Miami,Medio,3,25.29,No,No,Mariscos,No,Efectivo,2176,False,False,False,False,75.87
2193913719,42,Masculino,Miami,Muy Alto,10,72.3,Sí,No,Otro,Sí,App,13385,False,False,False,True,723.0
1649518377,24,Femenino,Miami,Medio,2,32.1,Sí,Sí,Carnes,No,App,2241,False,False,False,False,64.2
7819013129,41,Femenino,Miami,Muy Alto,7,87.56,No,Sí,Pescado,Sí,Tarjeta,12904,False,False,False,False,612.92
2005178800,60,Femenino,Miami,Bajo,3,20.09,No,Sí,Mariscos,No,Tarjeta,882,False,False,False,False,60.27
1207916194,72,Femenino,Miami,Bajo,1,13.93,Sí,Sí,Carnes,No,App,1182,False,False,False,False,13.93
5789617427,68,Masculino,Miami,Alto,6,19.16,Sí,No,Mariscos,Sí,Efectivo,8970,False,False,False,False,114.96
5648637737,24,Femenino,Miami,Muy Alto,8,18.23,No,Sí,Vegano,Sí,Tarjeta,13835,False,False,False,False,145.84
4250135990,46,Masculino,Miami,Medio,3,27.09,Sí,Sí,Mariscos,No,Tarjeta,1704,False,False,False,False,81.27
7417707967,46,Masculino,Miami,Alto,5,33.71,Sí,Sí,Vegetariano,No,Tarjeta,5357,False,False,False,False,168.55
2581958416,48,Femenino,Miami,Muy Alto,6,32.59,No,No,Vegetariano,Sí,Tarjeta,13443,False,False,False,False,195.54
4256292504,36,Femenino,Miami,Alto,4,38.13,No,Sí,Otro,No,App,3820,False,False,False,False,152.52
9324481501,29,Femenino,Miami,Alto,5,40.62,No,Sí,Mariscos,Sí,Tarjeta,5041,False,False,False,False,203.1
4549451491,75,Femenino,Miami,Medio,2,18.06,Sí,Sí,Vegetariano,No,Efectivo,1614,False,False,False,False,36.12
4856419993,80,Masculino,Miami,Medio,2,13.27,No,No,Mariscos,No,App,3391,False,False,False,False,26.54
2372189498,63,Femenino,Miami,Muy Alto,6,74.8,Sí,No,Carnes,No,Tarjeta,15015,False,False,False,False,448.8
9718759721,24,Femenino,Miami,Alto,5,29.81,No,Sí,Vegetariano,Sí,Efectivo,5883,False,False,False,False,149.05
3588264313,43,Femenino,Miami,Alto,5,27.56,Sí,No,Carnes,Sí,App,7534,False,False,False,False,137.8
6509985983,75,Masculino,Miami,Bajo,2,10.21,Sí,No,Mariscos,No,Tarjeta,916,False,False,False,False,20.42
8117752389,60,Masculino,Miami,Medio,5,34.49,No,No,Mariscos,Sí,Tarjeta,2977,False,False,False,False,172.45
2423409086,49,Femenino,Miami,Muy Alto,10,38.71,No,Sí,Otro,Sí,Criptomoneda,14218,False,False,True,False,387.1
3641139705,41,Masculino,Miami,Medio,5,14.48,Sí,No,Vegetariano,No,Efectivo,1988,False,False,False,False,72.4
9661641462,23,Femenino,Miami,Medio,4,19.77,No,Sí,Vegano,No,App,3474,False,False,False,False,79.08
4760976605,40,Femenino,Miami,Bajo,1,11.35,No,Sí,Mariscos,No,App,1281,False,False,False,False,11.35
5653702716,78,Femenino,Miami,Bajo,1,22.43,Sí,No,Carnes,No,Efectivo,1218,False,False,False,False,22.43
2253067850,35,Masculino,Miami,Bajo,1,21.33,No,No,Vegetariano,No,App,1210,False,False,False,False,21.33
1523893241,31,Masculino,Miami,Muy Alto,7,68.86,No,Sí,Vegetariano,Sí,App,17826,False,False,False,False,482.02
5146905025,63,Masculino,Miami,Alto,5,62.12,Sí,No,Mariscos,Sí,Efectivo,6951,False,False,False,False,310.6
9258487235,43,Masculino,Miami,Bajo,1,10.84,Sí,Sí,Pescado,No,Efectivo,1023,False,False,False,False,10.84
2655042314,23,Femenino,Miami,Medio,3,13.35,Sí,Sí,Vegetariano,No,Tarjeta,2849,False,False,False,False,40.05
3165722328,57,Femenino,Miami,Alto,4,48.74,Sí,Sí,Vegano,No,Tarjeta,3762,False,False,False,False,194.96
9186012425,75,Femenino,Miami,Medio,2,32.09,Sí,Sí,Mariscos,No,App,2107,False,False,False,False,64.18
7480572559,46,Femenino,Miami,Muy Alto,6,85.68,Sí,Sí,Carnes,Sí,Tarjeta,14421,False,False,False,False,514.08
1353183979,74,Masculino,Miami,Medio,3,27.87,Sí,Sí,Mariscos,No,Efectivo,2987,False,False,False,False,83.61
2381386230,26,Femenino,Miami,Alto,6,65.03,Sí,Sí,Vegetariano,Sí,App,5372,False,False,False,False,390.18
2247955174,55,Masculino,Miami,Alto,6,59.27,No,Sí,Mariscos,Sí,Efectivo,7882,False,False,False,False,355.62
8888491129,30,Femenino,Miami,Muy Alto,7,99.47,Sí,Sí,Pescado,Sí,Efectivo,15252,False,False,False,False,696.29
8689304607,44,Femenino,Miami,Medio,2,38.48,Sí,Sí,Otro,No,Criptomoneda,3474,False,False,False,True,76.96
1628087865,60,Femenino,Miami,Muy Alto,10,22.02,Sí,Sí,Mariscos,Sí,App,9784,False,False,False,False,220.2
1918288563,69,Femenino,Miami,Alto,5,16.05,Sí,No,Carnes,Sí,Tarjeta,5694,False,False,False,False,80.25
1741535000,58,Femenino,Miami,Alto,5,59.07,Sí,Sí,Vegano,Sí,Tarjeta,8693,False,False,False,False,295.35
4206011215,51,Masculino,Miami,Alto,5,47.53,No,Sí,Otro,Sí,Efectivo,8565,False,False,False,False,237.65
3305328106,27,Femenino,Miami,Medio,4,36.69,Sí,Sí,Vegetariano,Sí,Tarjeta,2501,False,False,False,False,146.76
6959351917,45,Femenino,Miami,Medio,3,23.09,No,No,Mariscos,Sí,Tarjeta,1694,False,False,False,False,69.27
4603819309,46,Femenino,Miami,Bajo,1,23.54,No,No,Vegetariano,No,Tarjeta,1231,False,False,False,False,23.54
5807789425,71,Masculino,Miami,Muy Alto,8,96.01,Sí,No,Pescado,Sí,Efectivo,14188,False,False,False,False,768.08
8996405176,36,Masculino,Miami,Alto,6,50.08,No,No,Carnes,No,Tarjeta,6116,False,False,False,False,300.48
1428693997,22,Femenino,Miami,Medio,5,20.6,Sí,Sí,Otro,No,App,3419,False,False,False,True,103.0
4372682391,77,Femenino,Miami,Alto,4,52.55,No,No,Pescado,Sí,Efectivo,6374,False,False,False,False,210.2
5489485517,72,Masculino,Miami,Medio,4,29.98,Sí,No,Mariscos,No,Efectivo,2828,False,False,False,False,119.92
5324360248,54,Femenino,Miami,Alto,5,45.37,No,No,Carnes,Sí,App,5213,False,False,False,False,226.85
1269880804,20,Masculino,Miami,Muy Alto,8,26.02,No,Sí,Pescado,Sí,App,15520,False,False,False,False,208.16
9534780292,41,Masculino,Miami,Bajo,2,23.01,Sí,No,Pescado,No,Tarjeta,1545,True,False,False,False,46.02
2386423064,49,Masculino,Miami,Alto,4,66.32,No,No,Otro,Sí,Efectivo,7828,False,False,True,False,265.28
7687451754,24,Masculino,Miami,Muy Alto,6,21.7,No,Sí,Pescado,Sí,Efectivo,9945,False,False,False,False,130.2
7481631841,75,Femenino,Miami,Alto,5,15.11,Sí,No,Vegetariano,Sí,App,6018,True,False,False,False,75.55
4550353803,43,Masculino,Miami,Muy Alto,9,68.74,No,Sí,Mariscos,Sí,Tarjeta,15787,False,False,False,False,618.66
1497119055,48,Masculino,Miami,Alto,6,10.0,Sí,Sí,Mariscos,No,Tarjeta,4668,False,False,False,False,60.0
2820535027,49,Femenino,Miami,Medio,2,13.88,Sí,No,Pescado,Sí,Tarjeta,3447,False,False,True,False,27.76
3332755849,54,Femenino,Miami,Muy Alto,9,127.42,No,Sí,Otro,Sí,App,16622,False,False,False,False,1146.78
6608406352,29,Femenino,Miami,Medio,4,35.91,Sí,Sí,Carnes,No,Tarjeta,2048,False,False,False,False,143.64
7971892052,37,Masculino,Miami,Medio,3,39.44,No,Sí,Otro,No,App,2229,False,False,False,False,118.32
5922058181,71,Masculino,Miami,Bajo,1,22.26,No,No,Otro,No,Tarjeta,1305,False,False,False,True,22.26
1045571332,49,Masculino,Miami,Alto,4,62.0,Sí,Sí,Vegano,Sí,Tarjeta,5871,False,False,True,False,248.0
1176973733,78,Masculino,Miami,Alto,6,30.67,Sí,No,Vegano,Sí,App,4504,False,False,False,False,184.02
9252919252,38,Femenino,Miami,Alto,4,65.59,No,Sí,Mariscos,Sí,Efectivo,7557,False,False,False,False,262.36
8287585044,68,Masculino,Miami,Medio,3,34.28,No,Sí,Mariscos,Sí,Efectivo,3191,True,False,False,False,102.84
6535547650,60,Masculino,Miami,Alto,5,11.39,No,Sí,Vegetariano,No,App,7139,False,False,False,False,56.95
8531390712,49,Femenino,Miami,Medio,2,20.71,Sí,No,Otro,No,Tarjeta,1788,False,False,False,False,41.42
1784595168,23,Femenino,Miami,Medio,4,27.38,No,Sí,Carnes,No,App,3107,False,False,False,False,109.52
5468363381,24,Masculino,Miami,Muy Alto,9,31.79,No,Sí,Mariscos,Sí,Tarjeta,10316,False,False,False,False,286.11
1666977372,51,Femenino,Miami,Muy Alto,8,36.7,Sí,Sí,Pescado,Sí,App,13066,False,False,False,False,293.6
1965492476,42,Femenino,Miami,Bajo,0,0.0,Sí,Sí,Vegano,No,Tarjeta,1292,False,False,False,False,0.0
1159780353,78,Masculino,Miami,Bajo,1,20.61,Sí,Sí,Vegano,No,Efectivo,1228,False,False,False,False,20.61
1302066092,26,Femenino,Miami,Alto,5,37.44,No,Sí,Otro,Sí,Tarjeta,7966,False,False,False,False,187.2
7763765757,56,Femenino,Miami,Medio,4,23.28,No,Sí,Vegetariano,No,Efectivo,2756,False,False,False,False,93.12
8934658811,19,Masculino,Miami,Alto,5,64.89,No,Sí,Pescado,No,Efectivo,6938,False,False,False,False,324.45
1150095888,49,Femenino,Miami,Medio,5,17.55,Sí,Sí,Mariscos,No,Tarjeta,2178,False,False,False,False,87.75
7893459980,24,Femenino,Miami,Muy Alto,6,58.47,No,Sí,Vegetariano,Sí,Efectivo,17293,False,False,False,False,350.82
8733183001,52,Femenino,Miami,Muy Alto,9,16.18,No,Sí,Carnes,No,Tarjeta,12923,False,False,False,False,145.62
6732808871,65,Femenino,Miami,Alto,5,61.84,No,No,Pescado,Sí,Tarjeta,8807,False,False,False,False,309.2
5091156068,52,Masculino,Miami,Alto,4,31.3,Sí,Sí,Carnes,No,Tarjeta,5517,False,False,False,False,125.2
2321129923,24,Masculino,Miami,Medio,3,29.1,Sí,Sí,Mariscos,No,Efectivo,2215,False,False,False,False,87.3
1935186918,29,Femenino,Miami,Bajo,2,23.56,Sí,Sí,Otro,No,Tarjeta,821,True,False,False,True,47.12
4494196944,34,Femenino,Miami,Muy Alto,6,29.4,Sí,No,Vegetariano,Sí,Efectivo,15820,False,False,False,False,176.4
4632242802,28,Femenino,Miami,Alto,5,28.13,No,No,Vegano,Sí,Tarjeta,5758,False,False,False,False,140.65
3667292043,73,Femenino,Miami,Medio,2,39.72,No,No,Carnes,No,App,2244,False,False,False,False,79.44
9844179087,30,Masculino,Miami,Alto,4,17.86,No,Sí,Vegetariano,Sí,App,3744,False,False,False,False,71.44
5230659540,40,Masculino,Miami,Alto,5,18.83,Sí,No,Otro,Sí,Efectivo,6668,False,False,False,False,94.15
9817654910,55,Femenino,Miami,Muy Alto,7,48.72,No,No,Vegano,Sí,Efectivo,9750,False,False,False,False,341.04
2845875398,54,Femenino,Miami,Alto,5,31.33,No,No,Carnes,Sí,Efectivo,6192,False,False,False,False,156.65
5147931679,28,Masculino,Miami,Bajo,0,0.0,Sí,Sí,Vegetariano,No,Efectivo,1509,False,False,False,False,0.0
9086810658,48,Masculino,Miami,Medio,3,28.79,Sí,No,Otro,Sí,Criptomoneda,2656,False,False,False,True,86.37
3167796058,51,Masculino,Miami,Alto,6,58.19,Sí,Sí,Vegano,Sí,Tarjeta,7461,False,False,False,False,349.14
7302336324,37,Femenino,Miami,Medio,5,10.35,No,No,Mariscos,No,App,2117,False,False,False,False,51.75
5325805410,25,Masculino,Miami,Muy Alto,7,90.05,No,Sí,Vegano,Sí,App,15420,False,False,False,False,630.35
9039082110,52,Femenino,Miami,Alto,4,14.03,Sí,Sí,Mariscos,Sí,Tarjeta,7470,False,False,False,False,56.12
3186029440,75,Masculino,Miami,Muy Alto,8,115.2,Sí,No,Vegetariano,No,Efectivo,14232,False,False,False,False,921.6
5484971152,55,Femenino,Miami,Muy Alto,7,63.95,Sí,Sí,Carnes,Sí,Efectivo,9265,True,False,False,False,447.65
2088766007,47,Femenino,Miami,Alto,4,34.77,No,Sí,Otro,Sí,Tarjeta,6676,False,False,False,False,139.08
7387095561,42,Masculino,Miami,Bajo,1,21.64,Sí,No,Mariscos,No,Tarjeta,1171,False,False,False,False,21.64
7296296960,63,Masculino,Miami,Muy Alto,7,32.74,Sí,Sí,Vegano,Sí,Tarjeta,9498,True,False,False,False,229.18
5150053190,48,Masculino,Miami,Medio,3,34.76,No,No,Otro,Sí,Tarjeta,1701,False,False,False,True,104.28
3919159013,50,Femenino,Miami,Muy Alto,8,26.36,Sí,No,Vegano,Sí,Efectivo,15414,False,False,False,False,210.88
8186895933,23,Femenino,Miami,Muy Alto,8,13.51,No,Sí,Vegetariano,Sí,Efectivo,10249,False,False,False,False,108.08
7718360791,49,Femenino,Miami,Medio,4,14.35,Sí,Sí,Otro,No,Efectivo,1785,False,False,False,False,57.4
8246251693,37,Masculino,Miami,Alto,4,48.34,No,Sí,Mariscos,Sí,Tarjeta,6478,False,False,False,False,193.36
4761696781,19,Masculino,Miami,Muy Alto,8,82.71,No,Sí,Pescado,Sí,Tarjeta,16716,False,False,False,False,661.68
8240255629,76,Masculino,Miami,Medio,2,37.61,No,No,Pescado,No,App,2579,False,False,False,False,75.22
8695129534,22,Masculino,Miami,Alto,6,14.56,No,Sí,Vegetariano,No,Efectivo,4793,False,False,False,False,87.36
2445887085,19,Femenino,Miami,Alto,5,13.08,No,Sí,Vegetariano,Sí,Tarjeta,8646,True,False,False,False,65.4
7870050312,36,Masculino,Miami,Alto,4,27.72,No,No,Vegano,No,Tarjeta,5960,False,False,False,False,110.88
3228368402,40,Femenino,Miami,Alto,5,28.65,Sí,No,Otro,No,App,4252,False,False,False,False,143.25
7614024489,67,Masculino,Miami,Alto,5,41.05,Sí,Sí,Pescado,No,Tarjeta,8145,False,False,False,False,205.25
3222473586,44,Masculino,Miami,Muy Alto,5,98.7,No,Sí,Vegetariano,Sí,Efectivo,12378,False,False,False,False,493.5
5990258975,40,Masculino,Miami,Muy Alto,10,101.55,Sí,No,Vegetariano,Sí,App,12310,False,False,False,False,1015.5
9938125689,51,Femenino,Miami,Medio,4,17.67,Sí,No,Carnes,No,Criptomoneda,2578,False,False,False,False,70.68
8999232625,27,Masculino,Miami,Alto,5,49.31,Sí,Sí,Carnes,Sí,Efectivo,5177,True,False,False,False,246.55
1687422880,60,Masculino,Miami,Muy Alto,8,28.46,Sí,Sí,Vegetariano,Sí,Efectivo,17146,False,False,False,False,227.68
8913735653,44,Femenino,Miami,Medio,2,18.69,No,No,Pescado,Sí,Efectivo,2582,False,False,False,False,37.38
7361371066,33,Femenino,Miami,Bajo,3,18.02,Sí,Sí,Pescado,No,Tarjeta,1544,False,False,False,False,54.06
3831962147,33,Masculino,Miami,Medio,5,34.9,No,Sí,Vegetariano,Sí,Criptomoneda,2258,False,False,False,False,174.5
1997717644,28,Masculino,Miami,Alto,6,65.69,Sí,Sí,Otro,No,Efectivo,6167,False,False,False,True,394.14
9396884047,63,Masculino,Miami,Alto,5,43.77,No,Sí,Mariscos,Sí,App,4934,True,False,False,False,218.85
2584078422,64,Masculino,Miami,Muy Alto,7,75.07,No,Sí,Mariscos,Sí,Tarjeta,15734,True,False,False,False,525.49
7606170510,32,Femenino,Miami,Muy Alto,5,94.28,Sí,Sí,Carnes,Sí,App,14825,False,False,False,False,471.4
3774889564,43,Femenino,Miami,Medio,3,13.31,Sí,Sí,Pescado,No,App,3119,False,False,False,False,39.93
6884294167,69,Femenino,Miami,Medio,2,36.42,Sí,No,Carnes,No,Tarjeta,3430,False,False,False,False,72.84
8243653023,69,Femenino,Miami,Medio,2,15.28,Sí,Sí,Mariscos,No,App,2532,False,False,False,False,30.56
7081619846,73,Femenino,Miami,Medio,4,37.16,No,No,Mariscos,No,Efectivo,3466,False,False,False,False,148.64
5947729590,72,Femenino,Miami,Bajo,2,20.45,No,Sí,Carnes,No,Efectivo,1588,True,False,False,False,40.9
3590970015,77,Femenino,Miami,Alto,5,33.09,Sí,No,Vegetariano,No,Efectivo,3727,False,False,False,False,165.45
4934496107,46,Masculino,Miami,Alto,6,32.82,Sí,No,Pescado,Sí,Tarjeta,3781,False,False,False,False,196.92
7232631533,59,Femenino,Miami,Bajo,2,23.98,No,Sí,Vegetariano,No,Efectivo,1056,False,False,False,False,47.96
3169758976,78,Femenino,Miami,Alto,6,11.45,No,No,Mariscos,No,Tarjeta,5755,False,False,False,False,68.7
2543500395,51,Femenino,Miami,Alto,4,46.78,Sí,Sí,Pescado,Sí,Efectivo,6712,False,False,False,False,187.12
3109209656,42,Masculino,Miami,Muy Alto,5,63.38,Sí,Sí,Carnes,Sí,Efectivo,12545,False,True,False,False,316.9
4023104572,25,Femenino,Miami,Muy Alto,7,96.24,Sí,Sí,Vegetariano,Sí,Efectivo,13718,False,False,False,False,673.68
9559917788,57,Masculino,Miami,Alto,6,56.82,No,Sí,Vegetariano,Sí,Tarjeta,3928,False,False,False,False,340.92
5361936136,43,Masculino,Miami,Muy Alto,5,54.98,No,Sí,Vegetariano,Sí,App,13060,False,False,False,False,274.9
3790611308,45,Femenino,Miami,Alto,5,28.01,Sí,No,Vegetariano,No,App,4061,False,False,False,False,140.05
6249954653,70,Femenino,Miami,Muy Alto,5,126.35,Sí,No,Pescado,Sí,Efectivo,14817,False,False,False,False,631.75
1848071558,23,Masculino,Miami,Medio,2,10.48,No,Sí,Vegetariano,No,App,2132,False,False,False,False,20.96
7705802798,77,Masculino,Miami,Bajo,1,11.86,Sí,No,Mariscos,No,Efectivo,1390,False,False,False,False,11.86
4392310975,24,Femenino,Miami,Alto,4,39.4,Sí,Sí,Vegetariano,Sí,Efectivo,8230,False,False,False,False,157.6
4799177162,67,Femenino,Miami,Alto,4,61.28,Sí,Sí,Mariscos,Sí,App,5324,False,False,False,False,245.12
8925919130,69,Femenino,Miami,Alto,6,43.48,No,Sí,Mariscos,No,Tarjeta,6714,False,False,False,False,260.88
7839275421,29,Femenino,Miami,Muy Alto,7,76.59,No,Sí,Vegetariano,Sí,Efectivo,14590,False,False,False,False,536.13
8250302474,19,Femenino,Miami,Medio,3,39.4,Sí,Sí,Carnes,No,Tarjeta,2284,False,False,False,False,118.2
4050237649,33,Masculino,Miami,Bajo,0,0.0,No,No,Otro,No,App,1544,False,False,False,True,0.0
7217775162,45,Femenino,Miami,Alto,6,32.71,No,Sí,Mariscos,Sí,App,7647,False,False,False,False,196.26
8084166930,49,Femenino,Miami,Muy Alto,8,92.87,Sí,Sí,Pescado,Sí,Efectivo,15727,False,False,False,False,742.96
7223735636,44,Femenino,Miami,Alto,5,49.33,No,Sí,Otro,Sí,App,5830,False,False,False,True,246.65
9803231586,73,Femenino,Miami,Bajo,0,0.0,Sí,Sí,Mariscos,No,App,1343,False,False,False,False,0.0
6575034635,58,Masculino,Miami,Alto,6,57.26,No,Sí,Carnes,No,App,4488,False,False,False,False,343.56
3475852032,32,Masculino,Miami,Bajo,0,0.0,Sí,No,Mariscos,No,Tarjeta,1317,False,False,False,False,0.0
6669937216,61,Masculino,Miami,Muy Alto,7,100.18,No,No,Pescado,Sí,App,10415,False,False,False,False,701.26
2622331723,37,Masculino,Miami,Alto,5,10.36,Sí,No,Vegetariano,Sí,Tarjeta,4988,False,False,False,False,51.8
3781408055,48,Femenino,Miami,Alto,4,15.22,Sí,No,Mariscos,Sí,App,5988,False,False,False,False,60.88
7999914203,42,Femenino,Miami,Alto,5,56.91,No,Sí,Vegano,Sí,Efectivo,4409,True,False,False,False,284.55
3873116056,33,Masculino,Miami,Muy Alto,7,108.69,No,Sí,Otro,Sí,Tarjeta,10414,False,False,False,False,760.83
2117653437,39,Masculino,Miami,Alto,5,60.39,No,Sí,Mariscos,Sí,Efectivo,4188,False,False,False,False,301.95
7519904892,43,Masculino,Miami,Alto,6,57.72,Sí,Sí,Vegetariano,Sí,Efectivo,5966,False,False,False,False,346.32
7539052659,61,Femenino,Miami,Medio,5,39.8,No,Sí,Carnes,No,Tarjeta,3066,False,False,False,False,199.0
2751159612,19,Masculino,Miami,Muy Alto,5,123.83,Sí,Sí,Otro,Sí,Tarjeta,10180,False,False,False,True,619.15
2156130988,38,Masculino,Miami,Alto,4,29.88,Sí,No,Mariscos,Sí,App,5352,False,False,False,False,119.52
6933776673,59,Masculino,Miami,Bajo,1,19.44,Sí,Sí,Mariscos,No,Tarjeta,875,False,False,False,False,19.44
9999545794,49,Masculino,Miami,Medio,4,13.73,No,No,Mariscos,No,Tarjeta,1860,False,False,False,False,54.92
4687885549,39,Masculino,Miami,Muy Alto,9,51.73,No,No,Mariscos,Sí,Efectivo,12181,False,False,False,False,465.57
4320435651,50,Femenino,Miami,Alto,5,43.9,Sí,Sí,Carnes,Sí,Efectivo,3841,False,False,False,False,219.5
6614623134,22,Femenino,Miami,Alto,6,65.53,Sí,No,Carnes,No,Efectivo,4937,False,False,False,False,393.18
7576872256,55,Masculino,Miami,Muy Alto,9,37.79,Sí,No,Carnes,Sí,App,14390,False,False,False,False,340.11
5756160606,66,Femenino,Miami,Medio,2,24.68,No,No,Vegano,Sí,App,2596,False,False,False,False,49.36
4010047160,53,Masculino,Miami,Medio,3,22.64,No,No,Otro,No,App,2715,False,False,False,False,67.92
2867154373,63,Femenino,Miami,Alto,5,37.43,No,Sí,Otro,No,App,4907,False,True,False,False,187.15
5673482258,60,Femenino,Miami,Bajo,0,0.0,Sí,Sí,Otro,No,App,1342,False,False,False,False,0.0
2828468280,79,Femenino,Miami,Bajo,3,15.63,No,Sí,Carnes,No,Tarjeta,974,False,False,False,False,46.89
9003106855,63,Masculino,Miami,Bajo,0,0.0,Sí,Sí,Vegetariano,No,Efectivo,1498,False,False,False,False,0.0
8548017731,78,Masculino,Miami,Medio,4,38.91,Sí,Sí,Vegano,No,Tarjeta,2172,False,False,False,False,155.64
3726900090,25,Masculino,Miami,Muy Alto,10,19.9,No,Sí,Mariscos,Sí,Tarjeta,16652,False,False,False,False,199.0
8168025371,48,Masculino,Miami,Muy Alto,7,33.23,No,No,Otro,Sí,App,9644,False,False,False,False,232.61
6693657922,30,Femenino,Miami,Muy Alto,10,81.61,No,Sí,Vegano,Sí,Efectivo,11356,False,False,False,False,816.1
4625974886,36,Masculino,Miami,Muy Alto,6,49.3,Sí,Sí,Otro,Sí,Efectivo,17167,False,False,False,False,295.8
7467973482,60,Femenino,Miami,Alto,5,64.45,No,Sí,Mariscos,No,App,6612,False,False,False,False,322.25
7613747328,32,Femenino,Miami,Medio,4,20.94,No,Sí,Otro,No,App,2378,False,False,False,True,83.76
1938073909,56,Masculino,Miami,Muy Alto,7,50.68,Sí,No,Carnes,Sí,Tarjeta,15836,True,False,False,False,354.76
5290027783,26,Masculino,Miami,Alto,4,24.57,Sí,Sí,Pescado,No,Efectivo,7197,False,False,False,False,98.28
8520253206,71,Masculino,Miami,Alto,5,29.98,No,Sí,Vegetariano,Sí,Efectivo,4996,False,False,False,False,149.9
1039262289,21,Masculino,Miami,Medio,2,16.07,No,Sí,Vegano,No,Efectivo,2951,False,False,False,False,32.14
4037449142,55,Femenino,Miami,Muy Alto,9,90.56,No,Sí,Vegano,Sí,Efectivo,11807,False,False,False,False,815.04
5999455318,78,Masculino,Miami,Alto,5,39.96,Sí,No,Vegetariano,Sí,Efectivo,4613,False,False,False,False,199.8
4982778388,28,Masculino,Miami,Medio,3,16.34,Sí,Sí,Mariscos,No,Efectivo,2343,False,False,False,False,49.02
7980819764,39,Masculino,Miami,Medio,5,27.86,No,No,Mariscos,No,Efectivo,3475,False,False,False,False,139.3
3155252343,37,Femenino,Miami,Muy Alto,6,14.81,Sí,No,Pescado,Sí,App,13823,False,False,False,False,88.86
6008744392,61,Femenino,Miami,Alto,4,63.94,No,No,Vegetariano,No,App,6763,False,False,False,False,255.76
6244436451,37,Femenino,Miami,Muy Alto,7,60.69,Sí,Sí,Pescado,Sí,Tarjeta,13125,False,False,False,False,424.83
6223395333,46,Femenino,Miami,Alto,4,28.21,Sí,No,Mariscos,Sí,App,4941,False,False,False,False,112.84
7332554920,38,Femenino,Miami,Medio,3,33.58,No,No,Pescado,No,Tarjeta,3433,False,False,False,False,100.74
6900016637,21,Masculino,Miami,Muy Alto,5,107.58,Sí,Sí,Pescado,Sí,Efectivo,9273,False,False,False,False,537.9
1485510915,28,Masculino,Miami,Bajo,3,16.52,Sí,Sí,Mariscos,No,Efectivo,1244,False,False,False,False,49.56
6088461006,34,Masculino,Miami,Muy Alto,8,128.63,No,No,Pescado,Sí,Tarjeta,13487,False,False,False,False,1029.04
2643644517,51,Femenino,Miami,Bajo,2,13.57,Sí,Sí,Vegano,No,Efectivo,1597,False,False,False,False,27.14
1590319630,40,Masculino,Miami,Alto,5,19.25,No,Sí,Mariscos,No,Efectivo,6255,False,False,False,False,96.25
6206015111,32,Femenino,Miami,Muy Alto,10,123.41,Sí,No,Carnes,Sí,Tarjeta,14094,False,False,False,False,1234.1
1824272995,50,Masculino,Miami,Alto,5,48.46,No,No,Vegetariano,Sí,App,8258,False,False,False,False,242.3
2645679924,45,Femenino,Miami,Alto,6,30.84,Sí,Sí,Vegetariano,No,Efectivo,6515,False,False,False,False,185.04
2958718163,62,Femenino,Miami,Alto,5,45.44,No,No,Mariscos,Sí,Efectivo,4405,False,False,False,False,227.2
6242209641,67,Masculino,Miami,Muy Alto,6,87.07,No,No,Mariscos,Sí,Tarjeta,17242,False,False,False,False,522.42
7416890880,57,Femenino,Miami,Alto,6,24.5,Sí,Sí,Carnes,Sí,Criptomoneda,5331,False,False,False,False,147.0
9647473518,36,Masculino,Miami,Alto,5,38.11,No,Sí,Otro,No,Efectivo,4406,False,False,False,False,190.55
6629594379,42,Femenino,Miami,Medio,5,31.84,Sí,No,Vegano,No,Efectivo,3114,False,False,False,False,159.2
4817708952,70,Masculino,Miami,Medio,4,38.81,Sí,No,Vegetariano,No,App,2776,False,False,False,False,155.24
7838261601,50,Femenino,Miami,Medio,3,38.75,No,Sí,Vegano,No,App,1998,False,False,False,False,116.25
8842636165,61,Masculino,Miami,Alto,6,53.88,No,Sí,Carnes,Sí,App,6407,False,False,False,False,323.28
3716924538,49,Masculino,Miami,Alto,4,18.28,No,Sí,Otro,No,App,5678,False,False,False,False,73.12
4838325927,48,Femenino,Miami,Alto,4,23.97,Sí,Sí,Vegetariano,Sí,App,4737,False,False,False,False,95.88
6478436051,70,Masculino,Miami,Medio,3,13.4,Sí,Sí,Vegano,No,Tarjeta,2058,False,False,False,False,40.2
7287996064,34,Masculino,Miami,Alto,6,65.59,No,Sí,Mariscos,Sí,Efectivo,8610,False,False,False,False,393.54
5999076257,51,Femenino,Miami,Bajo,2,22.86,No,No,Vegetariano,No,Efectivo,837,False,False,False,False,45.72
9435101343,74,Masculino,Miami,Alto,5,14.57,Sí,No,Carnes,Sí,App,5342,True,False,False,False,72.85
2299893526,24,Femenino,Miami,Alto,4,56.5,Sí,Sí,Mariscos,Sí,Efectivo,4620,False,False,False,False,226.0
3280069602,80,Masculino,Miami,Medio,5,34.15,Sí,Sí,Carnes,No,Tarjeta,3431,False,False,False,False,170.75
3100406801,55,Femenino,Miami,Medio,5,35.9,No,No,Vegano,Sí,Efectivo,1636,False,False,False,False,179.5
9125997683,69,Masculino,Miami,Alto,4,21.05,No,Sí,Vegetariano,Sí,Efectivo,5220,False,False,False,False,84.2
9276737237,63,Masculino,Miami,Alto,6,42.34,No,Sí,Carnes,Sí,App,6072,False,False,False,False,254.04
6566447762,26,Femenino,Miami,Medio,4,17.44,Sí,Sí,Pescado,No,Efectivo,2395,False,False,False,False,69.76
9843641767,46,Masculino,Miami,Alto,4,13.39,Sí,No,Vegano,Sí,Efectivo,7827,False,False,False,False,53.56
7391841158,49,Femenino,Miami,Medio,5,24.57,Sí,Sí,Vegetariano,No,Efectivo,1651,False,False,True,False,122.85
1051704079,58,Masculino,Miami,Alto,5,18.33,Sí,No,Carnes,Sí,App,8683,False,False,False,False,91.65
4941722699,44,Femenino,Miami,Alto,6,36.97,No,Sí,Pescado,No,Tarjeta,3503,False,False,False,False,221.82
2791268034,55,Masculino,Miami,Alto,5,24.09,No,Sí,Vegetariano,Sí,Tarjeta,7347,False,False,False,False,120.45
2663042309,73,Masculino,Miami,Muy Alto,6,92.22,Sí,No,Vegetariano,Sí,Efectivo,17144,False,False,False,False,553.32
8139322814,72,Femenino,Miami,Alto,5,50.77,No,No,Mariscos,No,Tarjeta,5078,False,False,False,False,253.85
3274689183,59,Femenino,Miami,Medio,3,14.09,No,Sí,Pescado,No,Tarjeta,3033,False,False,False,False,42.27
5467403771,71,Femenino,Miami,Muy Alto,7,107.27,No,No,Carnes,No,App,13275,False,False,False,False,750.89
2398602731,49,Masculino,Miami,Alto,6,39.51,Sí,No,Mariscos,Sí,Tarjeta,6131,False,False,False,False,237.06
4573414614,34,Femenino,Miami,Bajo,3,17.69,Sí,No,Vegetariano,No,Tarjeta,1594,False,False,False,False,53.07
4647993410,55,Femenino,Miami,Muy Alto,5,55.37,Sí,No,Otro,Sí,Tarjeta,9300,False,False,False,False,276.85
7242730249,31,Masculino,Miami,Medio,3,28.44,Sí,Sí,Pescado,No,Tarjeta,3212,False,False,False,False,85.32
5557081138,24,Femenino,Miami,Muy Alto,5,60.39,Sí,Sí,Mariscos,Sí,Tarjeta,14639,False,False,False,False,301.95
4718164083,45,Femenino,Miami,Medio,2,16.35,No,No,Mariscos,No,App,2421,False,False,False,False,32.7
7347827402,76,Femenino,Miami,Muy Alto,8,27.25,No,No,Pescado,Sí,Efectivo,15565,False,False,False,False,218.0
5517201089,49,Femenino,Miami,Medio,5,20.69,No,Sí,Vegetariano,Sí,Efectivo,1680,False,False,False,False,103.45
5065812598,27,Femenino,Miami,Muy Alto,10,80.36,Sí,Sí,Mariscos,Sí,Efectivo,12148,False,False,False,False,803.6
8682870495,38,Masculino,Miami,Bajo,1,17.47,Sí,No,Vegano,No,Tarjeta,867,False,False,False,False,17.47
4387598265,61,Masculino,Miami,Muy Alto,6,11.25,No,Sí,Mariscos,Sí,App,15118,False,False,False,False,67.5
8595364460,40,Masculino,Miami,Alto,6,30.71,No,Sí,Carnes,Sí,Tarjeta,6339,False,False,False,False,184.26
4522031180,63,Femenino,Miami,Alto,6,68.94,Sí,Sí,Carnes,Sí,Efectivo,8126,False,False,False,False,413.64
2941627207,44,Masculino,Miami,Medio,4,23.72,Sí,Sí,Vegano,No,App,2810,False,False,False,False,94.88
8999794949,49,Femenino,Miami,Muy Alto,10,59.21,No,Sí,Carnes,Sí,Efectivo,14721,False,False,True,False,592.1
7201050925,72,Femenino,Miami,Medio,5,37.39,No,Sí,Mariscos,Sí,Tarjeta,3398,False,False,False,False,186.95
3214080278,65,Femenino,Miami,Medio,3,23.65,No,Sí,Mariscos,No,Tarjeta,2378,True,False,False,False,70.95
8991208929,38,Masculino,Miami,Medio,3,37.52,No,Sí,Carnes,No,App,2190,False,False,False,False,112.56
4403105235,57,Masculino,Miami,Alto,5,34.87,No,Sí,Vegano,Sí,App,3778,False,False,False,False,174.35
2611241487,30,Femenino,Miami,Muy Alto,6,36.03,Sí,Sí,Vegetariano,Sí,App,9142,False,False,False,False,216.18
5055252365,37,Femenino,Miami,Alto,5,17.16,No,No,Mariscos,Sí,App,3540,False,False,False,False,85.8
2710804413,44,Femenino,Miami,Alto,6,52.83,No,No,Vegetariano,Sí,Tarjeta,6150,False,False,False,False,316.98
9922893828,32,Masculino,Miami,Bajo,3,10.35,No,No,Vegetariano,No,Tarjeta,1599,False,False,False,False,31.05
2972379077,52,Masculino,Miami,Muy Alto,6,53.57,Sí,Sí,Vegano,Sí,App,9351,False,False,False,False,321.42
3963727447,77,Masculino,Miami,Bajo,3,13.66,No,No,Vegetariano,No,Efectivo,814,False,False,False,False,40.98
5825921568,74,Masculino,Miami,Bajo,3,20.92,No,Sí,Vegano,No,Tarjeta,1582,False,False,False,False,62.76
3495411322,33,Femenino,Miami,Alto,5,54.5,Sí,No,Carnes,No,App,8679,False,False,False,False,272.5
3490824215,74,Masculino,Miami,Alto,6,15.2,No,Sí,Mariscos,No,Tarjeta,8774,False,False,False,False,91.2
7474231449,25,Masculino,Miami,Alto,5,68.85,Sí,Sí,Mariscos,No,App,6551,False,False,False,False,344.25
3258412623,40,Femenino,Miami,Alto,6,58.5,Sí,Sí,Pescado,No,Tarjeta,5826,False,False,False,False,351.0
4217795669,53,Femenino,Miami,Muy Alto,7,63.38,No,No,Otro,Sí,Efectivo,16915,False,False,False,False,443.66
4559184883,20,Femenino,Miami,Bajo,2,21.03,Sí,Sí,Vegetariano,No,Efectivo,1064,False,False,False,False,42.06
2169092754,30,Femenino,Miami,Alto,5,56.64,Sí,Sí,Carnes,No,Efectivo,5341,False,False,False,False,283.2
7225490343,32,Femenino,Miami,Alto,4,53.08,No,No,Otro,No,Tarjeta,5894,False,False,False,False,212.32
9594979797,76,Masculino,Miami,Medio,5,34.71,Sí,No,Vegano,No,Tarjeta,2989,False,False,False,False,173.55
2211349322,23,Masculino,Miami,Medio,5,39.12,No,Sí,Otro,No,Efectivo,3129,False,False,False,False,195.6
1504087458,56,Masculino,Miami,Alto,4,13.47,No,No,Vegetariano,Sí,Tarjeta,5046,False,False,False,False,53.88
5988675273,19,Masculino,Miami,Alto,4,39.57,Sí,Sí,Vegetariano,Sí,Tarjeta,7341,False,False,False,False,158.28
3629789564,32,Femenino,Miami,Muy Alto,5,11.04,Sí,Sí,Vegano,Sí,Tarjeta,10302,False,False,False,False,55.2
2469313429,54,Masculino,Miami,Medio,5,33.68,Sí,No,Vegetariano,No,Efectivo,2578,False,False,False,False,168.4
5487388603,36,Masculino,Miami,Alto,6,10.74,Sí,No,Otro,No,Efectivo,4080,False,False,False,False,64.44
1678178119,50,Masculino,Miami,Medio,5,23.39,No,Sí,Vegano,No,Efectivo,2955,False,False,False,False,116.95
5743230394,26,Femenino,Miami,Muy Alto,7,124.64,Sí,Sí,Otro,Sí,Efectivo,16526,False,False,False,False,872.48
4503177707,36,Femenino,Miami,Medio,5,16.22,Sí,Sí,Carnes,Sí,Tarjeta,2780,False,False,False,False,81.1
7997492332,31,Femenino,Miami,Medio,3,23.53,No,No,Vegetariano,No,Efectivo,3358,True,False,False,False,70.59
8433890033,79,Masculino,Miami,Medio,2,27.5,No,Sí,Vegetariano,No,Tarjeta,2346,False,False,False,False,55.0
7666433379,62,Masculino,Miami,Muy Alto,7,75.48,Sí,Sí,Vegano,Sí,Efectivo,12365,False,False,False,False,528.36
8624277739,70,Masculino,Miami,Bajo,3,14.22,Sí,Sí,Pescado,No,Tarjeta,1266,False,False,False,False,42.66
1723880927,66,Femenino,Miami,Muy Alto,5,60.06,Sí,Sí,Mariscos,Sí,Efectivo,13215,False,False,False,False,300.3
9046197909,55,Masculino,Miami,Bajo,0,0.0,Sí,Sí,Vegano,No,App,1595,False,False,False,False,0.0
5332533199,75,Masculino,Miami,Medio,4,13.31,Sí,Sí,Pescado,No,Efectivo,2446,False,False,False,False,53.24
8569107574,50,Femenino,Miami,Alto,5,17.9,No,Sí,Otro,Sí,App,8824,False,False,False,False,89.5
4857145018,43,Femenino,Miami,Alto,5,52.24,Sí,No,Otro,Sí,Efectivo,6637,False,False,False,False,261.2
1832109426,39,Femenino,Miami,Muy Alto,5,34.1,No,No,Carnes,Sí,App,16211,False,False,False,False,170.5
5734518600,77,Femenino,Miami,Muy Alto,9,101.27,No,No,Vegano,Sí,App,9746,False,False,False,False,911.43
4903399360,32,Femenino,Miami,Alto,5,59.05,Sí,No,Carnes,Sí,Criptomoneda,8312,True,False,False,False,295.25
8298719245,28,Masculino,Miami,Medio,2,13.02,Sí,Sí,Mariscos,No,Tarjeta,2295,False,False,False,False,26.04
1910736834,48,Femenino,Miami,Medio,3,21.44,No,Sí,Mariscos,No,Tarjeta,3387,False,False,False,False,64.32
6571020485,68,Femenino,Miami,Bajo,0,0.0,Sí,No,Otro,No,Efectivo,1551,False,False,False,False,0.0
4414061436,79,Masculino,Miami,Bajo,0,0.0,No,Sí,Otro,No,Tarjeta,1024,False,False,False,False,0.0
8488434439,45,Masculino,Miami,Bajo,2,13.07,Sí,Sí,Vegetariano,No,Efectivo,1570,False,False,False,False,26.14
6970667812,35,Femenino,Miami,Muy Alto,8,62.54,Sí,No,Vegetariano,Sí,Tarjeta,12212,False,False,False,False,500.32
5294501946,39,Femenino,Miami,Alto,6,45.15,Sí,No,Carnes,Sí,App,3766,False,False,False,False,270.9
9979735078,61,Femenino,Miami,Muy Alto,6,114.16,Sí,Sí,Mariscos,Sí,Efectivo,15685,False,False,False,False,684.96
9671989317,30,Femenino,Miami,Muy Alto,6,71.98,Sí,No,Otro,Sí,Tarjeta,13693,False,False,False,True,431.88
8002768253,68,Masculino,Miami,Muy Alto,5,71.35,No,No,Mariscos,Sí,App,17921,False,False,False,False,356.75
5045682651,52,Femenino,Miami,Muy Alto,9,70.02,Sí,Sí,Vegetariano,Sí,Efectivo,16101,False,False,False,False,630.18
4181625571,75,Femenino,Miami,Alto,5,45.75,Sí,No,Vegetariano,Sí,Criptomoneda,8655,False,False,False,False,228.75
9798548049,57,Masculino,Miami,Alto,5,31.03,No,Sí,Otro,No,Efectivo,7712,False,False,False,False,155.15
3384006407,38,Masculino,Miami,Bajo,2,14.63,Sí,Sí,Vegetariano,No,Efectivo,1145,True,False,False,False,29.26
7161891891,34,Femenino,Miami,Alto,6,26.99,No,Sí,Vegano,Sí,Tarjeta,6250,False,False,False,False,161.94
1992294298,37,Femenino,Miami,Muy Alto,7,68.38,No,No,Pescado,Sí,Tarjeta,10452,False,False,False,False,478.66
9138644862,71,Femenino,Miami,Muy Alto,10,28.5,No,Sí,Vegetariano,Sí,App,9333,False,False,False,False,285.0
7910817577,29,Masculino,Miami,Medio,3,27.08,No,Sí,Vegetariano,No,Tarjeta,2682,True,False,False,False,81.24
4450866461,57,Masculino,Miami,Medio,3,23.66,No,Sí,Otro,No,Tarjeta,1712,True,False,False,True,70.98
3079834001,56,Femenino,Miami,Bajo,3,16.73,Sí,Sí,Mariscos,No,Efectivo,869,False,False,False,False,50.19
6530689969,22,Masculino,Miami,Alto,6,20.85,No,No,Vegano,Sí,Tarjeta,3839,False,False,False,False,125.1
7271530837,23,Femenino,Miami,Bajo,0,0.0,Sí,No,Carnes,No,App,1193,False,False,False,False,0.0
5537548734,25,Masculino,Miami,Muy Alto,8,28.67,No,Sí,Otro,Sí,App,12736,False,False,False,True,229.36
2211374001,44,Femenino,Miami,Alto,6,22.88,Sí,Sí,Otro,Sí,App,5420,False,False,False,False,137.28
2331017102,54,Masculino,Miami,Bajo,3,14.41,No,Sí,Vegetariano,No,Efectivo,1159,False,False,False,False,43.23
1166345469,18,Femenino,Miami,Alto,6,56.29,Sí,Sí,Mariscos,No,Efectivo,6092,False,False,False,False,337.74
1421182269,36,Masculino,Miami,Muy Alto,7,83.18,No,Sí,Mariscos,Sí,Tarjeta,13903,False,False,False,False,582.26
4627032705,34,Femenino,Miami,Alto,4,31.0,Sí,No,Mariscos,Sí,Tarjeta,5152,False,False,False,False,124.0
2459204787,76,Femenino,Miami,Muy Alto,10,30.84,No,No,Vegano,Sí,App,12030,False,False,False,False,308.4
8869488518,54,Femenino,Miami,Alto,5,26.77,Sí,Sí,Vegetariano,Sí,Efectivo,3707,False,False,False,False,133.85
6185654886,69,Masculino,Miami,Muy Alto,6,25.85,Sí,No,Pescado,Sí,Tarjeta,17694,False,False,False,False,155.1
8511816869,55,Masculino,Miami,Muy Alto,8,21.58,Sí,No,Pescado,Sí,App,13413,False,False,False,False,172.64
1755431522,52,Femenino,Miami,Medio,2,12.64,Sí,Sí,Mariscos,No,App,2423,False,False,False,False,25.28
8728631945,64,Femenino,Miami,Alto,6,49.46,Sí,Sí,Vegetariano,No,Tarjeta,8967,False,False,False,False,296.76
6061616425,34,Masculino,Miami,Alto,5,21.0,No,Sí,Carnes,No,Tarjeta,4172,False,False,False,False,105.0
2085304475,53,Femenino,Miami,Alto,5,67.4,Sí,No,Otro,No,Tarjeta,7360,False,False,False,True,337.0
4983488971,49,Masculino,Miami,Alto,4,28.25,Sí,Sí,Vegetariano,Sí,Efectivo,8773,False,False,False,False,113.0
8887738003,23,Femenino,Miami,Bajo,3,19.47,Sí,Sí,Pescado,No,App,1503,False,False,False,False,58.41
8322868827,65,Masculino,Miami,Medio,5,38.42,No,Sí,Mariscos,Sí,Tarjeta,3026,False,False,False,False,192.1
8548290298,35,Masculino,Miami,Medio,4,19.02,Sí,Sí,Vegetariano,No,Efectivo,3305,False,False,False,False,76.08
4822647726,75,Masculino,Miami,Medio,2,20.08,No,No,Mariscos,No,App,1719,False,False,False,False,40.16
6627671162,41,Masculino,Miami,Alto,6,58.04,Sí,No,Vegetariano,Sí,Efectivo,5238,False,False,False,False,348.24
4226091368,73,Femenino,Miami,Alto,5,62.31,Sí,No,Mariscos,Sí,Efectivo,7030,False,False,False,False,311.55
8284030207,21,Femenino,Miami,Muy Alto,5,46.39,No,Sí,Vegetariano,Sí,Tarjeta,13055,False,False,False,False,231.95
1748761231,76,Masculino,Miami,Medio,5,23.12,No,Sí,Otro,No,Tarjeta,3038,False,False,False,False,115.6
9298793290,57,Femenino,Miami,Muy Alto,6,55.1,Sí,Sí,Vegetariano,Sí,Tarjeta,10533,False,False,False,False,330.6
9317187275,44,Femenino,Miami,Alto,4,31.13,No,No,Mariscos,Sí,App,5882,False,False,False,False,124.52
6072939882,25,Masculino,Miami,Alto,4,35.52,Sí,Sí,Vegetariano,No,Efectivo,4421,False,False,False,False,142.08
3652461624,62,Masculino,Miami,Medio,4,36.16,No,Sí,Vegano,No,App,1916,False,False,False,False,144.64
1560218779,57,Masculino,Miami,Muy Alto,10,69.42,No,Sí,Vegetariano,Sí,Efectivo,13522,False,False,False,False,694.2
7922382969,47,Masculino,Miami,Medio,4,26.21,Sí,Sí,Carnes,No,Efectivo,3242,False,False,False,False,104.84
6601999655,34,Masculino,Miami,Alto,5,11.69,Sí,Sí,Otro,Sí,Tarjeta,7525,False,False,False,False,58.45
5756673603,50,Masculino,Miami,Alto,6,38.12,Sí,Sí,Otro,Sí,Tarjeta,7863,False,False,False,False,228.72
5023387088,39,Femenino,Miami,Muy Alto,9,35.38,No,No,Vegetariano,Sí,Tarjeta,14691,False,False,False,False,318.42
1339273625,19,Masculino,Miami,Medio,5,37.34,No,Sí,Carnes,No,Tarjeta,1945,False,False,False,False,186.7
7680765484,44,Femenino,Miami,Medio,4,23.48,No,Sí,Pescado,No,Tarjeta,2226,False,True,False,False,93.92
7928074841,38,Femenino,Miami,Medio,2,31.1,Sí,No,Carnes,No,App,3145,False,False,False,False,62.2
6126780305,28,Masculino,Miami,Bajo,1,20.01,No,No,Otro,No,Tarjeta,1556,False,False,False,False,20.01
4924345366,37,Femenino,Miami,Medio,3,20.88,No,No,Mariscos,No,App,2745,False,False,False,False,62.64
2462185567,73,Femenino,Miami,Bajo,3,11.22,Sí,No,Pescado,No,Efectivo,1184,False,False,False,False,33.66
5761565487,59,Masculino,Miami,Bajo,2,10.15,Sí,No,Vegetariano,No,Tarjeta,999,False,False,False,False,20.3
6545303811,70,Masculino,Miami,Muy Alto,6,13.33,No,Sí,Mariscos,Sí,Tarjeta,10241,False,False,False,False,79.98
3127317293,70,Femenino,Miami,Muy Alto,5,95.41,Sí,Sí,Otro,Sí,Tarjeta,11199,False,False,False,True,477.05
8178361487,73,Femenino,Miami,Alto,5,30.57,Sí,No,Mariscos,No,App,3581,False,False,False,False,152.85
6305919104,62,Femenino,Miami,Bajo,3,17.35,Sí,No,Vegetariano,No,App,1063,False,False,False,False,52.05
4138429837,50,Masculino,Miami,Medio,3,35.33,No,No,Mariscos,No,Efectivo,2116,False,False,False,False,105.99
3728771596,55,Masculino,Miami,Bajo,0,0.0,Sí,Sí,Mariscos,No,Efectivo,1058,False,False,False,False,0.0
8708728501,44,Femenino,Miami,Alto,6,11.34,No,Sí,Pescado,Sí,Tarjeta,8219,False,False,False,False,68.04
7725342599,54,Femenino,Miami,Medio,4,29.46,No,No,Carnes,No,Efectivo,3485,False,False,False,False,117.84
4972865038,44,Masculino,Miami,Medio,5,15.92,No,Sí,Vegetariano,No,App,3445,False,False,False,False,79.6
7154251706,37,Femenino,Miami,Alto,6,21.8,No,Sí,Otro,Sí,App,4683,False,False,False,False,130.8
8410301978,37,Femenino,Miami,Muy Alto,7,37.39,No,No,Carnes,Sí,Efectivo,10384,False,False,False,False,261.73
3232950452,64,Femenino,Miami,Alto,6,59.59,Sí,Sí,Vegetariano,No,Efectivo,4213,False,False,False,False,357.54
6031624191,73,Masculino,Miami,Alto,5,26.92,Sí,No,Mariscos,Sí,App,4461,False,False,False,False,134.6
7406451386,78,Femenino,Miami,Muy Alto,8,94.79,Sí,No,Vegano,Sí,App,15732,False,False,False,False,758.32
4277431863,21,Femenino,Miami,Medio,4,11.07,Sí,Sí,Vegano,No,Efectivo,2246,False,False,False,False,44.28
9938787401,61,Masculino,Miami,Alto,5,16.71,No,Sí,Otro,No,Efectivo,3710,False,False,False,True,83.55
7091670562,44,Femenino,Miami,Medio,2,27.03,Sí,Sí,Mariscos,No,App,2268,False,False,False,False,54.06
3783813800,35,Masculino,Miami,Alto,5,30.07,Sí,Sí,Mariscos,No,Efectivo,3920,True,False,False,False,150.35
7567013916,31,Femenino,Miami,Medio,5,26.24,Sí,No,Vegetariano,No,Tarjeta,3472,False,False,False,False,131.2
3609410386,19,Femenino,Miami,Alto,5,50.97,No,Sí,Pescado,Sí,Efectivo,5072,False,False,False,False,254.85
8458467240,74,Femenino,Miami,Muy Alto,7,41.13,Sí,Sí,Mariscos,Sí,Efectivo,9108,False,False,False,False,287.91
2532978789,78,Masculino,Miami,Muy Alto,8,50.09,Sí,No,Vegano,Sí,App,11498,False,False,False,False,400.72
2510308881,63,Femenino,Miami,Muy Alto,8,23.78,No,Sí,Vegetariano,Sí,Efectivo,16359,False,False,False,False,190.24
4630196130,40,Masculino,Miami,Muy Alto,7,120.21,Sí,No,Otro,Sí,Efectivo,17774,True,False,False,True,841.47
2882659870,58,Masculino,Miami,Muy Alto,8,51.79,Sí,Sí,Mariscos,Sí,Tarjeta,16714,False,False,False,False,414.32
3886984936,78,Femenino,Miami,Medio,4,18.69,Sí,Sí,Vegetariano,No,Tarjeta,3171,False,False,False,False,74.76
7465926508,56,Masculino,Miami,Alto,4,51.35,Sí,Sí,Vegetariano,Sí,App,6099,False,False,False,False,205.4
9528893455,52,Femenino,Miami,Medio,4,39.37,No,Sí,Mariscos,No,Tarjeta,3087,False,False,False,False,157.48
4244182191,73,Femenino,Miami,Alto,5,17.83,Sí,Sí,Vegano,No,Efectivo,5488,False,False,False,False,89.15
2075630145,25,Masculino,Miami,Medio,3,12.28,Sí,Sí,Vegetariano,No,App,3249,False,False,False,False,36.84
2846465000,34,Masculino,Miami,Medio,5,14.01,No,Sí,Vegano,No,Tarjeta,3056,False,False,False,False,70.05
8972841590,53,Masculino,Miami,Bajo,1,14.33,No,Sí,Carnes,No,App,1517,False,False,False,False,14.33
2404177686,26,Masculino,Miami,Alto,5,51.29,No,Sí,Carnes,Sí,App,3534,True,False,False,False,256.45
7805633786,27,Femenino,Miami,Alto,4,67.7,No,Sí,Otro,No,App,4906,False,False,False,False,270.8
8552526194,55,Femenino,Miami,Alto,5,12.11,No,No,Vegano,Sí,Efectivo,6876,False,False,False,False,60.55
4848197492,59,Masculino,Miami,Muy Alto,5,42.54,Sí,Sí,Vegetariano,Sí,Efectivo,12933,False,False,False,False,212.7
2766823544,27,Femenino,Miami,Muy Alto,5,119.73,Sí,No,Carnes,Sí,Efectivo,16800,False,False,False,False,598.65
4196989649,67,Femenino,Miami,Medio,5,28.2,Sí,Sí,Vegetariano,No,Efectivo,1699,False,False,False,False,141.0
3020657308,55,Masculino,Miami,Alto,6,35.85,No,Sí,Mariscos,Sí,App,5361,False,False,False,False,215.1
2288059337,26,Masculino,Miami,Muy Alto,7,78.73,Sí,Sí,Mariscos,Sí,App,14122,False,False,False,False,551.11
3767091483,53,Femenino,Miami,Bajo,1,22.08,Sí,No,Carnes,No,Tarjeta,863,False,False,False,False,22.08
4372880221,63,Femenino,Miami,Bajo,2,11.64,No,Sí,Mariscos,No,Tarjeta,1381,False,False,False,False,23.28
3341267390,52,Masculino,Miami,Medio,2,19.99,No,No,Pescado,No,Efectivo,2265,False,False,False,False,39.98
7296658772,28,Masculino,Miami,Medio,2,34.75,Sí,Sí,Vegano,No,Efectivo,1987,False,False,False,False,69.5
4747855538,48,Femenino,Miami,Alto,5,55.59,Sí,Sí,Vegetariano,Sí,Efectivo,5261,False,False,False,False,277.95
4096649888,42,Femenino,Miami,Alto,6,22.4,No,Sí,Vegano,No,App,5434,False,False,False,False,134.4
3499676025,51,Femenino,Miami,Bajo,3,17.36,Sí,Sí,Pescado,No,App,1580,False,False,False,False,52.08
4710145876,42,Masculino,Miami,Alto,5,33.03,Sí,Sí,Mariscos,Sí,Tarjeta,7602,False,False,False,False,165.15
4502367223,56,Masculino,Miami,Muy Alto,8,84.1,No,Sí,Mariscos,Sí,Efectivo,17824,False,False,False,False,672.8
5566311801,40,Masculino,Miami,Bajo,1,16.87,Sí,No,Vegano,No,Efectivo,1396,False,False,False,False,16.87
2367291673,29,Femenino,Miami,Alto,4,19.7,Sí,Sí,Vegetariano,No,Efectivo,3951,False,False,False,False,78.8
9280061418,57,Masculino,Miami,Muy Alto,8,100.79,Sí,Sí,Mariscos,Sí,Tarjeta,15791,False,False,False,False,806.32
3694130765,49,Femenino,Miami,Alto,4,18.42,Sí,Sí,Vegetariano,No,App,4023,False,False,False,False,73.68
8503290875,33,Masculino,Miami,Alto,5,30.11,No,No,Mariscos,Sí,Tarjeta,8990,False,False,False,False,150.55
5306946888,53,Femenino,Miami,Bajo,3,12.18,Sí,No,Otro,No,App,1064,False,False,False,False,36.54
9351548768,63,Masculino,Miami,Muy Alto,10,26.07,Sí,No,Otro,Sí,Tarjeta,10571,False,False,False,False,260.7
1196197080,64,Masculino,Miami,Medio,2,17.03,Sí,No,Carnes,No,App,2058,False,False,False,False,34.06
2277668472,56,Masculino,Miami,Muy Alto,8,31.43,Sí,Sí,Vegetariano,Sí,Efectivo,11480,False,False,False,False,251.44
6200253367,60,Femenino,Miami,Medio,4,25.1,No,Sí,Otro,No,Efectivo,3416,False,False,False,True,100.4
9066622632,51,Femenino,Miami,Alto,4,60.09,No,Sí,Pescado,Sí,Criptomoneda,7570,False,False,False,False,240.36
6857384926,26,Femenino,Miami,Alto,4,64.41,No,Sí,Mariscos,Sí,App,8104,False,False,False,False,257.64
9979279771,69,Masculino,Miami,Muy Alto,5,57.02,No,Sí,Mariscos,Sí,Efectivo,13022,False,False,False,False,285.1
9363095605,70,Masculino,Miami,Muy Alto,8,36.89,Sí,No,Mariscos,Sí,Efectivo,16631,False,False,False,False,295.12
2950759402,54,Femenino,Miami,Muy Alto,9,22.67,Sí,No,Mariscos,Sí,App,17961,False,False,False,False,204.03
4520856549,32,Femenino,Miami,Alto,4,33.73,Sí,Sí,Mariscos,No,Efectivo,8470,False,False,False,False,134.92
6022993811,59,Femenino,Miami,Muy Alto,7,55.0,Sí,Sí,Mariscos,Sí,Efectivo,11626,True,False,False,False,385.0
9115141477,65,Masculino,Miami,Muy Alto,7,75.0,No,No,Carnes,Sí,Tarjeta,16463,True,False,False,False,525.0
9769778410,58,Masculino,Miami,Alto,5,29.58,No,Sí,Vegetariano,Sí,App,4567,False,False,False,False,147.9
6965147657,64,Masculino,Miami,Muy Alto,8,128.81,No,No,Carnes,Sí,Tarjeta,17523,False,False,False,False,1030.48
7937750130,66,Femenino,Miami,Muy Alto,8,98.14,No,No,Carnes,Sí,App,11019,False,False,False,False,785.12
4722414631,33,Femenino,Miami,Medio,5,38.99,Sí,No,Vegetariano,No,Tarjeta,2279,False,False,False,False,194.95
8178679129,80,Masculino,Miami,Alto,5,33.66,Sí,No,Mariscos,Sí,Efectivo,3906,False,False,False,False,168.3
4700855390,68,Masculino,Miami,Alto,5,25.07,No,Sí,Vegano,No,Tarjeta,3967,False,False,False,False,125.35
9783778318,41,Masculino,Miami,Medio,3,23.64,No,No,Mariscos,No,App,1610,False,False,False,False,70.92
5970745881,76,Femenino,Miami,Medio,2,20.06,No,Sí,Vegetariano,No,Efectivo,2670,False,False,False,False,40.12
4685173415,71,Masculino,Miami,Alto,4,35.45,Sí,Sí,Vegano,Sí,Efectivo,4027,False,False,False,False,141.8
7401404160,70,Femenino,Miami,Muy Alto,10,35.85,No,No,Carnes,Sí,App,16231,False,False,False,False,358.5
4379095790,19,Femenino,Miami,Bajo,2,11.54,No,Sí,Mariscos,No,App,889,False,False,False,False,23.08
5277135345,20,Femenino,Miami,Muy Alto,8,77.5,Sí,Sí,Pescado,Sí,App,17514,False,False,False,False,620.0
9581514476,18,Femenino,Miami,Medio,2,34.56,No,Sí,Vegetariano,No,Tarjeta,1817,False,False,False,False,69.12
9866401667,63,Masculino,Miami,Bajo,1,19.24,No,Sí,Pescado,No,Efectivo,1445,False,False,False,False,19.24
7346292485,35,Femenino,Miami,Bajo,2,23.58,No,Sí,Pescado,No,Efectivo,1095,True,False,False,False,47.16
5570557852,69,Femenino,Miami,Medio,2,16.1,No,Sí,Vegetariano,No,Tarjeta,2273,False,False,False,False,32.2
1332469393,49,Masculino,Miami,Muy Alto,7,32.44,No,Sí,Otro,Sí,Efectivo,13021,True,False,True,True,227.08
8431480059,69,Femenino,Miami,Bajo,0,0.0,Sí,No,Mariscos,No,App,1318,False,False,False,False,0.0
7154471984,73,Femenino,Miami,Medio,2,27.26,Sí,Sí,Pescado,No,App,2950,False,False,False,False,54.52
7358576662,44,Femenino,Miami,Muy Alto,6,91.57,No,Sí,Vegano,Sí,Tarjeta,12778,False,False,False,False,549.42
1681151168,68,Femenino,Miami,Alto,4,46.58,No,Sí,Mariscos,Sí,Tarjeta,3909,False,False,False,False,186.32
9987838924,51,Femenino,Miami,Muy Alto,5,93.97,Sí,Sí,Vegetariano,Sí,Efectivo,13298,False,False,False,False,469.85
3523872583,80,Femenino,Miami,Medio,3,12.57,No,Sí,Carnes,No,Tarjeta,3267,True,False,False,False,37.71
7214011880,78,Femenino,Miami,Alto,5,64.6,No,Sí,Vegetariano,Sí,Efectivo,5780,False,False,False,False,323.0
6021075141,32,Masculino,Miami,Medio,2,19.11,Sí,No,Vegetariano,Sí,Efectivo,3261,False,False,False,False,38.22
5188484316,71,Masculino,Miami,Alto,4,32.39,No,Sí,Otro,Sí,Efectivo,4047,False,False,False,False,129.56
6485743001,33,Femenino,Miami,Medio,5,17.93,Sí,Sí,Mariscos,No,App,2119,False,False,False,False,89.65
7141358741,33,Femenino,Miami,Medio,5,34.16,No,No,Otro,No,Efectivo,2302,False,False,False,False,170.8
8984635518,79,Masculino,Miami,Alto,6,10.88,Sí,No,Vegano,No,Efectivo,6259,False,False,False,False,65.28
7631967687,25,Masculino,Miami,Alto,5,45.53,Sí,Sí,Mariscos,Sí,Efectivo,3518,False,False,False,False,227.65
9699023942,61,Masculino,Miami,Alto,4,32.07,No,Sí,Pescado,Sí,Efectivo,3934,False,False,False,False,128.28
8381427154,48,Masculino,Miami,Muy Alto,7,28.2,No,Sí,Vegetariano,Sí,Tarjeta,15276,False,False,False,False,197.4
2530212365,52,Femenino,Miami,Alto,4,11.0,No,No,Mariscos,Sí,Efectivo,5011,False,False,False,False,44.0
5400445675,52,Femenino,Miami,Bajo,3,13.43,Sí,Sí,Vegano,No,Efectivo,891,False,False,False,False,40.29
1440914785,47,Femenino,Miami,Alto,6,56.0,Sí,No,Mariscos,No,Tarjeta,8563,False,False,False,False,336.0
1879660573,56,Masculino,Miami,Muy Alto,5,48.13,No,Sí,Vegano,Sí,Efectivo,10600,False,False,False,False,240.65
1590612666,69,Femenino,Miami,Muy Alto,5,80.75,Sí,Sí,Mariscos,Sí,Efectivo,11165,False,False,False,False,403.75
3455248854,40,Masculino,Miami,Medio,4,36.15,No,No,Otro,No,Efectivo,1652,False,False,False,False,144.6
6011842297,60,Femenino,Miami,Alto,5,28.33,No,No,Mariscos,No,Tarjeta,7613,False,False,False,False,141.65
1603304377,75,Masculino,Miami,Alto,5,39.15,Sí,Sí,Pescado,Sí,Tarjeta,4567,False,False,False,False,195.75
3132643403,59,Masculino,Miami,Alto,6,66.08,Sí,Sí,Otro,No,Tarjeta,5700,False,False,False,True,396.48
7433600805,71,Masculino,Miami,Muy Alto,6,69.89,No,Sí,Otro,Sí,Tarjeta,12348,False,False,False,False,419.34
1378477126,71,Femenino,Miami,Alto,5,41.13,No,No,Carnes,Sí,App,5168,False,False,False,False,205.65
5438157754,31,Masculino,Miami,Medio,4,27.5,Sí,No,Vegetariano,No,Efectivo,3282,False,False,False,False,110.0
3033278918,51,Masculino,Miami,Medio,5,33.58,No,No,Mariscos,No,App,3149,False,False,False,False,167.9
2358241431,51,Femenino,Miami,Alto,5,19.22,No,Sí,Vegetariano,Sí,App,8250,False,False,False,False,96.1
8228609138,56,Femenino,Miami,Alto,5,24.47,Sí,Sí,Otro,Sí,Efectivo,8409,False,False,False,False,122.35
3272154536,43,Femenino,Miami,Alto,4,19.71,Sí,Sí,Vegano,No,Efectivo,6392,False,False,False,False,78.84
1150959137,45,Femenino,Miami,Muy Alto,10,59.42,Sí,Sí,Otro,Sí,Efectivo,16557,False,False,False,True,594.2
7322691495,52,Masculino,Miami,Bajo,3,23.1,No,Sí,Vegano,No,Efectivo,1392,False,False,False,False,69.3
8766595627,74,Femenino,Miami,Muy Alto,10,95.64,Sí,No,Vegetariano,Sí,Efectivo,15389,False,False,False,False,956.4
2308168671,59,Femenino,Miami,Bajo,2,16.23,Sí,Sí,Carnes,No,Tarjeta,1348,False,False,False,False,32.46
5945335904,31,Masculino,Miami,Alto,5,49.76,No,Sí,Vegano,Sí,Tarjeta,8910,False,False,False,False,248.8
8870610430,77,Masculino,Miami,Alto,6,10.63,No,Sí,Vegano,Sí,Efectivo,6164,False,False,False,False,63.78
1481747323,46,Femenino,Miami,Medio,5,16.41,Sí,Sí,Vegetariano,No,App,1768,False,False,False,False,82.05
4665672275,58,Femenino,Miami,Alto,4,27.44,No,No,Carnes,No,Efectivo,8228,False,False,False,False,109.76
6211271919,50,Masculino,Miami,Muy Alto,5,99.99,No,Sí,Mariscos,Sí,Efectivo,12329,False,False,False,False,499.95
5394771196,75,Masculino,Miami,Medio,5,18.56,Sí,Sí,Mariscos,No,Tarjeta,1914,False,False,False,False,92.8
6611641475,33,Masculino,Miami,Alto,5,66.93,Sí,Sí,Otro,Sí,Efectivo,8578,False,False,False,False,334.65
4357474723,68,Masculino,Miami,Alto,5,54.46,Sí,No,Carnes,Sí,Efectivo,6076,True,False,False,False,272.3
2753059593,50,Masculino,Miami,Muy Alto,10,15.69,Sí,Sí,Mariscos,Sí,Efectivo,9232,False,False,False,False,156.9
7719420502,64,Masculino,Miami,Medio,4,31.66,No,Sí,Pescado,No,App,3222,False,False,False,False,126.64
6711463258,70,Masculino,Miami,Muy Alto,6,81.58,No,Sí,Otro,Sí,App,11001,False,False,False,False,489.48
3246412560,50,Masculino,Miami,Bajo,2,10.7,Sí,No,Vegetariano,No,Tarjeta,875,False,False,False,False,21.4
2913886177,32,Femenino,Miami,Bajo,1,15.55,Sí,No,Carnes,No,Efectivo,1569,False,False,False,False,15.55
5584108324,78,Masculino,Miami,Alto,6,50.71,Sí,No,Otro,Sí,App,5558,False,False,False,True,304.26
3888470238,34,Masculino,Miami,Muy Alto,8,57.3,No,Sí,Vegetariano,Sí,Efectivo,12286,False,False,False,False,458.4
3884357532,72,Femenino,Miami,Muy Alto,6,49.18,No,No,Mariscos,Sí,Tarjeta,12546,False,False,False,False,295.08
7636973606,34,Masculino,Miami,Bajo,3,15.63,Sí,Sí,Vegetariano,No,Tarjeta,1250,False,False,False,False,46.89
1398551461,52,Femenino,Miami,Alto,5,62.91,No,No,Carnes,Sí,Tarjeta,7246,False,False,False,False,314.55
6645928545,72,Masculino,Miami,Alto,4,42.4,No,Sí,Mariscos,Sí,Tarjeta,3867,False,False,False,False,169.6
9739565195,24,Femenino,Miami,Bajo,2,23.92,Sí,Sí,Pescado,No,App,1289,False,False,False,False,47.84
1259807661,63,Femenino,Miami,Medio,4,31.92,No,No,Pescado,No,Criptomoneda,2036,False,False,False,False,127.68
4507822591,18,Masculino,Miami,Bajo,3,17.26,Sí,Sí,Vegetariano,No,Tarjeta,1538,False,False,False,False,51.78
7088438912,60,Femenino,Miami,Bajo,1,17.86,Sí,Sí,Mariscos,No,Tarjeta,1128,False,False,False,False,17.86
9572894433,54,Masculino,Miami,Muy Alto,6,52.32,Sí,Sí,Pescado,Sí,Criptomoneda,17112,False,False,False,False,313.92
3790116381,46,Femenino,Miami,Alto,6,52.02,Sí,No,Pescado,No,Tarjeta,4836,False,False,False,False,312.12
7567064362,27,Femenino,Miami,Bajo,2,23.89,No,Sí,Mariscos,No,Efectivo,1007,True,False,False,False,47.78
8106401208,50,Femenino,Miami,Medio,5,36.64,No,Sí,Mariscos,No,App,2670,False,False,False,False,183.2
6097347922,37,Masculino,Miami,Alto,5,17.03,No,No,Vegano,No,Efectivo,6134,False,False,False,False,85.15
1429898519,56,Masculino,Miami,Muy Alto,8,110.21,Sí,No,Carnes,Sí,Tarjeta,15245,False,False,False,False,881.68
2878930355,49,Femenino,Miami,Bajo,2,16.06,Sí,No,Vegetariano,No,Tarjeta,1072,False,False,True,False,32.12
1713867006,51,Femenino,Miami,Medio,3,30.4,No,Sí,Otro,Sí,Criptomoneda,2920,False,False,False,False,91.2
7156833914,53,Femenino,Miami,Muy Alto,7,129.09,Sí,Sí,Carnes,Sí,App,13899,False,False,False,False,903.63
9419687439,69,Masculino,Miami,Medio,3,39.1,No,No,Otro,No,Efectivo,2099,False,False,False,False,117.3
2963288053,34,Femenino,Miami,Medio,2,27.45,No,No,Otro,No,App,3129,False,False,False,True,54.9
6963995705,49,Masculino,Miami,Alto,6,57.85,Sí,Sí,Otro,Sí,App,5377,False,False,False,False,347.1
6889493881,31,Masculino,Miami,Medio,4,12.64,Sí,Sí,Vegetariano,No,Efectivo,2043,False,False,False,False,50.56
6932198448,65,Femenino,Miami,Alto,6,49.03,No,Sí,Mariscos,No,Efectivo,5231,False,False,False,False,294.18
4715280932,18,Masculino,Miami,Alto,6,48.66,Sí,Sí,Vegetariano,Sí,Efectivo,7321,False,False,False,False,291.96
5487573681,47,Masculino,Miami,Alto,4,54.13,Sí,No,Otro,Sí,Efectivo,7612,False,False,False,False,216.52
9757497260,26,Masculino,Miami,Muy Alto,6,38.0,Sí,Sí,Mariscos,Sí,App,16039,False,False,False,False,228.0
4164784001,58,Masculino,Miami,Alto,6,44.27,No,No,Carnes,Sí,Efectivo,6561,False,False,False,False,265.62
2378170698,25,Femenino,Miami,Alto,4,50.47,Sí,Sí,Mariscos,Sí,Efectivo,5636,False,False,False,False,201.88
6510051851,46,Masculino,Miami,Alto,5,15.73,Sí,Sí,Carnes,Sí,Efectivo,6481,False,False,False,False,78.65
1485024047,34,Masculino,Miami,Alto,5,56.67,No,Sí,Carnes,Sí,App,5248,False,False,False,False,283.35
8573239805,49,Femenino,Miami,Alto,6,27.34,Sí,Sí,Mariscos,Sí,App,5704,False,False,True,False,164.04
6433657759,66,Masculino,Miami,Medio,5,18.29,No,Sí,Otro,No,Tarjeta,2184,False,False,False,False,91.45
4306964267,42,Masculino,Miami,Bajo,0,0.0,Sí,No,Carnes,No,Criptomoneda,1251,False,False,False,False,0.0
1970686139,51,Masculino,Miami,Bajo,2,23.91,No,Sí,Carnes,No,Efectivo,917,False,False,False,False,47.82
4289377709,37,Masculino,Miami,Alto,5,53.86,No,No,Otro,Sí,App,4747,False,False,False,False,269.3
4374115502,80,Masculino,Miami,Muy Alto,8,45.53,Sí,No,Mariscos,Sí,App,12093,False,False,False,False,364.24
1552587298,39,Masculino,Miami,Alto,6,33.84,Sí,No,Otro,Sí,App,5104,False,False,False,False,203.04
6799653841,47,Femenino,Miami,Alto,5,51.33,Sí,Sí,Otro,Sí,Efectivo,8223,False,False,False,False,256.65
8513044549,20,Femenino,Miami,Muy Alto,7,65.99,No,Sí,Carnes,Sí,Efectivo,13991,False,False,False,False,461.93
4241435535,44,Femenino,Miami,Alto,6,42.99,No,No,Otro,Sí,Efectivo,6848,False,False,False,False,257.94
1720026682,22,Femenino,Miami,Medio,4,23.04,Sí,Sí,Otro,Sí,Tarjeta,2590,False,False,False,True,92.16
9045252906,40,Masculino,Miami,Alto,5,63.85,No,Sí,Mariscos,Sí,Tarjeta,5116,False,False,False,False,319.25
3310051469,75,Femenino,Miami,Bajo,0,0.0,No,Sí,Carnes,No,Tarjeta,1045,False,False,False,False,0.0
4864126433,60,Masculino,Miami,Medio,5,24.14,Sí,Sí,Vegetariano,No,App,2226,False,False,False,False,120.7
5633585918,79,Masculino,Miami,Muy Alto,6,83.66,No,No,Mariscos,Sí,Efectivo,14764,False,False,False,False,501.96
9049628229,69,Femenino,Miami,Muy Alto,6,115.97,Sí,Sí,Vegetariano,Sí,Efectivo,13977,False,False,False,False,695.82
1582176963,57,Femenino,Miami,Muy Alto,9,88.22,Sí,Sí,Carnes,Sí,App,13988,False,False,False,False,793.98
7471862303,58,Masculino,Miami,Bajo,0,0.0,No,Sí,Vegetariano,No,Tarjeta,1226,False,False,False,False,0.0
6293440269,72,Femenino,Miami,Alto,5,43.87,Sí,Sí,Carnes,Sí,App,8515,False,False,False,False,219.35
9877185576,63,Femenino,Miami,Bajo,1,14.64,Sí,No,Vegetariano,No,Tarjeta,1081,False,False,False,False,14.64
1030319566,38,Femenino,Miami,Alto,5,23.01,Sí,No,Mariscos,No,Efectivo,8878,True,False,False,False,115.05
7309935201,21,Masculino,Miami,Alto,4,36.56,No,Sí,Mariscos,Sí,Tarjeta,6842,False,False,False,False,146.24
8439518982,51,Masculino,Miami,Alto,4,24.52,Sí,No,Vegetariano,Sí,Efectivo,3969,False,False,False,False,98.08
9801787009,70,Masculino,Miami,Medio,5,31.7,Sí,Sí,Carnes,No,App,2771,False,False,False,False,158.5
8120424045,64,Masculino,Miami,Medio,3,11.92,No,No,Vegano,No,Tarjeta,1770,False,False,False,False,35.76
6950162261,23,Masculino,Miami,Bajo,3,14.25,Sí,Sí,Vegano,No,Criptomoneda,1326,False,False,False,False,42.75
1699052536,74,Femenino,Miami,Bajo,1,12.85,Sí,Sí,Mariscos,No,App,1195,False,False,False,False,12.85
1042870088,65,Femenino,Miami,Bajo,2,14.41,Sí,Sí,Mariscos,No,App,883,True,False,False,False,28.82
4603484116,67,Masculino,Miami,Muy Alto,7,80.01,Sí,No,Pescado,Sí,Efectivo,14363,False,False,False,False,560.07
6378941216,58,Masculino,Miami,Bajo,1,22.27,Sí,Sí,Mariscos,No,App,1447,False,False,False,False,22.27
9597002160,26,Masculino,Miami,Alto,5,30.34,No,Sí,Pescado,No,Efectivo,8718,False,False,False,False,151.7
7535081573,42,Femenino,Miami,Medio,4,17.6,Sí,No,Mariscos,Sí,Criptomoneda,1993,False,False,False,False,70.4
2091648515,21,Masculino,Miami,Medio,3,25.36,Sí,Sí,Otro,No,App,2176,False,False,False,False,76.08
4009805180,46,Femenino,Miami,Medio,3,36.7,No,Sí,Otro,No,Tarjeta,2167,False,False,False,False,110.1
4116218698,70,Masculino,Miami,Alto,5,62.43,No,Sí,Vegetariano,Sí,Tarjeta,7162,False,False,False,False,312.15
5965249795,49,Femenino,Miami,Alto,5,48.44,Sí,No,Mariscos,No,App,5118,False,False,False,False,242.2
8140402148,52,Masculino,Miami,Alto,6,25.76,Sí,No,Carnes,No,Efectivo,4617,False,False,False,False,154.56
8872346835,66,Femenino,Miami,Medio,3,11.46,Sí,Sí,Carnes,No,Criptomoneda,2781,False,False,False,False,34.38
2353074024,28,Masculino,Miami,Alto,4,47.57,No,Sí,Pescado,Sí,Tarjeta,7277,False,False,False,False,190.28
1995354012,21,Masculino,Miami,Bajo,2,12.73,Sí,Sí,Vegetariano,No,App,1182,False,False,False,False,25.46
8778977902,26,Masculino,Miami,Bajo,2,24.1,No,Sí,Vegetariano,No,App,1388,False,False,False,False,48.2
3328710672,46,Masculino,Miami,Muy Alto,6,104.83,No,No,Otro,Sí,App,17592,False,False,False,False,628.98
8630301287,50,Femenino,Miami,Medio,3,39.74,Sí,No,Carnes,No,Efectivo,1670,False,False,False,False,119.22
5157101424,18,Masculino,Miami,Muy Alto,5,106.73,Sí,Sí,Vegetariano,Sí,Efectivo,12247,False,False,False,False,533.65
6485431754,33,Masculino,Miami,Medio,4,26.59,Sí,Sí,Vegano,No,Tarjeta,2390,False,False,False,False,106.36
7132627692,49,Femenino,Miami,Alto,5,10.36,Sí,Sí,Mariscos,No,App,5239,True,False,True,False,51.8
2152830622,80,Masculino,Miami,Alto,4,26.9,Sí,Sí,Pescado,Sí,Efectivo,8557,False,False,False,False,107.6
2103597969,76,Masculino,Miami,Medio,3,12.59,No,Sí,Otro,No,Efectivo,2355,True,False,False,False,37.77
4898880598,23,Masculino,Miami,Medio,4,25.28,Sí,Sí,Otro,No,Efectivo,1942,False,False,False,False,101.12
9706866318,70,Femenino,Miami,Alto,5,61.11,No,Sí,Mariscos,Sí,App,7021,False,False,False,False,305.55
8888280421,67,Femenino,Miami,Alto,6,47.64,No,No,Mariscos,Sí,Tarjeta,7550,False,False,False,False,285.84
1732615672,31,Femenino,Miami,Muy Alto,9,42.38,No,No,Carnes,Sí,Tarjeta,15653,False,False,False,False,381.42
9974965834,41,Femenino,Miami,Medio,2,34.64,Sí,Sí,Carnes,No,Efectivo,2464,False,False,False,False,69.28
1986647743,21,Femenino,Miami,Bajo,2,10.83,Sí,Sí,Mariscos,No,Efectivo,1361,False,False,False,False,21.66
1327017477,31,Masculino,Miami,Medio,4,14.98,No,Sí,Carnes,No,Tarjeta,3169,False,False,False,False,59.92
7608778051,44,Masculino,Miami,Alto,5,12.22,No,Sí,Carnes,Sí,App,4936,False,False,False,False,61.1
8405370349,26,Femenino,Miami,Medio,2,36.0,Sí,Sí,Carnes,No,Tarjeta,2880,False,False,False,False,72.0
9446593289,73,Femenino,Miami,Bajo,2,17.03,No,Sí,Carnes,No,Efectivo,822,False,False,False,False,34.06
2292222739,18,Femenino,Miami,Bajo,2,14.98,Sí,Sí,Carnes,No,Efectivo,1415,False,False,False,False,29.96
8275679594,80,Masculino,Miami,Medio,5,11.85,Sí,No,Carnes,No,Efectivo,3425,False,False,False,False,59.25
4916879775,78,Femenino,Miami,Alto,5,65.04,Sí,No,Mariscos,Sí,Efectivo,7806,False,False,False,False,325.2
3090061251,19,Femenino,Miami,Alto,4,59.92,No,No,Mariscos,Sí,App,7410,False,False,False,False,239.68
7186241692,42,Masculino,Miami,Muy Alto,8,110.41,No,No,Vegano,Sí,Tarjeta,16738,False,False,False,False,883.28
8543193130,31,Masculino,Miami,Alto,4,68.56,Sí,Sí,Mariscos,No,Efectivo,4747,False,False,False,False,274.24
4558104786,39,Masculino,Miami,Alto,4,34.01,No,Sí,Vegetariano,No,App,4018,False,False,False,False,136.04
3346703404,43,Femenino,Miami,Medio,5,18.94,Sí,No,Mariscos,No,App,1957,False,False,False,False,94.7
3539412791,41,Masculino,Miami,Bajo,2,16.97,Sí,No,Carnes,No,Efectivo,1164,False,False,False,False,33.94
4263977403,50,Masculino,Miami,Muy Alto,8,94.74,No,No,Otro,Sí,App,10005,False,False,False,False,757.92
9032075821,78,Femenino,Miami,Medio,5,34.71,No,Sí,Vegetariano,No,Tarjeta,2463,False,False,False,False,173.55
2484851858,18,Femenino,Miami,Alto,5,47.86,No,Sí,Pescado,Sí,App,6211,False,False,False,False,239.3
3319936135,65,Femenino,Miami,Muy Alto,9,120.99,Sí,Sí,Vegetariano,Sí,Efectivo,12015,False,False,False,False,1088.91
8046784684,36,Masculino,Miami,Medio,4,32.93,Sí,No,Vegano,No,App,2827,False,False,False,False,131.72
1035178153,36,Masculino,Miami,Alto,5,20.64,Sí,Sí,Vegetariano,Sí,Efectivo,6378,True,False,False,False,103.2
7118900727,68,Femenino,Miami,Medio,2,32.36,Sí,No,Mariscos,No,Efectivo,2051,False,False,False,False,64.72
4561718844,29,Masculino,Miami,Alto,6,45.0,No,Sí,Otro,No,Tarjeta,7390,False,False,False,True,270.0
1144613537,24,Masculino,Miami,Muy Alto,9,43.31,No,No,Vegetariano,Sí,Efectivo,13295,False,False,False,False,389.79
2179156519,54,Masculino,Miami,Medio,4,19.65,No,No,Otro,No,Tarjeta,3028,False,False,False,False,78.6
1093548474,70,Masculino,Miami,Bajo,0,0.0,Sí,Sí,Vegetariano,No,Efectivo,1221,False,False,False,False,0.0
2278423218,43,Femenino,Miami,Alto,4,59.55,Sí,No,Vegano,Sí,Efectivo,8872,False,False,False,False,238.2
1397126562,54,Masculino,Miami,Bajo,1,19.51,No,Sí,Otro,No,Efectivo,1409,False,False,False,False,19.51
3025574993,27,Femenino,Miami,Medio,5,29.93,Sí,Sí,Carnes,No,Efectivo,2627,False,False,False,False,149.65
7938817989,53,Femenino,Miami,Bajo,2,14.44,Sí,No,Carnes,No,Efectivo,1040,False,False,False,False,28.88
7572135409,24,Femenino,Miami,Alto,5,49.86,Sí,Sí,Vegetariano,Sí,Efectivo,7847,False,False,False,False,249.3
3012073983,53,Masculino,Miami,Alto,5,65.82,Sí,Sí,Otro,Sí,App,6415,False,False,False,False,329.1
2519010254,65,Masculino,Miami,Bajo,3,11.11,Sí,Sí,Pescado,No,App,1274,False,False,False,False,33.33
5910726286,45,Masculino,Miami,Alto,5,69.97,No,No,Otro,Sí,Tarjeta,4543,False,False,False,False,349.85
4756206293,68,Femenino,Miami,Muy Alto,5,82.71,No,Sí,Vegano,Sí,App,16042,False,False,False,False,413.55
9595412629,39,Masculino,Miami,Bajo,2,19.81,No,Sí,Pescado,No,Tarjeta,1400,False,False,False,False,39.62
3775519130,69,Masculino,Miami,Alto,4,22.63,Sí,Sí,Mariscos,Sí,Efectivo,6136,False,False,False,False,90.52
8966910580,49,Masculino,Miami,Alto,6,30.06,No,No,Pescado,Sí,Efectivo,4204,False,False,False,False,180.36
9563958420,72,Masculino,Miami,Medio,3,12.52,No,No,Mariscos,No,Tarjeta,2686,False,False,False,False,37.56
9399702154,40,Femenino,Miami,Alto,4,45.14,Sí,Sí,Vegano,No,Tarjeta,8894,False,False,False,False,180.56
5720574742,49,Masculino,Miami,Medio,5,35.67,No,No,Vegano,No,Tarjeta,2340,False,False,False,False,178.35
9893164929,51,Masculino,Miami,Medio,3,17.67,Sí,Sí,Mariscos,No,App,2134,False,False,False,False,53.01
6778666988,19,Masculino,Miami,Alto,4,35.42,No,Sí,Pescado,Sí,Tarjeta,5653,False,False,False,False,141.68
1935461091,36,Femenino,Miami,Muy Alto,6,71.85,No,Sí,Mariscos,Sí,App,17014,False,False,False,False,431.1
4080690629,44,Masculino,Miami,Alto,5,30.77,Sí,Sí,Vegetariano,No,Efectivo,4779,False,False,False,False,153.85
5160128998,55,Femenino,Miami,Bajo,1,16.38,Sí,No,Mariscos,No,Efectivo,933,False,False,False,False,16.38
5035765954,28,Masculino,Miami,Muy Alto,8,80.15,No,Sí,Otro,Sí,Efectivo,16178,False,False,False,False,641.2
4018061455,60,Femenino,Miami,Alto,5,18.9,Sí,Sí,Vegetariano,Sí,Tarjeta,5663,False,False,False,False,94.5
6526635553,19,Femenino,Miami,Muy Alto,9,126.14,Sí,No,Vegano,Sí,App,13071,False,False,False,False,1135.26
2043572787,25,Masculino,Miami,Medio,2,22.19,Sí,Sí,Vegetariano,No,Efectivo,2386,False,False,False,False,44.38
1340272119,71,Masculino,Miami,Bajo,2,21.07,Sí,No,Vegetariano,No,Tarjeta,1552,False,False,False,False,42.14
6210943992,59,Masculino,Miami,Muy Alto,10,19.31,Sí,No,Vegano,Sí,Tarjeta,14395,False,False,False,False,193.1
4373188745,56,Femenino,Miami,Medio,3,35.9,Sí,Sí,Carnes,No,Efectivo,3272,True,False,False,False,107.7
1415435433,32,Femenino,Miami,Muy Alto,10,78.72,No,No,Vegetariano,Sí,Tarjeta,15805,False,False,False,False,787.2
2903144879,55,Femenino,Miami,Alto,6,42.86,Sí,No,Carnes,Sí,Efectivo,6359,False,False,False,False,257.16
9423243734,23,Femenino,Miami,Muy Alto,5,63.22,Sí,Sí,Mariscos,Sí,App,10148,False,False,False,False,316.1
2825977185,30,Masculino,Miami,Medio,5,24.1,Sí,Sí,Vegano,No,Efectivo,2492,False,False,False,False,120.5
7819123830,35,Femenino,Miami,Muy Alto,9,25.36,No,Sí,Vegano,Sí,App,13386,False,False,False,False,228.24
7092855324,50,Masculino,Miami,Alto,6,21.24,No,Sí,Vegetariano,Sí,Efectivo,4104,False,False,False,False,127.44
6304334625,23,Masculino,Miami,Bajo,3,16.68,Sí,Sí,Otro,No,App,1489,False,False,False,True,50.04
7103088340,69,Masculino,Miami,Alto,6,46.35,Sí,Sí,Otro,No,App,7222,False,False,False,True,278.1
2440100985,71,Masculino,Miami,Muy Alto,6,94.62,No,Sí,Carnes,Sí,Tarjeta,12390,False,False,False,False,567.72
8662913388,77,Femenino,Miami,Muy Alto,9,119.5,Sí,No,Mariscos,Sí,Tarjeta,15338,False,False,False,False,1075.5
4423198820,30,Masculino,Miami,Bajo,0,0.0,Sí,Sí,Mariscos,No,Efectivo,902,False,False,False,False,0.0
4140497603,23,Femenino,Miami,Muy Alto,10,23.37,Sí,Sí,Otro,Sí,Tarjeta,16055,False,False,False,True,233.7
6882350999,25,Femenino,Miami,Medio,3,24.34,No,Sí,Vegano,No,Tarjeta,2721,True,False,False,False,73.02
4011804371,28,Masculino,Miami,Medio,5,38.32,No,Sí,Vegetariano,No,Tarjeta,2060,False,False,False,False,191.6
1765410735,64,Masculino,Miami,Bajo,3,23.24,No,Sí,Vegetariano,No,App,868,False,False,False,False,69.72
9458414078,27,Femenino,Miami,Medio,2,39.94,No,Sí,Pescado,No,Tarjeta,2335,False,False,False,False,79.88
9748153561,78,Femenino,Miami,Alto,6,61.83,No,Sí,Carnes,No,Efectivo,5265,False,False,False,False,370.98
5062902006,55,Masculino,Miami,Medio,5,31.19,No,No,Vegano,No,Tarjeta,1715,False,False,False,False,155.95
5290941764,65,Masculino,Miami,Alto,4,67.26,No,No,Vegano,No,Tarjeta,4572,False,False,False,False,269.04
8326314185,23,Masculino,Miami,Alto,5,24.72,Sí,Sí,Otro,No,Efectivo,8944,True,False,False,False,123.6
2877279755,38,Femenino,Miami,Medio,2,13.08,No,No,Mariscos,Sí,Efectivo,1981,False,False,False,False,26.16
6047869502,27,Femenino,Miami,Alto,4,44.33,Sí,Sí,Vegetariano,Sí,App,7770,False,False,False,False,177.32
4872827375,67,Masculino,Miami,Alto,6,59.48,Sí,Sí,Vegetariano,No,Efectivo,8708,False,False,False,False,356.88
6354959152,61,Masculino,Miami,Medio,4,11.86,No,No,Vegano,Sí,Tarjeta,2316,False,False,False,False,47.44
9320196757,59,Masculino,Miami,Medio,3,17.43,Sí,No,Vegetariano,No,App,2854,False,False,False,False,52.29
2434367180,45,Masculino,Miami,Medio,4,19.16,No,No,Pescado,No,App,2579,False,False,False,False,76.64
8687419246,79,Femenino,Miami,Medio,4,17.11,Sí,No,Carnes,No,App,2648,False,False,False,False,68.44
2849500820,69,Masculino,Miami,Muy Alto,9,114.81,Sí,Sí,Vegano,Sí,Efectivo,17992,False,False,False,False,1033.29
7442946527,40,Masculino,Miami,Bajo,0,0.0,No,Sí,Vegano,No,Tarjeta,1348,False,False,False,False,0.0
7482380714,27,Femenino,Miami,Bajo,1,13.75,Sí,Sí,Pescado,No,Efectivo,1077,False,False,False,False,13.75
5919214402,73,Femenino,Miami,Muy Alto,10,95.6,No,No,Otro,Sí,App,14308,False,False,False,False,956.0
6444022456,31,Masculino,Miami,Alto,5,44.22,No,Sí,Carnes,No,Efectivo,8104,False,False,False,False,221.1
4627234243,66,Masculino,Miami,Alto,6,29.14,Sí,No,Vegetariano,Sí,Tarjeta,6739,False,False,False,False,174.84
3497842965,63,Femenino,Miami,Medio,3,25.58,No,No,Pescado,No,Tarjeta,1627,False,False,False,False,76.74
6244338653,26,Masculino,Miami,Alto,5,48.47,No,Sí,Vegetariano,Sí,Tarjeta,8990,False,False,False,False,242.35
8274273035,56,Femenino,Miami,Muy Alto,7,85.49,No,No,Mariscos,Sí,Tarjeta,11483,True,False,False,False,598.43
6509826245,39,Masculino,Miami,Alto,4,19.74,No,Sí,Pescado,No,Tarjeta,3523,False,False,False,False,78.96
7486811182,35,Femenino,Miami,Bajo,2,10.44,No,No,Vegetariano,No,App,932,False,False,False,False,20.88
7468821063,79,Masculino,Miami,Bajo,0,0.0,No,Sí,Carnes,No,App,1445,False,False,False,False,0.0
7369939526,45,Femenino,Miami,Medio,5,24.57,Sí,Sí,Carnes,No,App,2006,False,False,False,False,122.85
6655284375,21,Masculino,Miami,Alto,6,52.93,No,No,Carnes,Sí,Efectivo,6556,False,False,False,False,317.58
4709522034,49,Masculino,Miami,Muy Alto,8,122.75,No,Sí,Vegano,Sí,Efectivo,11413,False,False,False,False,982.0
2395096693,74,Masculino,Miami,Medio,3,15.96,Sí,No,Carnes,No,App,1632,True,False,False,False,47.88
9003594205,26,Masculino,Miami,Medio,4,14.07,Sí,Sí,Mariscos,No,Efectivo,1630,False,False,False,False,56.28
6448470655,54,Femenino,Miami,Bajo,1,23.35,No,No,Otro,No,Efectivo,925,False,False,False,True,23.35
7477605055,52,Masculino,Miami,Medio,2,16.22,Sí,No,Vegetariano,No,Tarjeta,1757,False,False,False,False,32.44
8208408048,28,Masculino,Miami,Alto,6,16.37,No,Sí,Pescado,No,App,6088,False,False,False,False,98.22
4165613703,71,Masculino,Miami,Medio,5,30.83,No,Sí,Vegano,No,App,2280,False,False,False,False,154.15
8364295431,62,Masculino,Miami,Alto,5,13.36,Sí,Sí,Otro,No,App,4519,False,False,False,False,66.8
7471862847,43,Masculino,Miami,Muy Alto,7,74.3,Sí,Sí,Otro,No,Tarjeta,13147,False,False,False,False,520.1
4633212294,63,Femenino,Miami,Alto,6,43.74,Sí,Sí,Vegano,Sí,Efectivo,5098,False,False,False,False,262.44
3214798267,45,Femenino,Miami,Alto,5,54.76,Sí,No,Pescado,Sí,Efectivo,8708,False,False,False,False,273.8
9872823121,20,Femenino,Miami,Alto,5,44.65,No,Sí,Otro,Sí,Efectivo,5651,False,False,False,True,223.25
1704643134,50,Femenino,Miami,Bajo,3,12.56,No,Sí,Carnes,No,App,1172,False,False,False,False,37.68
3789750318,62,Masculino,Miami,Alto,4,65.23,Sí,No,Carnes,Sí,Efectivo,7225,False,False,False,False,260.92
9702693937,49,Femenino,Miami,Bajo,3,12.51,No,Sí,Mariscos,No,Efectivo,1398,False,False,False,False,37.53
4018242412,76,Femenino,Miami,Muy Alto,6,13.04,Sí,No,Mariscos,Sí,Tarjeta,16402,False,False,False,False,78.24
2971198743,64,Masculino,Miami,Alto,4,39.83,No,No,Mariscos,Sí,Efectivo,7986,False,False,False,False,159.32
5024414345,34,Masculino,Miami,Medio,2,24.07,Sí,Sí,Mariscos,No,Tarjeta,2633,False,False,False,False,48.14
1193949527,69,Masculino,Miami,Alto,4,57.15,No,Sí,Mariscos,Sí,Efectivo,3914,False,False,False,False,228.6
2802591028,27,Femenino,Miami,Alto,6,59.75,Sí,Sí,Carnes,Sí,Tarjeta,3998,False,False,False,False,358.5
8937805036,55,Femenino,Miami,Alto,5,17.94,No,Sí,Vegetariano,Sí,Tarjeta,8876,True,False,False,False,89.7
7788840868,44,Femenino,Miami,Bajo,0,0.0,Sí,Sí,Otro,No,Tarjeta,961,False,False,False,False,0.0
3257656150,31,Masculino,Miami,Alto,6,36.62,Sí,No,Otro,Sí,Efectivo,4105,False,False,False,True,219.72
5897783830,49,Femenino,Miami,Alto,5,22.01,Sí,Sí,Otro,Sí,Tarjeta,4874,False,False,False,True,110.05
9004938225,49,Masculino,Miami,Medio,3,39.67,No,No,Vegetariano,No,Efectivo,3464,False,False,False,False,119.01
2539458429,66,Femenino,Miami,Medio,3,39.21,Sí,Sí,Otro,No,App,2734,False,False,False,False,117.63
7283143895,18,Femenino,Miami,Alto,4,33.36,No,Sí,Mariscos,Sí,Tarjeta,8427,False,False,False,False,133.44
7059726570,66,Masculino,Miami,Bajo,0,0.0,No,Sí,Vegano,No,Efectivo,1432,False,False,False,False,0.0
4228410557,77,Femenino,Miami,Alto,6,14.52,No,Sí,Vegetariano,Sí,Efectivo,4793,False,False,False,False,87.12
7583748644,68,Masculino,Miami,Medio,4,39.64,Sí,Sí,Mariscos,No,Efectivo,2704,False,False,False,False,158.56
4722765728,42,Masculino,Miami,Alto,6,15.42,No,Sí,Vegetariano,Sí,Efectivo,7289,False,False,False,False,92.52
8289613311,74,Masculino,Miami,Alto,5,41.97,No,No,Vegetariano,No,App,5056,False,False,False,False,209.85
9253470372,28,Masculino,Miami,Muy Alto,10,31.32,No,Sí,Vegetariano,Sí,Efectivo,9561,False,False,False,False,313.2
5878265795,65,Masculino,Miami,Alto,5,47.86,No,No,Vegetariano,Sí,App,5466,False,False,False,False,239.3
3234278606,35,Masculino,Miami,Alto,4,33.5,No,No,Otro,Sí,Efectivo,6116,False,False,False,False,134.0
5290241264,25,Femenino,Miami,Alto,5,67.18,No,Sí,Vegetariano,Sí,Efectivo,6855,False,False,False,False,335.9
7123284569,62,Femenino,Miami,Muy Alto,5,63.75,Sí,Sí,Otro,Sí,Efectivo,13471,False,False,False,False,318.75
3440083032,58,Femenino,Miami,Muy Alto,7,83.08,Sí,Sí,Carnes,Sí,Efectivo,17012,True,False,False,False,581.56
8995189941,71,Femenino,Miami,Muy Alto,9,91.17,Sí,No,Carnes,Sí,App,12787,False,False,False,False,820.53
3515878959,50,Femenino,Miami,Alto,4,48.57,No,No,Vegetariano,Sí,Tarjeta,8995,False,False,False,False,194.28
2339224496,73,Femenino,Miami,Medio,5,30.55,Sí,No,Pescado,No,App,1830,False,False,False,False,152.75
9753963389,36,Femenino,Miami,Alto,6,36.42,Sí,No,Pescado,Sí,Efectivo,6074,False,False,False,False,218.52
3661744602,58,Femenino,Miami,Muy Alto,5,52.96,Sí,Sí,Otro,Sí,Efectivo,10343,False,False,False,False,264.8
8747031625,50,Masculino,Miami,Bajo,3,17.79,No,Sí,Vegano,No,Efectivo,901,False,False,False,False,53.37
5164457378,34,Masculino,Miami,Alto,5,56.65,No,Sí,Vegetariano,Sí,Tarjeta,6909,False,False,False,False,283.25
2394348242,42,Masculino,Miami,Muy Alto,6,124.44,No,No,Vegano,Sí,Efectivo,14689,False,False,False,False,746.64
1793847567,38,Masculino,Miami,Alto,5,55.66,No,No,Pescado,Sí,Efectivo,7339,False,False,False,False,278.3
3560712271,20,Femenino,Miami,Medio,5,38.99,No,Sí,Vegetariano,No,App,2781,False,False,False,False,194.95
7852600891,53,Femenino,Miami,Bajo,3,12.88,Sí,Sí,Otro,No,Efectivo,1167,False,False,False,True,38.64
7306069734,60,Femenino,Miami,Medio,2,11.8,No,Sí,Vegetariano,Sí,App,2821,False,False,False,False,23.6
6148848253,37,Masculino,Miami,Muy Alto,7,57.66,No,No,Carnes,Sí,Tarjeta,16641,False,False,False,False,403.62
7489523780,36,Masculino,Miami,Bajo,2,17.8,No,No,Mariscos,No,App,1263,False,False,False,False,35.6
4122828779,27,Masculino,Miami,Medio,5,19.87,Sí,Sí,Vegano,Sí,Efectivo,2623,False,False,False,False,99.35
3417458760,78,Masculino,Miami,Alto,5,20.7,Sí,No,Carnes,No,Efectivo,6230,False,False,False,False,103.5
6605626039,75,Femenino,Miami,Muy Alto,6,126.19,Sí,Sí,Vegetariano,Sí,Tarjeta,12331,False,False,False,False,757.14
3863491300,74,Femenino,Miami,Medio,2,39.49,No,No,Vegetariano,No,Tarjeta,3133,False,False,False,False,78.98
8342181294,26,Femenino,Miami,Bajo,1,18.61,Sí,Sí,Vegetariano,No,Efectivo,1253,False,False,False,False,18.61
5773569397,60,Femenino,Miami,Alto,6,69.27,No,No,Vegetariano,Sí,Tarjeta,5265,False,False,False,False,415.62
2424706705,24,Masculino,Miami,Alto,5,30.31,No,Sí,Carnes,No,Efectivo,6615,False,False,False,False,151.55
1185180108,20,Masculino,Miami,Alto,5,58.02,No,Sí,Vegetariano,Sí,Tarjeta,7960,True,False,False,False,290.1
3743340587,35,Masculino,Miami,Medio,4,20.33,No,No,Carnes,No,Tarjeta,2644,False,False,False,False,81.32
4038122026,30,Masculino,Miami,Muy Alto,10,54.87,Sí,No,Vegetariano,Sí,Efectivo,13119,False,False,False,False,548.7
3536728018,58,Femenino,Miami,Medio,5,37.88,Sí,No,Otro,Sí,Criptomoneda,2452,False,False,False,True,189.4
5061196605,32,Femenino,Miami,Medio,3,21.66,No,No,Mariscos,No,Efectivo,2773,False,False,False,False,64.98
7261324224,54,Femenino,Miami,Medio,5,33.56,Sí,No,Mariscos,No,Tarjeta,2637,False,False,False,False,167.8
9608461234,70,Femenino,Miami,Muy Alto,7,33.95,No,No,Carnes,Sí,App,11312,False,False,False,False,237.65
8287228425,50,Femenino,Miami,Muy Alto,5,51.91,Sí,Sí,Vegetariano,No,Criptomoneda,17936,False,False,False,False,259.55
1944344373,42,Femenino,Miami,Bajo,3,16.89,Sí,Sí,Pescado,No,Efectivo,1538,False,False,False,False,50.67
9560119285,28,Femenino,Miami,Medio,4,17.04,Sí,Sí,Mariscos,No,App,2949,False,False,False,False,68.16
9468667078,71,Masculino,Miami,Medio,2,21.82,No,No,Carnes,Sí,Efectivo,3201,False,False,False,False,43.64
7626108349,27,Masculino,Miami,Muy Alto,5,39.73,Sí,Sí,Mariscos,No,App,17621,False,False,False,False,198.65
4853396111,49,Masculino,Miami,Alto,6,37.43,Sí,No,Mariscos,Sí,Tarjeta,7614,False,False,False,False,224.58
7668454864,66,Masculino,Miami,Muy Alto,6,62.04,No,Sí,Mariscos,Sí,Efectivo,10992,False,False,False,False,372.24
5313297849,53,Masculino,Miami,Medio,4,38.43,No,No,Pescado,No,Efectivo,3299,False,False,False,False,153.72
7558720193,78,Masculino,Miami,Muy Alto,6,88.29,No,No,Otro,Sí,App,10817,False,False,False,False,529.74
7293006283,57,Femenino,Miami,Bajo,1,20.58,Sí,Sí,Vegetariano,No,Criptomoneda,1057,False,False,False,False,20.58
3725058806,52,Femenino,Miami,Alto,6,47.24,No,No,Vegano,No,App,6071,False,False,False,False,283.44
2136592530,28,Masculino,Miami,Muy Alto,9,68.49,No,Sí,Mariscos,Sí,Efectivo,15212,False,False,False,False,616.41
7515792806,33,Femenino,Miami,Medio,5,29.94,Sí,Sí,Otro,Sí,Efectivo,3246,False,False,False,False,149.7
9602919961,52,Masculino,Miami,Alto,6,34.19,No,Sí,Carnes,Sí,Tarjeta,4008,False,False,False,False,205.14
3696908104,53,Femenino,Miami,Alto,5,43.98,Sí,No,Pescado,Sí,App,5288,False,False,False,False,219.9
4159653716,45,Masculino,Miami,Medio,3,27.6,Sí,No,Carnes,No,Tarjeta,3162,True,False,False,False,82.8
6555738698,49,Femenino,Miami,Muy Alto,8,66.37,No,Sí,Mariscos,Sí,App,11964,False,False,True,False,530.96
4140705527,22,Femenino,Miami,Alto,4,20.74,Sí,Sí,Mariscos,Sí,Efectivo,7699,False,False,False,False,82.96
1454273119,55,Masculino,Miami,Bajo,1,15.06,No,Sí,Otro,No,Tarjeta,1483,False,False,False,False,15.06
1080890679,41,Femenino,Miami,Muy Alto,7,21.27,Sí,Sí,Otro,Sí,Tarjeta,15384,False,False,False,False,148.89
5172843657,48,Masculino,Miami,Alto,6,61.33,No,No,Carnes,Sí,App,8951,False,False,False,False,367.98
2598579663,32,Masculino,Miami,Alto,5,32.13,No,No,Vegano,No,Efectivo,7462,False,False,False,False,160.65
9329558711,24,Femenino,Miami,Medio,3,36.26,No,Sí,Pescado,No,Efectivo,2640,False,False,False,False,108.78
3931553951,31,Femenino,Miami,Bajo,0,0.0,Sí,No,Mariscos,No,App,1213,False,False,False,False,0.0
9554950651,34,Masculino,Miami,Alto,4,64.72,Sí,Sí,Carnes,Sí,Efectivo,6746,False,False,False,False,258.88
5863041785,67,Masculino,Miami,Alto,4,40.8,Sí,Sí,Carnes,Sí,Efectivo,6297,False,False,False,False,163.2
4482249971,38,Femenino,Miami,Muy Alto,5,30.44,No,No,Vegetariano,Sí,App,15005,False,False,False,False,152.2
6676000474,20,Masculino,Miami,Medio,5,15.74,Sí,Sí,Carnes,No,App,2774,False,False,False,False,78.7
6994241992,68,Masculino,Miami,Alto,5,44.8,Sí,Sí,Carnes,Sí,Tarjeta,6896,True,False,False,False,224.0
8499918470,76,Femenino,Miami,Alto,6,16.14,No,Sí,Vegano,Sí,Tarjeta,5377,False,False,False,False,96.84
4382433666,28,Masculino,Miami,Muy Alto,5,14.86,Sí,Sí,Otro,Sí,Tarjeta,13833,False,False,False,False,74.3
5832761917,34,Masculino,Miami,Muy Alto,8,46.93,No,No,Otro,Sí,App,17168,False,False,False,True,375.44
9739525340,38,Femenino,Miami,Alto,5,11.39,No,No,Vegano,No,Efectivo,8317,False,False,False,False,56.95
7993819504,44,Masculino,Miami,Alto,4,43.87,No,Sí,Vegano,Sí,Efectivo,6855,False,False,False,False,175.48
4113979181,67,Masculino,Miami,Alto,4,58.21,Sí,Sí,Otro,Sí,Criptomoneda,5857,False,False,False,False,232.84
5090885943,58,Femenino,Miami,Medio,4,16.04,Sí,Sí,Mariscos,No,App,2228,False,False,False,False,64.16
9037125607,34,Femenino,Miami,Medio,3,35.79,Sí,Sí,Vegetariano,No,App,2753,False,False,False,False,107.37
5923181103,23,Femenino,Miami,Bajo,3,16.37,No,Sí,Vegano,No,Efectivo,981,False,False,False,False,49.11
9996130630,25,Femenino,Miami,Alto,4,46.46,No,Sí,Otro,Sí,Tarjeta,5005,False,False,False,False,185.84
1033408431,40,Femenino,Miami,Bajo,2,13.82,No,No,Pescado,No,Tarjeta,1287,True,False,False,False,27.64
4493779154,70,Femenino,Miami,Alto,5,29.42,No,No,Vegano,No,App,6654,False,False,False,False,147.1
8165265469,72,Femenino,Miami,Alto,4,67.57,No,Sí,Carnes,Sí,Tarjeta,6491,False,False,False,False,270.28
2829729510,28,Masculino,Miami,Medio,4,20.58,No,Sí,Vegetariano,No,Efectivo,1812,False,False,False,False,82.32
7991066567,70,Masculino,Miami,Bajo,3,10.27,Sí,Sí,Carnes,No,App,1034,False,False,False,False,30.81
5653108333,37,Masculino,Miami,Muy Alto,8,20.82,Sí,No,Carnes,Sí,Tarjeta,10007,False,False,False,False,166.56
3368363210,36,Femenino,Miami,Muy Alto,9,56.89,No,No,Vegetariano,Sí,Tarjeta,10526,False,False,False,False,512.01
2185507525,31,Masculino,Miami,Muy Alto,5,49.56,No,Sí,Vegetariano,Sí,Tarjeta,17921,False,False,False,False,247.8
7399129028,49,Femenino,Miami,Alto,6,66.01,Sí,Sí,Pescado,Sí,Efectivo,5488,False,False,False,False,396.06
2778350698,80,Masculino,Miami,Bajo,0,0.0,No,Sí,Otro,No,App,849,False,False,False,False,0.0
6114378435,20,Femenino,Miami,Bajo,0,0.0,No,Sí,Vegetariano,No,App,1096,False,False,False,False,0.0
7890770513,38,Femenino,Miami,Alto,6,49.85,No,No,Vegetariano,Sí,Tarjeta,7973,False,False,False,False,299.1
6673180441,41,Femenino,Miami,Alto,5,55.34,No,Sí,Vegetariano,Sí,Tarjeta,4726,False,False,False,False,276.7
8213174875,53,Femenino,Miami,Alto,5,27.87,No,Sí,Vegano,Sí,Tarjeta,4535,False,False,False,False,139.35
5412918512,78,Femenino,Miami,Medio,5,29.66,Sí,Sí,Otro,Sí,Tarjeta,2321,False,False,False,False,148.3
7546306953,31,Masculino,Miami,Alto,6,42.97,Sí,No,Mariscos,Sí,Criptomoneda,6180,False,False,False,False,257.82
3347977123,47,Masculino,Miami,Muy Alto,9,46.12,Sí,Sí,Otro,Sí,Efectivo,10726,False,False,False,False,415.08
1992072895,38,Masculino,Miami,Alto,6,42.99,No,Sí,Otro,Sí,Efectivo,5367,False,False,False,False,257.94
3530114839,45,Femenino,Miami,Medio,2,29.16,Sí,No,Vegetariano,No,Efectivo,2384,False,False,False,False,58.32
8728010542,74,Femenino,Miami,Muy Alto,8,101.51,No,Sí,Carnes,Sí,Tarjeta,17338,False,False,False,False,812.08
5862699485,60,Masculino,Miami,Muy Alto,10,116.73,No,Sí,Carnes,Sí,Efectivo,13634,False,False,False,False,1167.3
2824147202,39,Masculino,Miami,Muy Alto,10,43.28,Sí,Sí,Carnes,No,Tarjeta,17765,False,False,False,False,432.8
3072183247,26,Masculino,Miami,Muy Alto,5,91.33,Sí,Sí,Vegetariano,Sí,App,16919,False,False,False,False,456.65
6609223166,57,Masculino,Miami,Muy Alto,8,92.46,No,No,Mariscos,No,Efectivo,14987,False,False,False,False,739.68
9695032653,39,Masculino,Miami,Medio,5,27.95,No,No,Pescado,No,Efectivo,3111,False,False,False,False,139.75
4677632443,35,Femenino,Miami,Muy Alto,5,78.44,No,Sí,Mariscos,Sí,Tarjeta,13459,False,False,False,False,392.2
2953707888,75,Masculino,Miami,Alto,5,44.01,No,No,Mariscos,Sí,Tarjeta,4549,True,False,False,False,220.05
9283915264,51,Femenino,Miami,Muy Alto,6,97.12,No,Sí,Mariscos,Sí,App,15544,False,False,False,False,582.72
7648059419,54,Femenino,Miami,Alto,4,61.11,Sí,Sí,Vegetariano,Sí,Efectivo,3633,False,False,False,False,244.44
6703603950,18,Femenino,Miami,Muy Alto,10,52.12,Sí,Sí,Mariscos,Sí,Efectivo,13070,False,False,False,False,521.2
8739668267,67,Masculino,Miami,Muy Alto,7,107.93,Sí,No,Mariscos,Sí,Tarjeta,12895,False,False,False,False,755.51
8768202942,54,Masculino,Miami,Alto,6,36.23,No,No,Otro,Sí,App,4901,False,False,False,True,217.38
7866732238,53,Masculino,Miami,Alto,4,65.0,Sí,Sí,Vegetariano,Sí,Tarjeta,8363,False,False,False,False,260.0
9692047792,57,Femenino,Miami,Muy Alto,6,66.97,Sí,Sí,Vegetariano,Sí,App,15157,False,False,False,False,401.82
4482248141,59,Femenino,Miami,Alto,6,14.28,Sí,Sí,Vegetariano,Sí,Efectivo,6091,False,False,False,False,85.68
6283986629,35,Femenino,Miami,Alto,5,54.87,Sí,No,Vegano,Sí,Tarjeta,6554,False,False,False,False,274.35
5154807847,37,Masculino,Miami,Muy Alto,7,98.45,Sí,No,Vegetariano,Sí,Tarjeta,12725,False,False,False,False,689.15
5968420909,61,Femenino,Miami,Alto,4,47.38,Sí,Sí,Otro,Sí,Efectivo,6513,False,False,False,True,189.52
6471310717,42,Femenino,Miami,Alto,6,69.58,Sí,Sí,Otro,No,App,8154,False,False,False,False,417.48
5060844441,26,Masculino,Miami,Muy Alto,5,105.89,No,Sí,Vegano,Sí,Tarjeta,10715,False,False,False,False,529.45
8325222092,71,Masculino,Miami,Alto,6,65.11,Sí,No,Pescado,Sí,Efectivo,5219,False,False,False,False,390.66
5242232439,47,Femenino,Miami,Alto,5,51.49,Sí,No,Vegano,Sí,Tarjeta,4999,False,False,False,False,257.45
9410723929,66,Masculino,Miami,Alto,6,43.55,No,Sí,Mariscos,Sí,App,7351,False,False,False,False,261.3
4943401571,34,Femenino,Miami,Muy Alto,6,53.32,Sí,No,Otro,Sí,Efectivo,14583,False,False,False,False,319.92
7097046567,39,Femenino,Miami,Alto,5,45.95,Sí,No,Pescado,No,Efectivo,8782,False,False,False,False,229.75
3906691687,51,Masculino,Miami,Muy Alto,8,63.96,Sí,No,Mariscos,Sí,Tarjeta,9971,False,False,False,False,511.68
4367509326,22,Masculino,Miami,Muy Alto,9,84.38,Sí,No,Vegetariano,Sí,Tarjeta,15943,False,False,False,False,759.42
6649334064,68,Femenino,Miami,Medio,5,22.96,No,Sí,Carnes,No,Criptomoneda,3352,False,False,False,False,114.8
3131057424,31,Femenino,Miami,Alto,6,46.56,No,Sí,Mariscos,No,App,4808,False,False,False,False,279.36
1875234668,72,Femenino,Miami,Alto,5,29.39,No,No,Mariscos,Sí,App,6510,False,False,False,False,146.95
2475647712,77,Femenino,Miami,Medio,4,31.87,No,No,Mariscos,No,App,1700,False,False,False,False,127.48
1780773101,38,Masculino,Miami,Medio,2,24.29,No,No,Vegano,No,Efectivo,3195,False,False,False,False,48.58
9677385126,80,Masculino,Miami,Bajo,1,14.25,Sí,Sí,Carnes,No,Efectivo,1043,False,False,False,False,14.25
6218955985,71,Femenino,Miami,Medio,2,28.21,Sí,Sí,Otro,No,Tarjeta,1602,False,False,False,False,56.42
4441152970,55,Femenino,Miami,Alto,5,26.44,Sí,Sí,Mariscos,No,Tarjeta,4489,False,False,False,False,132.2
3626329583,66,Femenino,Miami,Muy Alto,5,57.4,No,Sí,Vegano,Sí,Tarjeta,10437,False,False,False,False,287.0
8220644239,37,Femenino,Miami,Alto,4,50.35,Sí,Sí,Otro,No,App,7088,False,False,False,False,201.4
4190828030,48,Masculino,Miami,Muy Alto,7,115.5,Sí,Sí,Vegetariano,Sí,Efectivo,13429,False,False,False,False,808.5
3812758639,51,Femenino,Miami,Muy Alto,7,10.94,Sí,Sí,Carnes,Sí,App,13755,False,False,False,False,76.58
8240250430,68,Masculino,Miami,Muy Alto,9,89.95,No,Sí,Vegetariano,Sí,App,13325,False,False,False,False,809.55
7373507987,65,Masculino,Miami,Muy Alto,7,51.04,Sí,No,Vegano,Sí,Efectivo,15431,False,False,False,False,357.28
1530480253,62,Masculino,Miami,Alto,4,34.05,Sí,Sí,Otro,No,Tarjeta,6283,False,False,False,True,136.2
2637513165,26,Femenino,Miami,Bajo,1,13.48,Sí,Sí,Vegano,No,Efectivo,1599,False,False,False,False,13.48
8205448349,56,Masculino,Miami,Muy Alto,9,120.63,No,Sí,Carnes,Sí,Tarjeta,11887,False,False,False,False,1085.67
2309602331,21,Femenino,Miami,Alto,5,35.48,No,Sí,Mariscos,Sí,Efectivo,3720,False,False,False,False,177.4
1685062777,61,Femenino,Miami,Alto,4,60.99,No,Sí,Vegetariano,No,App,7280,False,False,False,False,243.96
1757481506,34,Femenino,Miami,Muy Alto,7,10.71,Sí,Sí,Mariscos,Sí,App,14705,False,False,False,False,74.97
8211516617,31,Masculino,Miami,Alto,5,43.35,Sí,No,Pescado,Sí,Tarjeta,7011,False,False,False,False,216.75
7740891210,46,Masculino,Miami,Alto,4,43.0,Sí,Sí,Carnes,No,App,6858,False,False,False,False,172.0
2133524968,77,Femenino,Miami,Muy Alto,10,114.86,Sí,Sí,Carnes,Sí,App,15524,False,False,False,False,1148.6
7345865629,48,Masculino,Miami,Bajo,2,10.13,No,No,Pescado,No,App,969,False,False,False,False,20.26
6447165060,68,Masculino,Miami,Bajo,3,14.84,Sí,Sí,Otro,No,Tarjeta,1191,False,False,False,False,44.52
8812274303,56,Femenino,Miami,Muy Alto,9,18.51,Sí,Sí,Vegetariano,Sí,App,12369,False,False,False,False,166.59
3417232763,67,Femenino,Miami,Bajo,1,16.97,Sí,Sí,Vegano,No,Efectivo,966,False,False,False,False,16.97
7481479796,25,Femenino,Miami,Muy Alto,6,77.92,Sí,Sí,Vegetariano,Sí,Efectivo,15662,False,False,False,False,467.52
3821211202,74,Femenino,Miami,Alto,6,41.26,Sí,Sí,Mariscos,Sí,App,6119,False,False,False,False,247.56
7671363654,49,Masculino,Miami,Muy Alto,5,33.11,Sí,No,Vegetariano,Sí,App,11670,False,False,True,False,165.55
3094407076,66,Masculino,Miami,Medio,4,37.06,Sí,Sí,Carnes,No,Efectivo,3170,False,False,False,False,148.24
2705399441,77,Masculino,Miami,Alto,5,64.48,No,No,Otro,Sí,Tarjeta,6841,False,False,False,False,322.4
6010353502,39,Masculino,Miami,Alto,5,22.62,No,No,Pescado,No,App,5253,False,False,False,False,113.1
9146212299,57,Masculino,Miami,Medio,5,30.95,No,Sí,Vegano,No,Efectivo,2642,False,False,False,False,154.75
5164064961,19,Masculino,Miami,Muy Alto,6,100.81,Sí,Sí,Carnes,Sí,App,14492,False,False,False,False,604.86
8813376016,55,Femenino,Miami,Alto,4,56.79,Sí,Sí,Vegetariano,Sí,App,7156,False,False,False,False,227.16
1213633868,25,Masculino,Miami,Muy Alto,8,55.69,Sí,Sí,Vegetariano,Sí,Efectivo,17779,False,False,False,False,445.52
6472185711,64,Femenino,Miami,Medio,3,37.79,Sí,No,Otro,Sí,Efectivo,3012,False,False,False,True,113.37
8161243603,68,Femenino,Miami,Medio,2,38.81,Sí,Sí,Vegano,Sí,Efectivo,3106,False,False,False,False,77.62
5705684269,46,Femenino,Miami,Medio,3,18.5,Sí,No,Vegano,Sí,Efectivo,2279,False,False,False,False,55.5
6903559511,79,Masculino,Miami,Muy Alto,7,126.47,Sí,No,Otro,Sí,Efectivo,13795,False,False,False,False,885.29
5503460465,34,Femenino,Miami,Alto,5,55.13,Sí,Sí,Vegetariano,Sí,Efectivo,3731,False,False,False,False,275.65
7819007822,71,Femenino,Miami,Medio,5,23.48,No,No,Vegetariano,No,Efectivo,2367,False,False,False,False,117.4
4689428580,48,Femenino,Miami,Bajo,0,0.0,Sí,No,Mariscos,No,Tarjeta,1140,False,False,False,False,0.0
4712425600,71,Masculino,Miami,Alto,6,57.35,No,No,Carnes,Sí,Tarjeta,8823,False,False,False,False,344.1
2507562901,79,Femenino,Miami,Alto,5,62.68,Sí,Sí,Pescado,Sí,Tarjeta,6622,False,False,False,False,313.4
6510958503,40,Masculino,Miami,Medio,4,22.48,Sí,No,Vegetariano,No,Tarjeta,2049,False,False,False,False,89.92
1659754058,77,Femenino,Miami,Muy Alto,7,129.5,No,Sí,Carnes,Sí,Efectivo,16395,False,False,False,False,906.5
5946283846,42,Masculino,Miami,Alto,4,44.48,No,No,Carnes,No,Tarjeta,8062,False,False,False,False,177.92
4919307224,34,Femenino,Miami,Alto,6,66.49,No,No,Mariscos,Sí,Efectivo,8347,False,False,False,False,398.94
1563524533,41,Masculino,Miami,Bajo,1,24.46,No,No,Vegetariano,No,App,803,False,False,False,False,24.46
5686001149,75,Masculino,Miami,Medio,3,33.09,No,No,Vegetariano,No,App,1806,False,False,False,False,99.27
1584511650,79,Masculino,Miami,Medio,2,27.23,Sí,No,Carnes,No,Efectivo,2121,False,False,False,False,54.46
8078166989,20,Femenino,Miami,Muy Alto,8,31.26,Sí,Sí,Mariscos,Sí,Efectivo,11601,False,False,False,False,250.08
2843462194,51,Femenino,Miami,Medio,5,13.72,Sí,No,Mariscos,No,App,2178,False,False,False,False,68.6
6393143785,53,Femenino,Miami,Alto,6,58.04,No,No,Mariscos,Sí,Tarjeta,3931,False,False,False,False,348.24
1055817848,73,Masculino,Miami,Medio,5,10.61,Sí,No,Vegano,Sí,App,1871,False,False,False,False,53.05
8288314594,59,Masculino,Miami,Alto,5,64.69,Sí,Sí,Otro,Sí,Efectivo,4481,False,False,False,False,323.45
4539446403,20,Masculino,Miami,Alto,5,27.26,No,No,Pescado,Sí,App,6217,False,False,False,False,136.3
3487278817,60,Masculino,Miami,Bajo,0,0.0,Sí,Sí,Vegetariano,No,App,1100,False,False,False,False,0.0
4845332433,20,Femenino,Miami,Alto,4,57.16,Sí,Sí,Vegetariano,Sí,Tarjeta,6520,False,False,False,False,228.64
6488540612,20,Masculino,Miami,Medio,4,30.48,No,No,Otro,No,Efectivo,2987,False,False,False,True,121.92
8775053826,45,Femenino,Miami,Muy Alto,10,122.04,Sí,Sí,Vegetariano,Sí,App,13779,False,False,False,False,1220.4
3039342057,37,Masculino,Miami,Bajo,0,0.0,No,Sí,Otro,No,Efectivo,1156,False,False,False,False,0.0
4117819803,66,Masculino,Miami,Medio,3,15.23,No,Sí,Vegano,No,Efectivo,3214,True,False,False,False,45.69
2018580265,50,Masculino,Miami,Bajo,3,24.96,No,No,Mariscos,No,Efectivo,995,False,False,False,False,74.88
6944479565,20,Masculino,Miami,Alto,4,64.72,Sí,Sí,Vegetariano,Sí,Efectivo,4558,False,False,False,False,258.88
5444138006,70,Masculino,Miami,Alto,4,34.02,Sí,No,Otro,Sí,App,6027,False,False,False,False,136.08
9809461360,67,Femenino,Miami,Medio,2,16.59,No,Sí,Vegetariano,No,Tarjeta,2866,False,False,False,False,33.18
1010770501,41,Masculino,Miami,Muy Alto,6,119.42,No,Sí,Vegano,Sí,Efectivo,16234,False,False,False,False,716.52
9480639850,52,Femenino,Miami,Bajo,1,18.67,No,No,Vegetariano,No,Efectivo,1037,False,False,False,False,18.67
7002490844,50,Masculino,Miami,Alto,4,65.25,Sí,No,Pescado,Sí,App,6477,False,False,False,False,261.0
3972361832,52,Femenino,Miami,Bajo,3,23.9,No,Sí,Vegetariano,No,Tarjeta,1512,False,False,False,False,71.7
5076829243,60,Femenino,Miami,Medio,3,10.23,Sí,No,Vegetariano,No,Efectivo,2612,False,False,False,False,30.69
6180633090,38,Femenino,Miami,Muy Alto,7,126.71,No,Sí,Vegano,Sí,App,11026,False,False,False,False,886.97
2111040209,50,Masculino,Miami,Muy Alto,8,126.0,No,Sí,Vegano,Sí,Tarjeta,15400,False,False,False,False,1008.0
5993571693,50,Femenino,Miami,Muy Alto,7,44.47,Sí,No,Mariscos,Sí,Tarjeta,15067,False,False,False,False,311.29
1286132765,24,Masculino,Miami,Muy Alto,5,59.56,No,Sí,Carnes,Sí,Tarjeta,14979,False,False,False,False,297.8
5251731939,65,Masculino,Miami,Bajo,2,16.53,Sí,Sí,Vegano,No,Tarjeta,1081,False,False,False,False,33.06
9977085483,33,Masculino,Miami,Muy Alto,6,120.54,Sí,Sí,Vegetariano,Sí,Efectivo,10972,False,False,False,False,723.24
3309599772,54,Masculino,Miami,Muy Alto,8,119.25,No,No,Mariscos,Sí,Tarjeta,17675,False,False,False,False,954.0
1934613338,25,Masculino,Miami,Muy Alto,7,36.59,No,Sí,Mariscos,Sí,Tarjeta,16961,False,False,False,False,256.13
2617952752,37,Femenino,Miami,Muy Alto,9,98.91,Sí,No,Carnes,No,Efectivo,15154,False,False,False,False,890.19
1753779193,24,Femenino,Miami,Bajo,0,0.0,Sí,Sí,Vegetariano,No,Tarjeta,1439,False,False,False,False,0.0
2027857949,56,Masculino,Miami,Alto,4,50.92,Sí,Sí,Mariscos,Sí,Efectivo,4939,False,False,False,False,203.68
2699887270,32,Masculino,Miami,Alto,5,28.59,No,No,Mariscos,No,Tarjeta,8419,False,False,False,False,142.95
3392764787,49,Masculino,Miami,Muy Alto,6,23.6,No,Sí,Carnes,No,Tarjeta,16432,False,False,True,False,141.6
5915192377,25,Masculino,Miami,Muy Alto,8,43.0,No,Sí,Vegetariano,No,Efectivo,14856,False,False,False,False,344.0
5161991572,47,Masculino,Miami,Medio,2,24.6,No,No,Vegano,No,Efectivo,2121,False,False,False,False,49.2
2995859511,39,Masculino,Miami,Medio,3,39.95,No,Sí,Mariscos,No,Efectivo,2767,False,False,False,False,119.85
9267437771,47,Femenino,Miami,Alto,6,22.76,No,Sí,Vegetariano,Sí,App,6285,False,False,False,False,136.56
1120468957,28,Masculino,Miami,Alto,5,45.98,Sí,Sí,Mariscos,Sí,Efectivo,7878,False,False,False,False,229.9
9153526831,53,Masculino,Miami,Alto,6,54.18,Sí,No,Vegetariano,Sí,Efectivo,5408,False,False,False,False,325.08
3980576777,56,Masculino,Miami,Alto,4,45.53,Sí,Sí,Mariscos,No,Efectivo,6168,False,False,False,False,182.12
8689525540,39,Masculino,Miami,Muy Alto,6,55.27,Sí,Sí,Vegano,Sí,Tarjeta,14654,False,False,False,False,331.62
8544958420,43,Femenino,Miami,Medio,4,26.28,Sí,Sí,Vegano,No,Efectivo,2317,False,False,False,False,105.12
8376947036,61,Masculino,Miami,Alto,4,67.58,Sí,Sí,Carnes,Sí,Efectivo,4350,False,False,False,False,270.32
3441492039,50,Masculino,Miami,Muy Alto,10,32.88,No,No,Mariscos,Sí,App,9626,False,False,False,False,328.8
3077510047,65,Femenino,Miami,Alto,4,67.51,No,No,Mariscos,Sí,Efectivo,7738,False,False,False,False,270.04
1479175668,68,Masculino,Miami,Medio,3,36.46,No,No,Vegetariano,No,Tarjeta,2638,False,False,False,False,109.38
8369792370,20,Femenino,Miami,Bajo,3,17.55,Sí,Sí,Pescado,No,Tarjeta,932,False,False,False,False,52.65
6985966312,51,Masculino,Miami,Muy Alto,7,101.37,Sí,Sí,Carnes,Sí,Tarjeta,13072,False,False,False,False,709.59
6606117159,64,Masculino,Miami,Alto,4,29.44,Sí,No,Carnes,Sí,Efectivo,4750,False,False,False,False,117.76
9289056003,64,Femenino,Miami,Alto,6,41.66,No,Sí,Vegetariano,No,Tarjeta,7415,False,False,False,False,249.96
6455902624,47,Masculino,Miami,Alto,5,34.37,Sí,Sí,Mariscos,Sí,Efectivo,6863,False,False,False,False,171.85
1672609093,39,Femenino,Miami,Alto,4,48.85,No,Sí,Vegetariano,No,Efectivo,5060,False,False,False,False,195.4
4815073363,61,Femenino,Miami,Bajo,2,24.65,No,Sí,Mariscos,No,App,852,True,False,False,False,49.3
9104531097,18,Masculino,Miami,Alto,4,47.63,Sí,Sí,Otro,No,Tarjeta,5893,False,False,False,False,190.52
2544635215,65,Femenino,Miami,Alto,6,51.57,No,Sí,Vegetariano,No,Tarjeta,6276,False,False,False,False,309.42
3019750351,41,Masculino,Miami,Alto,6,18.33,Sí,No,Pescado,No,Efectivo,7401,False,False,False,False,109.98
8489638461,65,Masculino,Miami,Alto,4,65.48,Sí,No,Otro,Sí,Efectivo,5877,False,False,False,False,261.92
3874905728,75,Femenino,Miami,Medio,3,16.38,No,Sí,Vegetariano,No,Efectivo,3040,False,False,False,False,49.14
3553271630,49,Femenino,Miami,Alto,6,64.23,No,No,Vegano,No,App,8080,False,False,False,False,385.38
6107179957,69,Femenino,Miami,Bajo,0,0.0,No,Sí,Vegano,No,App,1049,False,False,False,False,0.0
5524040701,77,Masculino,Miami,Medio,2,33.99,No,No,Otro,No,App,3172,False,False,False,True,67.98
4822495396,44,Masculino,Miami,Medio,2,27.59,No,Sí,Mariscos,No,Efectivo,2381,False,False,False,False,55.18
4077680127,48,Femenino,Miami,Medio,3,21.11,No,Sí,Mariscos,Sí,App,2295,False,False,False,False,63.33
3095833245,58,Masculino,Miami,Bajo,3,18.28,Sí,Sí,Mariscos,No,Efectivo,1378,False,False,False,False,54.84
8212127816,27,Femenino,Miami,Bajo,2,16.11,Sí,Sí,Pescado,No,Tarjeta,1349,False,False,False,False,32.22
7417183769,45,Femenino,Miami,Muy Alto,10,121.8,Sí,No,Otro,Sí,Efectivo,12861,False,False,False,False,1218.0
8879106492,56,Femenino,Miami,Bajo,0,0.0,No,Sí,Otro,Sí,Criptomoneda,1376,False,False,False,True,0.0
9398857972,43,Femenino,Miami,Alto,6,41.37,No,No,Mariscos,No,Efectivo,5013,False,False,False,False,248.22
9078479267,39,Femenino,Miami,Bajo,2,16.78,Sí,Sí,Carnes,No,App,1152,True,False,False,False,33.56
9085674788,34,Femenino,Miami,Alto,6,48.54,No,Sí,Otro,Sí,App,6466,False,False,False,True,291.24
2538119509,24,Femenino,Miami,Muy Alto,7,101.12,No,Sí,Vegano,Sí,App,15552,False,False,False,False,707.84
2928761313,65,Masculino,Miami,Muy Alto,6,56.87,Sí,Sí,Mariscos,Sí,App,15669,False,False,False,False,341.22
2790410196,33,Femenino,Miami,Alto,5,23.8,Sí,No,Mariscos,Sí,Efectivo,6220,False,False,False,False,119.0
9813320444,35,Femenino,Miami,Muy Alto,8,75.39,Sí,Sí,Vegetariano,Sí,Efectivo,9864,False,False,False,False,603.12
4097694484,48,Femenino,Miami,Alto,5,68.58,Sí,No,Carnes,No,Tarjeta,8158,False,False,False,False,342.9
7556078550,49,Femenino,Miami,Alto,4,26.37,Sí,No,Mariscos,Sí,Efectivo,3760,False,False,False,False,105.48
7887413935,52,Femenino,Miami,Alto,5,30.47,Sí,Sí,Pescado,Sí,App,5222,False,False,False,False,152.35
7256582502,49,Masculino,Miami,Bajo,1,15.11,No,No,Mariscos,No,Tarjeta,1281,False,False,True,False,15.11
2032989010,48,Femenino,Miami,Alto,5,18.06,Sí,Sí,Mariscos,Sí,App,6813,False,False,False,False,90.3
5728896400,69,Masculino,Miami,Alto,5,18.16,Sí,Sí,Vegetariano,Sí,Tarjeta,6773,True,False,False,False,90.8
3249536268,75,Femenino,Miami,Bajo,2,18.64,Sí,No,Mariscos,No,App,1228,False,False,False,False,37.28
9471942713,41,Masculino,Miami,Alto,4,69.04,No,No,Vegano,Sí,App,3621,False,False,False,False,276.16
6142546170,77,Femenino,Miami,Alto,6,40.54,Sí,No,Carnes,No,App,6314,False,False,False,False,243.24
4174319065,45,Masculino,Miami,Alto,6,51.18,Sí,No,Vegetariano,Sí,Efectivo,5367,False,False,False,False,307.08
9802702938,58,Masculino,Miami,Muy Alto,8,122.9,No,Sí,Vegano,Sí,Tarjeta,17141,False,False,False,False,983.2
8452853745,42,Femenino,Miami,Alto,5,46.72,Sí,No,Mariscos,Sí,Tarjeta,4330,False,False,False,False,233.6
8789633166,60,Femenino,Miami,Muy Alto,6,122.09,Sí,Sí,Carnes,Sí,Tarjeta,15114,False,False,False,False,732.54
8344890406,43,Femenino,Miami,Muy Alto,9,23.6,No,Sí,Otro,No,Efectivo,11443,False,False,False,False,212.4
4340031305,56,Masculino,Miami,Medio,5,16.87,No,Sí,Vegetariano,Sí,App,2435,False,False,False,False,84.35
4892537570,69,Masculino,Miami,Muy Alto,10,69.65,No,Sí,Vegano,Sí,Tarjeta,13028,False,False,False,False,696.5
8640655277,37,Masculino,Miami,Alto,4,41.75,No,No,Vegetariano,Sí,Efectivo,4278,False,False,False,False,167.0
6470670982,40,Femenino,Miami,Muy Alto,10,50.44,No,No,Vegano,Sí,Tarjeta,17109,False,False,False,False,504.4
1042459016,18,Masculino,Miami,Muy Alto,6,12.77,No,Sí,Pescado,Sí,Tarjeta,14117,False,False,False,False,76.62
3482007078,52,Femenino,Miami,Medio,3,26.73,Sí,Sí,Vegetariano,No,App,2472,False,False,False,False,80.19
2262003579,38,Masculino,Miami,Alto,6,24.64,No,No,Vegano,Sí,App,5721,False,False,False,False,147.84
2762734401,70,Masculino,Miami,Bajo,0,0.0,No,No,Vegetariano,No,Tarjeta,1255,False,False,False,False,0.0
3891305738,47,Femenino,Miami,Medio,4,39.19,No,Sí,Mariscos,No,Tarjeta,1707,False,False,False,False,156.76
2945475662,18,Masculino,Miami,Muy Alto,10,24.82,Sí,Sí,Mariscos,Sí,App,11687,False,False,False,False,248.2
1446085584,26,Masculino,Miami,Bajo,2,19.03,Sí,Sí,Otro,No,Efectivo,1198,False,False,False,True,38.06
2388438102,75,Masculino,Miami,Alto,5,58.46,Sí,Sí,Mariscos,No,Efectivo,6518,False,False,False,False,292.3
3189865928,45,Masculino,Miami,Muy Alto,10,42.54,Sí,No,Mariscos,Sí,App,17119,False,False,False,False,425.4
6661191644,65,Masculino,Miami,Bajo,0,0.0,Sí,Sí,Pescado,No,Efectivo,1501,False,False,False,False,0.0
4310415016,43,Masculino,Miami,Medio,5,18.48,No,No,Vegano,No,Efectivo,3197,False,False,False,False,92.4
2126077199,53,Masculino,Miami,Alto,5,58.3,No,No,Vegano,Sí,App,8588,False,False,False,False,291.5
4508521152,65,Femenino,Miami,Alto,5,19.24,No,Sí,Otro,No,Tarjeta,7800,False,False,False,False,96.2
8804980185,31,Femenino,Miami,Alto,5,42.74,No,Sí,Vegetariano,Sí,App,5308,False,False,False,False,213.7
3039164674,28,Femenino,Miami,Alto,4,38.23,Sí,Sí,Vegetariano,Sí,Efectivo,7380,False,False,False,False,152.92
5353427256,72,Femenino,Miami,Alto,6,37.38,No,Sí,Vegano,Sí,Tarjeta,7753,False,False,False,False,224.28
4777329637,59,Masculino,Miami,Muy Alto,10,40.43,Sí,Sí,Vegetariano,Sí,Efectivo,10310,False,False,False,False,404.3
6507381541,33,Masculino,Miami,Alto,5,30.5,Sí,Sí,Mariscos,No,Tarjeta,6353,False,False,False,False,152.5
7664971848,49,Femenino,Miami,Alto,5,58.41,No,No,Vegetariano,Sí,App,3825,False,False,False,False,292.05
6331397985,77,Masculino,Miami,Alto,4,44.62,No,No,Mariscos,Sí,Efectivo,5325,False,False,False,False,178.48
8014793519,41,Masculino,Miami,Alto,6,45.82,Sí,Sí,Vegetariano,Sí,App,8589,False,False,False,False,274.92
7896608200,77,Masculino,Miami,Bajo,1,21.66,Sí,Sí,Mariscos,No,Efectivo,871,False,False,False,False,21.66
1116402431,80,Masculino,Miami,Bajo,0,0.0,No,No,Mariscos,No,App,1020,False,False,False,False,0.0
4465911704,56,Masculino,Miami,Alto,4,28.3,Sí,Sí,Vegetariano,Sí,App,3545,False,False,False,False,113.2
3283087132,70,Femenino,Miami,Muy Alto,5,125.63,Sí,Sí,Otro,Sí,Efectivo,14008,False,False,False,False,628.15
6110632388,62,Femenino,Miami,Medio,5,27.83,Sí,Sí,Mariscos,No,App,3067,False,False,False,False,139.15
5129478722,43,Femenino,Miami,Muy Alto,10,77.78,No,Sí,Mariscos,Sí,Efectivo,11828,False,False,False,False,777.8
3362646960,31,Femenino,Miami,Medio,2,33.0,No,Sí,Carnes,No,Tarjeta,2944,False,False,False,False,66.0
4157540189,45,Femenino,Miami,Bajo,0,0.0,No,No,Mariscos,No,Efectivo,806,False,False,False,False,0.0
8281632171,48,Femenino,Miami,Alto,4,25.83,No,Sí,Carnes,Sí,App,4478,False,False,False,False,103.32
3232710580,21,Masculino,Miami,Medio,5,31.39,No,Sí,Mariscos,No,Efectivo,2484,False,False,False,False,156.95
1113345362,42,Masculino,Miami,Bajo,3,23.64,No,No,Carnes,No,Efectivo,1094,False,False,False,False,70.92
1011759631,68,Masculino,Miami,Muy Alto,10,44.64,No,No,Carnes,Sí,Efectivo,17025,False,False,False,False,446.4
9755515846,53,Masculino,Miami,Medio,3,14.68,Sí,No,Otro,No,Tarjeta,1634,False,False,False,False,44.04
3774348326,37,Femenino,Miami,Alto,5,43.55,Sí,No,Mariscos,Sí,Efectivo,7738,False,False,False,False,217.75
9836953698,34,Femenino,Miami,Medio,3,23.48,No,No,Vegetariano,No,App,2933,False,True,False,False,70.44
1794198242,42,Femenino,Miami,Bajo,1,14.1,Sí,Sí,Pescado,No,Efectivo,1152,False,False,False,False,14.1
3431015588,53,Masculino,Miami,Alto,6,55.88,No,No,Vegano,Sí,Efectivo,6257,False,False,False,False,335.28
9832676598,45,Femenino,Miami,Muy Alto,10,20.75,Sí,No,Mariscos,Sí,App,16908,False,False,False,False,207.5
3707344826,31,Femenino,Miami,Muy Alto,10,108.95,No,Sí,Mariscos,Sí,Tarjeta,10857,False,False,False,False,1089.5
4038499343,57,Femenino,Miami,Alto,4,20.49,Sí,No,Mariscos,Sí,Efectivo,7796,False,False,False,False,81.96
4388668343,72,Femenino,Miami,Alto,4,69.56,Sí,No,Vegano,Sí,Tarjeta,7983,False,False,False,False,278.24
4946712714,61,Masculino,Miami,Muy Alto,9,88.75,Sí,Sí,Vegano,Sí,Efectivo,14049,False,False,False,False,798.75
2798457723,62,Femenino,Miami,Alto,4,69.93,Sí,Sí,Mariscos,Sí,Efectivo,6075,False,False,False,False,279.72
3646973915,22,Femenino,Miami,Muy Alto,8,31.15,No,Sí,Vegetariano,Sí,App,13880,False,False,False,False,249.2
6022504726,28,Masculino,Miami,Medio,5,23.48,Sí,Sí,Vegano,No,Tarjeta,2449,False,True,False,False,117.4
2307202048,73,Masculino,Miami,Alto,6,56.04,No,Sí,Vegano,Sí,App,5443,False,False,False,False,336.24
7603958937,61,Masculino,Miami,Muy Alto,5,96.37,No,Sí,Mariscos,Sí,App,16475,False,False,False,False,481.85
9097812540,33,Masculino,Miami,Medio,4,11.69,No,No,Pescado,No,Tarjeta,2889,False,False,False,False,46.76
4393144996,29,Masculino,Miami,Muy Alto,5,20.85,No,Sí,Otro,Sí,Efectivo,14564,False,False,False,False,104.25
7965073239,19,Masculino,Miami,Alto,6,54.98,No,Sí,Vegetariano,No,Efectivo,5896,False,False,False,False,329.88
2660286914,21,Femenino,Miami,Bajo,0,0.0,No,No,Vegano,No,App,1245,False,False,False,False,0.0
1251918555,21,Femenino,Miami,Muy Alto,5,59.35,Sí,No,Mariscos,Sí,App,13565,False,False,False,False,296.75
4482725370,60,Masculino,Miami,Alto,6,24.91,No,Sí,Mariscos,Sí,Efectivo,8204,False,False,False,False,149.46
1812486126,73,Masculino,Miami,Alto,6,22.05,No,No,Mariscos,No,Efectivo,4419,False,False,False,False,132.3
4490722186,51,Masculino,Miami,Medio,5,23.02,Sí,No,Mariscos,No,App,3015,False,False,False,False,115.1
3985558737,80,Masculino,Miami,Medio,5,27.37,Sí,No,Vegano,Sí,Efectivo,3080,False,False,False,False,136.85
6264580840,27,Masculino,Miami,Medio,5,24.35,Sí,No,Otro,No,Tarjeta,2885,False,False,False,True,121.75
8196274472,49,Femenino,Miami,Medio,3,24.58,Sí,Sí,Otro,No,Tarjeta,2430,False,False,False,False,73.74
7253612080,69,Masculino,Miami,Alto,5,57.96,Sí,No,Otro,Sí,Tarjeta,7278,False,False,False,True,289.8
1341587004,27,Masculino,Miami,Alto,5,25.75,Sí,Sí,Carnes,Sí,Criptomoneda,7517,False,False,False,False,128.75
5617921279,29,Masculino,Miami,Medio,4,28.17,No,Sí,Vegano,Sí,Efectivo,1814,False,False,False,False,112.68
8281800690,39,Femenino,Miami,Medio,4,29.8,No,Sí,Carnes,No,Efectivo,3030,False,False,False,False,119.2
1834490470,24,Masculino,Miami,Alto,4,10.94,No,Sí,Vegetariano,No,Criptomoneda,7426,False,False,False,False,43.76
2141600678,37,Masculino,Miami,Alto,5,31.93,Sí,No,Pescado,Sí,Efectivo,3648,False,False,False,False,159.65
1459429001,58,Masculino,Miami,Muy Alto,8,124.62,Sí,Sí,Vegetariano,Sí,Efectivo,16356,False,False,False,False,996.96
5591208936,50,Masculino,Miami,Alto,4,12.16,Sí,No,Otro,Sí,App,8608,False,False,False,True,48.64
6425263779,18,Femenino,Miami,Alto,5,48.97,No,Sí,Vegano,Sí,Tarjeta,4961,False,False,False,False,244.85
2116743502,37,Masculino,Miami,Alto,4,34.38,No,Sí,Carnes,No,Tarjeta,7739,False,False,False,False,137.52
6274116540,71,Femenino,Miami,Alto,6,35.44,Sí,No,Pescado,Sí,Tarjeta,6428,False,False,False,False,212.64
2104570218,31,Femenino,Miami,Alto,6,19.02,Sí,No,Pescado,Sí,Efectivo,5492,False,False,False,False,114.12
8437672213,64,Femenino,Miami,Muy Alto,6,39.35,Sí,Sí,Vegetariano,Sí,Efectivo,11026,False,False,False,False,236.1
4774323513,27,Femenino,Miami,Muy Alto,9,56.4,No,Sí,Mariscos,Sí,Efectivo,17013,False,False,False,False,507.6
9753424361,46,Femenino,Miami,Bajo,2,19.94,Sí,Sí,Carnes,No,Efectivo,1181,False,False,False,False,39.88
1976737861,55,Femenino,Miami,Alto,4,65.43,No,Sí,Vegano,Sí,Tarjeta,8012,False,False,False,False,261.72
7803276529,23,Masculino,Miami,Medio,2,22.57,No,Sí,Carnes,No,App,1893,False,False,False,False,45.14
2616884203,73,Masculino,Miami,Bajo,3,15.01,Sí,No,Otro,No,Efectivo,884,False,False,False,False,45.03
1208252665,40,Femenino,Miami,Alto,5,16.76,Sí,No,Pescado,No,Efectivo,7031,False,False,False,False,83.8
2455829864,32,Femenino,Miami,Alto,6,34.53,Sí,Sí,Carnes,Sí,Tarjeta,4942,False,False,False,False,207.18
9952650911,59,Masculino,Miami,Muy Alto,9,47.35,Sí,Sí,Mariscos,No,Efectivo,11462,False,False,False,False,426.15
4213853162,53,Masculino,Miami,Alto,4,10.54,No,No,Vegetariano,Sí,App,6454,False,False,False,False,42.16
4833049167,53,Masculino,Miami,Muy Alto,8,126.02,No,Sí,Mariscos,Sí,Efectivo,14065,False,False,False,False,1008.16
6569287910,68,Femenino,Miami,Alto,6,62.92,Sí,Sí,Vegetariano,Sí,Efectivo,5893,False,False,False,False,377.52
1237469684,63,Femenino,Miami,Muy Alto,8,18.01,No,No,Vegetariano,Sí,Tarjeta,10702,False,False,False,False,144.08
7477910927,50,Femenino,Miami,Bajo,3,13.81,Sí,No,Vegetariano,No,App,1211,False,False,False,False,41.43
1963495703,45,Masculino,Miami,Medio,2,32.2,No,No,Mariscos,No,Efectivo,1854,False,False,False,False,64.4
7608141858,38,Femenino,Miami,Alto,5,12.48,Sí,Sí,Carnes,No,Tarjeta,8868,False,False,False,False,62.4
4122981163,73,Femenino,Miami,Muy Alto,9,102.05,No,No,Otro,Sí,Efectivo,16839,False,False,False,False,918.45
6393018908,61,Femenino,Miami,Muy Alto,6,126.88,Sí,Sí,Vegetariano,Sí,Efectivo,9055,False,False,False,False,761.28
6560682527,52,Masculino,Miami,Medio,3,21.37,No,No,Carnes,No,Efectivo,2516,False,False,False,False,64.11
9548100389,64,Femenino,Miami,Medio,2,39.98,Sí,Sí,Mariscos,No,Tarjeta,3314,False,False,False,False,79.96
4909925961,71,Femenino,Miami,Alto,4,34.6,Sí,Sí,Vegetariano,No,Tarjeta,6990,False,False,False,False,138.4
8527514993,78,Femenino,Miami,Alto,6,36.71,No,No,Carnes,Sí,App,3755,False,False,False,False,220.26
4489265160,34,Femenino,Miami,Alto,4,21.31,No,Sí,Otro,No,Efectivo,7095,False,False,False,False,85.24
2341720625,35,Femenino,Miami,Bajo,2,20.06,No,Sí,Otro,No,App,1529,False,False,False,True,40.12
2701850931,63,Masculino,Miami,Alto,5,22.87,Sí,Sí,Vegano,Sí,Tarjeta,6453,False,False,False,False,114.35
5333929422,43,Femenino,Miami,Alto,5,37.24,No,No,Mariscos,Sí,Efectivo,4911,False,False,False,False,186.2
6257450736,36,Masculino,Miami,Muy Alto,8,36.57,No,No,Carnes,No,App,10066,False,False,False,False,292.56
8603671758,32,Masculino,Miami,Medio,4,25.18,No,No,Vegetariano,No,App,2607,False,False,False,False,100.72
3521173167,52,Femenino,Miami,Medio,4,39.12,No,Sí,Pescado,Sí,App,3143,False,False,False,False,156.48
9762166655,25,Masculino,Miami,Alto,6,47.3,No,No,Carnes,Sí,Efectivo,5355,False,False,False,False,283.8
9557267020,56,Femenino,Miami,Muy Alto,7,79.2,Sí,Sí,Mariscos,Sí,Tarjeta,13099,False,False,False,False,554.4
9401753697,79,Femenino,Miami,Medio,4,20.93,No,Sí,Vegetariano,No,App,1696,False,False,False,False,83.72
8430191989,68,Femenino,Miami,Muy Alto,5,126.84,No,No,Vegetariano,Sí,App,10600,False,False,False,False,634.2
9487551059,57,Femenino,Miami,Alto,4,26.79,No,Sí,Vegetariano,Sí,Efectivo,6487,False,False,False,False,107.16
6332607347,31,Femenino,Miami,Medio,5,14.97,No,Sí,Mariscos,No,App,3438,False,False,False,False,74.85
5060303335,32,Femenino,Miami,Muy Alto,6,34.9,No,Sí,Mariscos,Sí,Tarjeta,10640,False,False,False,False,209.4
7677286082,49,Femenino,Miami,Alto,5,69.2,No,No,Mariscos,Sí,Tarjeta,8717,False,False,False,False,346.0
1129738207,47,Femenino,Miami,Alto,5,41.93,No,No,Vegano,Sí,Efectivo,6003,False,False,False,False,209.65
3772001298,52,Masculino,Miami,Medio,4,37.45,Sí,Sí,Otro,No,Efectivo,3400,False,False,False,False,149.8
1726947767,54,Masculino,Miami,Alto,4,39.6,Sí,No,Pescado,Sí,Tarjeta,7936,False,False,False,False,158.4
2723623221,37,Femenino,Miami,Bajo,3,18.71,Sí,No,Mariscos,No,Tarjeta,1488,False,False,False,False,56.13
5475992963,27,Femenino,Miami,Alto,4,66.69,Sí,Sí,Vegano,Sí,Efectivo,3871,False,False,False,False,266.76
3640494685,54,Masculino,Miami,Muy Alto,8,46.37,No,No,Mariscos,Sí,Tarjeta,15267,False,False,False,False,370.96
3157713532,50,Masculino,Miami,Medio,3,27.2,Sí,No,Mariscos,No,Efectivo,1854,False,False,False,False,81.6
9906206141,24,Masculino,Miami,Bajo,3,24.88,Sí,Sí,Vegetariano,No,Efectivo,959,False,False,False,False,74.64
9189538819,77,Femenino,Miami,Bajo,1,21.09,No,Sí,Vegano,No,Efectivo,914,False,False,False,False,21.09
1195008421,74,Femenino,Miami,Alto,5,30.95,Sí,Sí,Vegetariano,Sí,App,3966,False,False,False,False,154.75
3246147132,71,Masculino,Miami,Muy Alto,8,24.17,No,No,Vegetariano,Sí,Efectivo,15242,False,False,False,False,193.36
7648633139,42,Masculino,Miami,Medio,3,36.91,Sí,Sí,Mariscos,No,Tarjeta,3336,False,False,False,False,110.73
6561821592,69,Femenino,Miami,Muy Alto,5,91.33,No,Sí,Vegetariano,Sí,Efectivo,15905,False,False,False,False,456.65
7027529118,72,Masculino,Miami,Muy Alto,9,125.57,Sí,No,Carnes,Sí,Tarjeta,14416,False,False,False,False,1130.13
3965157605,68,Femenino,Miami,Medio,5,27.86,No,Sí,Pescado,No,Efectivo,2626,False,False,False,False,139.3
1058017993,35,Femenino,Miami,Bajo,2,24.7,Sí,No,Mariscos,No,App,1253,False,False,False,False,49.4
5277084664,65,Masculino,Miami,Muy Alto,10,67.88,No,Sí,Otro,Sí,Tarjeta,15886,False,False,False,False,678.8
2518944242,31,Masculino,Miami,Alto,5,53.18,No,Sí,Mariscos,No,Efectivo,8122,False,False,False,False,265.9
1474434332,72,Femenino,Miami,Muy Alto,7,102.29,No,No,Mariscos,Sí,App,14643,False,False,False,False,716.03
8949781901,39,Masculino,Miami,Medio,2,32.37,No,Sí,Carnes,No,Efectivo,3228,False,False,False,False,64.74
3658638107,21,Masculino,Miami,Muy Alto,5,103.43,No,Sí,Vegetariano,Sí,Tarjeta,15308,False,False,False,False,517.15
7901975872,52,Femenino,Miami,Alto,6,37.01,Sí,Sí,Otro,Sí,Efectivo,6870,False,False,False,False,222.06
8478301973,69,Masculino,Miami,Alto,6,41.79,No,Sí,Mariscos,No,App,7861,False,False,False,False,250.74
1973963937,76,Femenino,Miami,Muy Alto,7,84.71,Sí,Sí,Pescado,Sí,Efectivo,15212,True,False,False,False,592.97
8690920484,77,Femenino,Miami,Muy Alto,10,74.67,Sí,No,Mariscos,Sí,Efectivo,10776,False,False,False,False,746.7
8547136016,22,Femenino,Miami,Alto,4,47.42,No,Sí,Vegetariano,No,Criptomoneda,7934,False,False,False,False,189.68
8979174969,46,Femenino,Miami,Muy Alto,8,92.11,No,No,Vegano,Sí,App,12866,False,False,False,False,736.88
7685540186,49,Masculino,Miami,Medio,5,17.83,No,Sí,Mariscos,No,App,3328,False,False,False,False,89.15
4397756972,18,Masculino,Miami,Alto,4,24.28,No,No,Vegetariano,Sí,Efectivo,8303,False,False,False,False,97.12
2706060995,28,Femenino,Miami,Alto,4,16.63,No,No,Vegetariano,No,Tarjeta,6177,False,False,False,False,66.52
7002724411,24,Femenino,Miami,Muy Alto,8,97.25,Sí,Sí,Otro,Sí,App,15064,False,False,False,True,778.0
8643478669,23,Femenino,Miami,Alto,4,49.47,No,Sí,Carnes,No,App,8881,False,False,False,False,197.88
5086197187,74,Masculino,Miami,Alto,4,57.93,Sí,Sí,Mariscos,Sí,App,8304,False,False,False,False,231.72
6386588982,39,Masculino,Miami,Muy Alto,7,88.69,No,No,Mariscos,Sí,Efectivo,9035,False,False,False,False,620.83
2312300417,27,Femenino,Miami,Alto,5,26.92,No,Sí,Otro,No,App,6392,False,False,False,True,134.6
8310932983,72,Femenino,Miami,Medio,2,15.08,No,Sí,Vegano,No,Tarjeta,2300,False,False,False,False,30.16
8242953559,35,Femenino,Miami,Alto,6,60.48,No,Sí,Vegetariano,Sí,Efectivo,8038,False,False,False,False,362.88
1189594548,42,Masculino,Miami,Alto,5,20.65,No,Sí,Vegano,Sí,Efectivo,4207,True,False,False,False,103.25
8182207815,80,Femenino,Miami,Alto,6,40.23,Sí,Sí,Mariscos,No,Tarjeta,4105,False,False,False,False,241.38
2290994227,50,Femenino,Miami,Muy Alto,8,118.19,No,Sí,Carnes,Sí,Efectivo,11784,False,False,False,False,945.52
2105797416,52,Masculino,Miami,Muy Alto,8,116.34,No,No,Carnes,Sí,Tarjeta,10872,False,False,False,False,930.72
5141910219,79,Femenino,Miami,Alto,6,62.08,Sí,No,Carnes,Sí,App,4327,False,False,False,False,372.48
3970637442,71,Femenino,Miami,Alto,5,17.77,Sí,Sí,Carnes,Sí,App,7844,False,False,False,False,88.85
2405746777,73,Femenino,Miami,Medio,3,12.91,Sí,No,Carnes,Sí,Efectivo,3137,False,False,False,False,38.73
7168143900,35,Femenino,Miami,Alto,4,49.82,No,No,Vegetariano,Sí,Efectivo,5191,False,False,False,False,199.28
8333222223,36,Masculino,Miami,Alto,5,44.23,Sí,Sí,Vegetariano,Sí,Tarjeta,7043,True,False,False,False,221.15
9182543558,68,Masculino,Miami,Alto,5,49.78,No,No,Otro,Sí,Efectivo,6896,False,False,False,False,248.9
4382292495,18,Femenino,Miami,Muy Alto,6,102.86,No,No,Otro,Sí,Efectivo,14521,False,False,False,False,617.16
1975595901,31,Masculino,Miami,Muy Alto,7,28.11,Sí,Sí,Mariscos,Sí,Efectivo,13169,False,False,False,False,196.77
8871022603,42,Femenino,Miami,Medio,3,21.2,No,No,Mariscos,No,Tarjeta,3026,False,False,False,False,63.6
5103469133,76,Femenino,Miami,Muy Alto,9,86.7,Sí,Sí,Vegano,Sí,Efectivo,15117,False,False,False,False,780.3
1133290431,29,Masculino,Miami,Alto,4,61.45,No,Sí,Vegetariano,Sí,Tarjeta,8403,False,False,False,False,245.8
3550994341,19,Masculino,Miami,Muy Alto,10,92.92,Sí,Sí,Otro,Sí,Tarjeta,12600,False,False,False,False,929.2
6443683476,49,Femenino,Miami,Medio,5,27.68,No,Sí,Vegetariano,No,Efectivo,2172,False,False,True,False,138.4
1940748682,51,Masculino,Miami,Alto,4,59.86,Sí,No,Mariscos,Sí,Efectivo,6516,False,False,False,False,239.44
2703494463,32,Masculino,Miami,Alto,5,45.57,No,No,Otro,No,Tarjeta,3633,False,False,False,False,227.85
1578012804,46,Femenino,Miami,Muy Alto,6,80.79,No,No,Mariscos,Sí,App,9954,False,False,False,False,484.74
4876224572,35,Masculino,Miami,Muy Alto,6,17.34,No,Sí,Mariscos,Sí,Tarjeta,11918,False,False,False,False,104.04
1742929198,36,Masculino,Miami,Medio,3,15.13,Sí,No,Vegetariano,No,App,2106,False,False,False,False,45.39
1925915326,67,Masculino,Miami,Bajo,2,23.22,No,No,Carnes,No,Tarjeta,1193,False,False,False,False,46.44
7812314276,75,Femenino,Miami,Medio,2,18.65,No,No,Otro,No,Efectivo,3086,False,False,False,False,37.3
9199900162,76,Masculino,Miami,Muy Alto,10,23.98,Sí,Sí,Mariscos,Sí,App,14965,False,False,False,False,239.8
9924284148,34,Femenino,Miami,Medio,3,18.08,No,No,Otro,Sí,Efectivo,1730,True,False,False,True,54.24
7370160099,79,Femenino,Miami,Bajo,3,11.34,No,Sí,Carnes,No,Efectivo,805,False,False,False,False,34.02
8140431499,69,Femenino,Miami,Alto,6,24.72,Sí,Sí,Carnes,No,Efectivo,4519,False,False,False,False,148.32
5660371298,52,Masculino,Miami,Alto,4,20.32,No,Sí,Vegano,Sí,Efectivo,8322,False,False,False,False,81.28
3272373307,55,Femenino,Miami,Alto,4,53.54,No,Sí,Otro,No,Efectivo,5262,False,False,False,True,214.16
7333248215,75,Masculino,Miami,Alto,5,63.94,Sí,No,Mariscos,Sí,Efectivo,3970,False,False,False,False,319.7
5283911723,58,Masculino,Miami,Medio,4,10.11,Sí,Sí,Mariscos,No,App,2034,False,False,False,False,40.44
4432477041,66,Masculino,Miami,Muy Alto,5,36.89,Sí,Sí,Mariscos,Sí,Efectivo,15997,False,False,False,False,184.45
1070375283,62,Masculino,Miami,Alto,6,49.23,Sí,Sí,Vegano,Sí,Tarjeta,5266,False,False,False,False,295.38
3056870682,46,Masculino,Miami,Medio,3,26.14,Sí,No,Mariscos,No,Tarjeta,3112,True,False,False,False,78.42
2455402454,18,Femenino,Miami,Muy Alto,8,62.13,Sí,Sí,Otro,Sí,Efectivo,13112,False,False,False,True,497.04
4462449882,58,Masculino,Miami,Alto,4,19.21,No,No,Carnes,Sí,App,7952,False,False,False,False,76.84
6571120339,65,Masculino,Miami,Alto,4,63.72,No,No,Pescado,Sí,Tarjeta,7198,False,False,False,False,254.88
4974994992,35,Femenino,Miami,Alto,4,66.91,No,No,Otro,No,Tarjeta,4807,False,False,False,True,267.64
7656511646,39,Masculino,Miami,Bajo,1,22.95,No,Sí,Otro,No,Tarjeta,1418,False,False,False,True,22.95
1681205304,53,Masculino,Miami,Alto,4,10.87,Sí,No,Otro,Sí,Tarjeta,6420,False,False,False,False,43.48
7711463369,75,Masculino,Miami,Muy Alto,6,86.47,No,Sí,Mariscos,Sí,Efectivo,11061,False,False,False,False,518.82
9804668445,38,Femenino,Miami,Alto,5,23.34,No,No,Otro,No,Efectivo,7947,False,False,False,False,116.7
7691379296,28,Femenino,Miami,Muy Alto,5,65.62,No,Sí,Pescado,Sí,App,17466,False,False,False,False,328.1
4439427565,38,Masculino,Miami,Medio,3,25.51,No,No,Vegetariano,No,Tarjeta,3478,False,False,False,False,76.53
9408107907,56,Masculino,Miami,Alto,4,44.9,Sí,Sí,Mariscos,Sí,Efectivo,3714,False,False,False,False,179.6
1108423021,27,Femenino,Miami,Muy Alto,9,11.12,Sí,Sí,Vegano,Sí,App,15850,False,False,False,False,100.08
5878096289,41,Femenino,Miami,Medio,3,19.68,No,Sí,Vegetariano,Sí,Efectivo,2967,False,False,False,False,59.04
9721578610,59,Femenino,Miami,Medio,4,35.84,Sí,Sí,Mariscos,No,Efectivo,1884,False,False,False,False,143.36
4422485861,51,Femenino,Miami,Alto,4,50.25,No,Sí,Mariscos,Sí,Tarjeta,7379,False,False,False,False,201.0
7564383779,32,Masculino,Miami,Muy Alto,10,95.75,Sí,No,Pescado,Sí,Tarjeta,10356,False,False,False,False,957.5
4956141161,29,Femenino,Miami,Alto,5,12.86,No,Sí,Mariscos,Sí,Tarjeta,4277,False,False,False,False,64.3
7153432716,28,Femenino,Miami,Muy Alto,9,52.07,No,Sí,Vegetariano,Sí,Efectivo,15870,False,False,False,False,468.63
2745958114,52,Masculino,Miami,Medio,3,31.18,No,No,Carnes,No,Efectivo,2353,False,False,False,False,93.54
9782460213,47,Femenino,Miami,Medio,3,16.58,Sí,Sí,Vegetariano,No,App,2869,False,False,False,False,49.74
4159430696,59,Femenino,Miami,Alto,6,40.46,No,No,Mariscos,Sí,Tarjeta,4857,False,False,False,False,242.76
2618439701,62,Femenino,Miami,Medio,2,15.11,Sí,Sí,Vegano,No,Tarjeta,1952,False,False,False,False,30.22
9934798220,57,Femenino,Miami,Alto,6,24.49,Sí,No,Vegetariano,No,Criptomoneda,8028,False,False,False,False,146.94
5873511049,22,Femenino,Miami,Alto,5,62.94,No,Sí,Carnes,Sí,Efectivo,6846,True,False,False,False,314.7
4962873274,61,Femenino,Miami,Alto,6,16.1,Sí,Sí,Mariscos,Sí,Efectivo,3880,False,False,False,False,96.6
3214352998,26,Masculino,Miami,Alto,5,42.29,No,Sí,Otro,Sí,Efectivo,4958,False,False,False,False,211.45
4536038811,71,Femenino,Miami,Muy Alto,6,17.43,Sí,No,Mariscos,Sí,Efectivo,17849,False,False,False,False,104.58
4736133245,27,Femenino,Miami,Muy Alto,6,11.83,Sí,Sí,Mariscos,Sí,Efectivo,14255,False,False,False,False,70.98
3698343112,68,Masculino,Miami,Medio,5,20.61,Sí,Sí,Vegetariano,No,App,2211,False,False,False,False,103.05
8359997734,39,Femenino,Miami,Muy Alto,5,16.92,Sí,Sí,Pescado,Sí,Tarjeta,15273,False,False,False,False,84.6
5576646185,71,Femenino,Miami,Alto,4,62.14,No,Sí,Otro,No,Tarjeta,5287,False,False,False,True,248.56
7006192917,27,Femenino,Miami,Alto,4,35.51,No,Sí,Vegetariano,Sí,Tarjeta,5444,False,False,False,False,142.04
5306898488,57,Femenino,Miami,Alto,6,17.23,No,Sí,Vegetariano,No,App,7413,False,False,False,False,103.38
2239621607,43,Femenino,Miami,Alto,6,40.76,No,Sí,Carnes,No,Efectivo,4837,False,False,False,False,244.56
5242519385,80,Masculino,Miami,Alto,5,33.69,No,Sí,Otro,Sí,Efectivo,3665,False,False,False,False,168.45
5129327659,36,Masculino,Miami,Medio,4,25.93,No,Sí,Vegano,No,App,2864,False,False,False,False,103.72
8388219280,48,Femenino,Miami,Medio,3,37.82,No,Sí,Pescado,No,Tarjeta,2849,False,False,False,False,113.46
7481616263,41,Masculino,Miami,Medio,4,23.78,No,Sí,Mariscos,No,Tarjeta,2996,False,False,False,False,95.12
8503261914,40,Femenino,Miami,Muy Alto,7,128.84,No,No,Vegetariano,Sí,Tarjeta,9381,False,False,False,False,901.88
6464985154,44,Masculino,Miami,Medio,5,36.63,No,Sí,Mariscos,No,Tarjeta,2663,False,False,False,False,183.15
7744870231,38,Masculino,Miami,Alto,4,11.28,Sí,Sí,Carnes,No,Efectivo,4440,False,False,False,False,45.12
8092416273,40,Masculino,Miami,Muy Alto,8,65.32,Sí,Sí,Otro,Sí,App,15951,False,False,False,False,522.56
3971600805,40,Femenino,Miami,Bajo,0,0.0,No,Sí,Otro,No,Efectivo,1349,False,False,False,False,0.0
4561812005,25,Masculino,Miami,Bajo,0,0.0,No,Sí,Vegetariano,No,Tarjeta,1130,False,False,False,False,0.0
4572255055,66,Masculino,Miami,Muy Alto,9,102.23,Sí,Sí,Vegetariano,Sí,Tarjeta,17773,False,False,False,False,920.07
5620108051,59,Femenino,Miami,Bajo,1,17.56,Sí,No,Otro,No,Efectivo,1063,False,False,False,False,17.56
2382015537,64,Femenino,Miami,Medio,4,19.47,Sí,No,Vegetariano,No,Efectivo,2451,False,False,False,False,77.88
3173380498,73,Femenino,Miami,Muy Alto,9,78.1,Sí,Sí,Vegetariano,Sí,Efectivo,9831,False,False,False,False,702.9
2670091632,35,Masculino,Miami,Bajo,3,16.54,Sí,No,Mariscos,No,Efectivo,1179,False,False,False,False,49.62
8964258553,73,Femenino,Miami,Muy Alto,5,78.19,No,Sí,Carnes,Sí,Tarjeta,13534,False,False,False,False,390.95
2502227409,22,Masculino,Miami,Muy Alto,10,97.88,No,Sí,Vegano,Sí,Efectivo,12053,False,False,False,False,978.8
1232754595,63,Masculino,Miami,Muy Alto,10,102.57,No,No,Carnes,Sí,Efectivo,9085,False,False,False,False,1025.7
3838075373,68,Masculino,Miami,Alto,5,14.58,Sí,Sí,Vegetariano,Sí,Efectivo,6117,False,False,False,False,72.9
6981881420,79,Masculino,Miami,Bajo,3,18.72,Sí,Sí,Otro,No,App,1166,False,False,False,True,56.16
1198514136,21,Femenino,Miami,Muy Alto,7,89.5,No,Sí,Otro,Sí,Efectivo,14695,False,False,False,False,626.5
1962967421,79,Masculino,Miami,Alto,5,38.13,Sí,No,Mariscos,No,Tarjeta,7494,False,False,False,False,190.65
2135533885,74,Masculino,Miami,Alto,5,31.85,Sí,Sí,Vegetariano,Sí,Efectivo,5453,False,False,False,False,159.25
2299845644,72,Femenino,Miami,Alto,5,37.43,No,Sí,Mariscos,No,Efectivo,5829,False,True,False,False,187.15
4816353788,56,Femenino,Miami,Bajo,2,10.54,No,Sí,Vegetariano,No,Efectivo,1206,False,False,False,False,21.08
7485836860,53,Femenino,Miami,Medio,4,33.3,Sí,Sí,Pescado,No,Tarjeta,2451,False,False,False,False,133.2
5433933287,40,Femenino,Miami,Alto,4,61.92,Sí,No,Mariscos,No,Tarjeta,5704,False,False,False,False,247.68
6645549332,46,Masculino,Miami,Alto,5,48.14,Sí,Sí,Otro,Sí,App,8255,False,False,False,True,240.7
3577335953,38,Masculino,Miami,Muy Alto,8,95.02,Sí,Sí,Mariscos,Sí,Tarjeta,15408,False,False,False,False,760.16
5656189955,79,Masculino,Miami,Medio,2,22.23,Sí,No,Otro,No,App,1732,False,False,False,False,44.46
9547414431,68,Femenino,Miami,Muy Alto,6,20.14,Sí,Sí,Pescado,Sí,Efectivo,17767,False,False,False,False,120.84
4339878973,67,Femenino,Miami,Alto,6,23.42,Sí,No,Pescado,No,App,3853,False,False,False,False,140.52
2801974834,68,Masculino,Miami,Muy Alto,10,19.54,Sí,Sí,Mariscos,Sí,App,17409,False,False,False,False,195.4
9167003106,47,Masculino,Miami,Muy Alto,8,53.95,Sí,Sí,Mariscos,Sí,Efectivo,17446,False,False,False,False,431.6
7025771846,27,Masculino,Miami,Muy Alto,9,57.04,No,Sí,Otro,Sí,Efectivo,11573,False,False,False,False,513.36
4993808565,28,Masculino,Miami,Alto,6,65.29,Sí,Sí,Carnes,Sí,Tarjeta,7591,False,False,False,False,391.74
5739471607,24,Femenino,Miami,Bajo,2,22.34,Sí,No,Carnes,No,App,800,False,False,False,False,44.68
6863881461,59,Masculino,Miami,Muy Alto,7,83.36,No,Sí,Carnes,Sí,Tarjeta,16027,False,False,False,False,583.52
2637300410,26,Femenino,Miami,Bajo,2,21.0,Sí,Sí,Mariscos,No,Efectivo,1221,False,False,False,False,42.0
6932599814,65,Femenino,Miami,Bajo,0,0.0,Sí,Sí,Vegetariano,No,App,818,False,False,False,False,0.0
8303158454,33,Femenino,Miami,Alto,6,24.34,Sí,Sí,Carnes,No,Tarjeta,4562,False,False,False,False,146.04
3798646432,53,Femenino,Miami,Bajo,2,24.71,No,Sí,Pescado,No,Efectivo,1056,False,False,False,False,49.42
3787281376,56,Femenino,Miami,Medio,3,14.17,No,Sí,Otro,No,Efectivo,2717,False,False,False,False,42.51
7394745338,50,Femenino,Miami,Bajo,3,15.25,Sí,Sí,Mariscos,No,Tarjeta,1481,False,False,False,False,45.75
6047492786,69,Masculino,Miami,Muy Alto,7,65.66,No,No,Vegano,Sí,Efectivo,15853,False,False,False,False,459.62
8324857808,19,Masculino,Miami,Medio,3,27.33,Sí,Sí,Vegano,No,Efectivo,2574,True,False,False,False,81.99
4314172194,66,Masculino,Miami,Alto,4,37.84,Sí,Sí,Vegano,No,Efectivo,4455,False,False,False,False,151.36
2547350680,18,Masculino,Miami,Alto,5,37.43,No,Sí,Vegano,Sí,App,5070,False,True,False,False,187.15
4255573323,79,Femenino,Miami,Alto,5,66.41,No,No,Vegetariano,Sí,Efectivo,7290,False,False,False,False,332.05
6907438144,63,Femenino,Miami,Bajo,0,0.0,Sí,Sí,Pescado,No,Tarjeta,1297,False,False,False,False,0.0
2679985366,79,Femenino,Miami,Alto,6,34.22,Sí,No,Otro,Sí,Efectivo,4235,False,False,False,False,205.32
2723854191,78,Femenino,Miami,Alto,6,32.26,Sí,Sí,Otro,Sí,Efectivo,5975,False,False,False,False,193.56
4712071179,72,Masculino,Miami,Medio,4,14.75,Sí,Sí,Vegetariano,Sí,App,3110,False,False,False,False,59.0
3503525674,74,Femenino,Miami,Bajo,0,0.0,No,No,Otro,No,App,996,False,False,False,False,0.0
6217560973,79,Femenino,Miami,Medio,2,19.83,No,No,Mariscos,No,App,2589,False,False,False,False,39.66
3475678519,38,Masculino,Miami,Alto,4,55.14,No,Sí,Mariscos,Sí,App,5211,False,False,False,False,220.56
7190276026,72,Femenino,Miami,Muy Alto,7,33.2,No,No,Vegetariano,Sí,Efectivo,14008,False,False,False,False,232.4
2459727075,18,Femenino,Miami,Medio,5,17.7,Sí,No,Carnes,No,Tarjeta,1634,False,False,False,False,88.5
9007189787,56,Masculino,Miami,Alto,4,32.13,No,No,Carnes,Sí,Criptomoneda,6228,False,False,False,False,128.52
7351729182,27,Masculino,Miami,Muy Alto,10,35.62,No,Sí,Otro,Sí,Efectivo,13041,False,False,False,False,356.2
5493962474,63,Masculino,Miami,Alto,6,64.23,Sí,Sí,Mariscos,Sí,Efectivo,5867,False,False,False,False,385.38
1517459082,78,Masculino,Miami,Alto,5,57.4,Sí,No,Mariscos,Sí,App,6092,False,False,False,False,287.0
6578227337,64,Femenino,Miami,Alto,6,22.5,No,No,Vegano,Sí,Tarjeta,8461,False,False,False,False,135.0
4771612502,74,Masculino,Miami,Medio,3,24.45,No,No,Vegetariano,No,App,1728,False,False,False,False,73.35
8036777259,46,Femenino,Miami,Muy Alto,5,21.44,Sí,No,Vegano,Sí,Tarjeta,16444,False,False,False,False,107.2
8958743153,63,Femenino,Miami,Alto,4,22.55,Sí,No,Pescado,Sí,App,5116,False,False,False,False,90.2
4771621676,19,Masculino,Miami,Medio,2,26.87,Sí,Sí,Pescado,No,App,3242,False,False,False,False,53.74
1296759860,57,Masculino,Miami,Bajo,0,0.0,No,Sí,Carnes,No,App,1166,False,False,False,False,0.0
5165132643,71,Femenino,Miami,Alto,4,53.97,No,Sí,Otro,Sí,App,7219,False,False,False,True,215.88
3567900251,28,Femenino,Miami,Alto,6,37.97,Sí,Sí,Vegano,No,App,7972,False,False,False,False,227.82
8046823725,73,Femenino,Miami,Medio,5,31.77,Sí,No,Vegetariano,No,App,2411,False,False,False,False,158.85
1379791622,63,Femenino,Miami,Medio,5,18.45,No,Sí,Mariscos,No,Tarjeta,2971,False,False,False,False,92.25
1127237194,41,Femenino,Miami,Alto,5,69.23,No,No,Vegetariano,No,Efectivo,8393,False,False,False,False,346.15
6918306353,75,Femenino,Miami,Muy Alto,6,111.44,No,Sí,Mariscos,Sí,Tarjeta,17390,False,False,False,False,668.64
1496205349,50,Masculino,Miami,Alto,4,68.39,Sí,No,Vegano,Sí,Tarjeta,7012,False,False,False,False,273.56
6466941890,31,Masculino,Miami,Bajo,2,19.25,No,Sí,Otro,No,Efectivo,1540,False,False,False,False,38.5
7727215473,48,Masculino,Miami,Medio,5,39.78,No,No,Carnes,No,Tarjeta,3346,False,False,False,False,198.9
1664540814,24,Femenino,Miami,Bajo,0,0.0,No,Sí,Mariscos,No,Efectivo,892,False,False,False,False,0.0
7286821862,26,Masculino,Miami,Alto,4,33.52,No,Sí,Vegetariano,Sí,App,6767,False,False,False,False,134.08
3553595691,30,Masculino,Miami,Alto,4,37.43,No,Sí,Mariscos,No,Tarjeta,8471,False,True,False,False,149.72
1793743692,34,Masculino,Miami,Alto,6,37.29,Sí,No,Vegetariano,Sí,Tarjeta,4285,False,False,False,False,223.74
3011708504,72,Masculino,Miami,Medio,5,31.1,Sí,No,Vegetariano,No,Tarjeta,3158,False,False,False,False,155.5
2121474030,63,Masculino,Miami,Medio,5,11.18,Sí,Sí,Vegano,No,App,2939,False,False,False,False,55.9
6101516825,25,Masculino,Miami,Medio,5,10.89,Sí,No,Pescado,Sí,Efectivo,3454,False,False,False,False,54.45
3351680375,35,Masculino,Miami,Alto,4,56.96,Sí,Sí,Vegano,Sí,Efectivo,7043,False,False,False,False,227.84
8891278070,77,Femenino,Miami,Medio,4,22.84,No,No,Mariscos,No,Efectivo,1839,False,False,False,False,91.36
2814444204,77,Femenino,Miami,Alto,4,20.37,No,No,Carnes,No,Criptomoneda,7460,False,False,False,False,81.48
8792450228,27,Masculino,Miami,Muy Alto,5,92.16,Sí,Sí,Carnes,Sí,Tarjeta,16382,False,False,False,False,460.8
3418778312,59,Femenino,Miami,Medio,5,20.05,No,Sí,Pescado,No,Efectivo,3320,False,False,False,False,100.25
2635881694,51,Femenino,Miami,Bajo,2,24.39,Sí,No,Vegetariano,No,App,1324,False,False,False,False,48.78
8734572343,50,Femenino,Miami,Alto,6,13.87,No,Sí,Mariscos,Sí,Tarjeta,7750,False,False,False,False,83.22
4056622992,24,Masculino,Miami,Alto,5,61.48,No,Sí,Pescado,No,Efectivo,7514,False,False,False,False,307.4
6943760313,33,Femenino,Miami,Muy Alto,9,98.36,Sí,Sí,Otro,Sí,Tarjeta,13168,False,False,False,False,885.24
9301470171,45,Femenino,Miami,Alto,5,26.51,No,No,Vegetariano,Sí,Efectivo,5146,False,False,False,False,132.55
3809921940,43,Masculino,Miami,Medio,5,36.77,No,Sí,Mariscos,Sí,Tarjeta,1825,False,False,False,False,183.85
6618081021,29,Femenino,Miami,Alto,6,52.76,Sí,Sí,Vegetariano,Sí,Efectivo,4193,False,False,False,False,316.56
6389309985,68,Masculino,Miami,Alto,6,53.68,Sí,Sí,Otro,Sí,Efectivo,3653,False,False,False,False,322.08
6018432546,48,Masculino,Miami,Alto,4,44.17,Sí,No,Carnes,No,Tarjeta,8953,False,False,False,False,176.68
6091860322,37,Masculino,Miami,Medio,5,11.8,Sí,No,Mariscos,Sí,Efectivo,2344,False,False,False,False,59.0
1012197906,77,Femenino,Miami,Muy Alto,7,88.34,Sí,Sí,Pescado,Sí,Tarjeta,17198,False,False,False,False,618.38
3114109223,27,Masculino,Miami,Medio,4,21.7,Sí,Sí,Vegano,No,App,1832,False,False,False,False,86.8
1194765641,39,Femenino,Miami,Medio,4,38.06,Sí,No,Pescado,No,Efectivo,1813,False,False,False,False,152.24
9480407616,71,Masculino,Miami,Medio,5,28.27,No,Sí,Mariscos,No,Efectivo,1753,False,False,False,False,141.35
8742736302,40,Masculino,Miami,Medio,3,11.11,No,No,Otro,No,Tarjeta,1787,True,False,False,False,33.33
6387158304,76,Femenino,Miami,Muy Alto,5,72.53,No,No,Mariscos,Sí,Efectivo,10050,False,False,False,False,362.65
3343459102,43,Masculino,Miami,Alto,6,65.58,Sí,No,Vegetariano,Sí,Tarjeta,8524,False,False,False,False,393.48
3461927364,63,Masculino,Miami,Alto,6,30.52,Sí,Sí,Carnes,Sí,Efectivo,4976,False,False,False,False,183.12
1708587371,66,Femenino,Miami,Medio,4,37.04,No,No,Otro,No,Tarjeta,3229,False,False,False,True,148.16
3733608771,63,Femenino,Miami,Alto,6,55.88,No,Sí,Mariscos,Sí,Efectivo,6320,False,False,False,False,335.28
5227881532,61,Masculino,Miami,Muy Alto,10,13.07,No,Sí,Vegetariano,Sí,Efectivo,10658,False,False,False,False,130.7
2850751197,71,Masculino,Miami,Muy Alto,9,117.54,Sí,Sí,Vegetariano,Sí,Efectivo,12752,False,False,False,False,1057.86
1815493684,25,Femenino,Miami,Bajo,2,23.07,Sí,Sí,Vegetariano,No,App,876,False,False,False,False,46.14
6338361182,40,Masculino,Miami,Medio,4,11.89,Sí,No,Mariscos,No,Tarjeta,3118,False,False,False,False,47.56
5479652535,45,Masculino,Miami,Alto,6,31.61,No,Sí,Otro,Sí,Efectivo,8150,False,False,False,False,189.66
6491417851,54,Femenino,Miami,Medio,2,33.55,Sí,Sí,Carnes,No,Tarjeta,2868,False,False,False,False,67.1
6923206003,80,Masculino,Miami,Muy Alto,6,14.32,Sí,No,Mariscos,Sí,Tarjeta,17168,False,False,False,False,85.92
4374454221,38,Femenino,Miami,Medio,3,18.26,Sí,Sí,Carnes,Sí,Efectivo,2112,False,False,False,False,54.78
3147235330,60,Femenino,Miami,Alto,6,49.46,Sí,Sí,Pescado,No,App,7993,False,False,False,False,296.76
6528427385,22,Femenino,Miami,Medio,3,22.77,Sí,Sí,Vegetariano,Sí,Efectivo,1756,False,False,False,False,68.31
8343673113,58,Masculino,Miami,Alto,5,23.28,No,No,Vegetariano,No,Efectivo,6900,False,False,False,False,116.4
9595552216,56,Femenino,Miami,Alto,5,51.15,Sí,Sí,Mariscos,Sí,Efectivo,7659,True,False,False,False,255.75
7033817459,26,Femenino,Miami,Alto,4,53.68,Sí,Sí,Vegano,Sí,App,6071,False,False,False,False,214.72
9749017610,42,Masculino,Miami,Bajo,3,17.61,Sí,No,Pescado,No,App,1438,False,False,False,False,52.83
2850707619,34,Femenino,Miami,Alto,5,50.44,Sí,Sí,Vegano,Sí,App,5556,False,False,False,False,252.2
2112360922,46,Masculino,Miami,Alto,5,67.02,No,No,Vegano,No,Efectivo,8944,False,False,False,False,335.1
3899580938,43,Masculino,Miami,Medio,3,28.43,Sí,Sí,Mariscos,No,Tarjeta,3491,False,False,False,False,85.29
6830328486,67,Femenino,Miami,Alto,5,40.3,Sí,No,Vegano,No,App,4987,True,False,False,False,201.5
7153186561,24,Masculino,Miami,Alto,5,60.4,Sí,Sí,Vegetariano,Sí,App,3751,False,False,False,False,302.0
5725796546,19,Femenino,Miami,Bajo,0,0.0,Sí,Sí,Vegetariano,No,App,1233,False,False,False,False,0.0
9089926693,52,Femenino,Miami,Medio,4,14.62,Sí,Sí,Otro,Sí,Efectivo,2287,False,False,False,False,58.48
2374111231,29,Masculino,Miami,Alto,6,68.7,Sí,Sí,Vegano,Sí,Efectivo,3853,False,False,False,False,412.2
4538242462,47,Femenino,Miami,Alto,4,12.57,No,Sí,Vegano,Sí,Tarjeta,8235,False,False,False,False,50.28
8067314364,50,Masculino,Miami,Alto,4,61.61,No,Sí,Vegano,No,App,5756,False,False,False,False,246.44
7162206659,67,Masculino,Miami,Alto,6,19.17,Sí,Sí,Vegano,No,Tarjeta,5485,False,False,False,False,115.02
7810017952,74,Femenino,Miami,Bajo,0,0.0,No,No,Vegano,No,App,1031,False,False,False,False,0.0
9727151474,67,Femenino,Miami,Medio,2,33.97,Sí,Sí,Otro,No,Tarjeta,2926,False,False,False,True,67.94
6951042696,70,Masculino,Miami,Muy Alto,9,114.0,No,Sí,Pescado,Sí,Efectivo,16975,False,False,False,False,1026.0
6120431130,66,Masculino,Miami,Medio,4,23.08,No,No,Carnes,No,Efectivo,2926,False,False,False,False,92.32
3821883313,70,Masculino,Miami,Alto,4,46.77,No,Sí,Carnes,No,Tarjeta,7975,False,False,False,False,187.08
6653651046,44,Masculino,Miami,Medio,3,23.02,No,Sí,Mariscos,No,Efectivo,3465,False,False,False,False,69.06
6178343325,24,Masculino,Miami,Medio,5,29.51,Sí,Sí,Vegetariano,No,Tarjeta,3374,False,False,False,False,147.55
6329433466,19,Masculino,Miami,Alto,4,41.52,No,Sí,Mariscos,Sí,Efectivo,7411,False,False,False,False,166.08
1055254339,50,Femenino,Miami,Bajo,3,24.84,No,Sí,Vegetariano,No,App,1098,False,False,False,False,74.52
2732553940,73,Femenino,Miami,Muy Alto,8,101.98,No,No,Otro,Sí,Tarjeta,9036,False,False,False,False,815.84
5668116847,22,Masculino,Miami,Muy Alto,8,26.94,No,Sí,Mariscos,Sí,Efectivo,12797,False,False,False,False,215.52
1196716790,32,Femenino,Miami,Muy Alto,7,99.52,No,Sí,Carnes,Sí,Tarjeta,17734,True,False,False,False,696.64
8630161762,77,Femenino,Miami,Bajo,1,16.47,No,Sí,Mariscos,No,Efectivo,814,False,False,False,False,16.47
4148132768,42,Femenino,Miami,Medio,4,21.46,Sí,No,Mariscos,Sí,Tarjeta,1912,False,False,False,False,85.84
3528092810,76,Masculino,Miami,Bajo,3,14.58,No,Sí,Pescado,No,Efectivo,1116,False,False,False,False,43.74
8204405260,30,Femenino,Miami,Alto,4,25.72,Sí,Sí,Vegano,No,App,4565,False,False,False,False,102.88
3313993297,59,Masculino,Miami,Bajo,2,15.83,Sí,Sí,Mariscos,No,Tarjeta,998,False,False,False,False,31.66
4067961943,51,Masculino,Miami,Medio,5,16.86,Sí,Sí,Vegetariano,No,Efectivo,2761,False,False,False,False,84.3
2283621339,68,Masculino,Miami,Muy Alto,6,40.72,No,Sí,Carnes,Sí,App,16117,False,False,False,False,244.32
4200605355,52,Femenino,Miami,Muy Alto,5,63.38,No,Sí,Mariscos,Sí,Efectivo,14384,False,True,False,False,316.9
1446362270,44,Femenino,Miami,Alto,6,57.55,No,No,Carnes,Sí,Tarjeta,3594,False,False,False,False,345.3
6689568476,44,Femenino,Miami,Medio,3,15.78,No,Sí,Mariscos,Sí,Efectivo,1694,False,False,False,False,47.34
6063216381,63,Femenino,Miami,Alto,5,27.69,No,Sí,Vegano,Sí,App,3853,False,False,False,False,138.45
9307926537,68,Femenino,Miami,Medio,2,19.72,No,No,Mariscos,No,Tarjeta,2431,False,False,False,False,39.44
7223659197,40,Masculino,Miami,Alto,4,30.07,Sí,Sí,Carnes,Sí,Tarjeta,6243,False,False,False,False,120.28
9591081048,76,Femenino,Miami,Medio,3,38.36,Sí,No,Vegetariano,No,Tarjeta,3190,True,False,False,False,115.08
3170159545,59,Femenino,Miami,Medio,4,11.52,No,No,Otro,No,Tarjeta,2873,False,False,False,False,46.08
6399512156,44,Masculino,Miami,Alto,4,13.61,No,No,Vegano,Sí,Tarjeta,8368,False,False,False,False,54.44
4712064103,62,Femenino,Miami,Alto,4,59.5,Sí,No,Carnes,Sí,Tarjeta,3921,False,False,False,False,238.0
1202908421,34,Femenino,Miami,Bajo,0,0.0,No,No,Vegetariano,No,Tarjeta,969,False,False,False,False,0.0
1951799860,54,Masculino,Miami,Alto,6,30.15,Sí,No,Otro,Sí,Efectivo,7597,False,False,False,False,180.9
4969217513,18,Masculino,Miami,Muy Alto,9,59.58,Sí,Sí,Mariscos,Sí,App,9398,False,False,False,False,536.22
6962519567,58,Femenino,Miami,Muy Alto,7,62.12,No,Sí,Otro,Sí,App,10438,False,False,False,False,434.84
1634554320,29,Masculino,Miami,Medio,5,25.05,Sí,Sí,Vegetariano,No,App,2719,False,False,False,False,125.25
4261424564,57,Femenino,Miami,Bajo,3,23.58,Sí,No,Carnes,No,Efectivo,1577,False,False,False,False,70.74
8506700404,76,Femenino,Miami,Alto,5,26.82,Sí,Sí,Vegetariano,Sí,Tarjeta,4555,False,False,False,False,134.1
4212617255,35,Masculino,Miami,Medio,2,31.03,No,Sí,Vegetariano,No,Tarjeta,1782,False,False,False,False,62.06
6812033884,56,Masculino,Miami,Alto,6,25.07,Sí,Sí,Vegano,Sí,Tarjeta,4669,False,False,False,False,150.42
8886832331,71,Femenino,Miami,Medio,5,34.87,No,Sí,Carnes,No,Tarjeta,2318,False,False,False,False,174.35
1857728967,68,Femenino,Miami,Muy Alto,9,77.43,No,No,Carnes,Sí,Tarjeta,17874,False,False,False,False,696.87
7399192377,28,Masculino,Miami,Medio,4,31.86,No,Sí,Mariscos,No,Efectivo,2801,False,False,False,False,127.44
7055941464,41,Masculino,Miami,Medio,4,10.4,Sí,No,Vegetariano,No,App,2295,False,False,False,False,41.6
8479764979,44,Masculino,Miami,Medio,5,29.42,Sí,No,Vegetariano,No,Tarjeta,2117,False,False,False,False,147.1
1545714643,61,Masculino,Miami,Alto,5,42.54,No,Sí,Vegetariano,No,Criptomoneda,6660,False,False,False,False,212.7
8211421726,65,Femenino,Miami,Muy Alto,10,33.55,Sí,Sí,Mariscos,Sí,Tarjeta,14426,False,False,False,False,335.5
9367306390,37,Femenino,Miami,Alto,6,51.27,Sí,No,Pescado,Sí,Tarjeta,5307,False,False,False,False,307.62
7191643584,63,Masculino,Miami,Medio,3,31.07,Sí,Sí,Vegetariano,No,Efectivo,2510,False,False,False,False,93.21
8082107065,37,Masculino,Miami,Muy Alto,6,26.27,No,Sí,Carnes,Sí,Efectivo,9199,False,False,False,False,157.62
1931958066,71,Masculino,Miami,Muy Alto,9,33.81,No,No,Vegetariano,Sí,App,16352,False,False,False,False,304.29
1461461303,69,Masculino,Miami,Medio,3,10.23,Sí,No,Vegano,No,Tarjeta,2627,False,False,False,False,30.69
6976163118,72,Femenino,Miami,Medio,3,10.6,No,No,Carnes,Sí,Tarjeta,3386,False,False,False,False,31.8
7340036327,59,Femenino,Miami,Alto,6,53.56,Sí,Sí,Mariscos,Sí,Tarjeta,5148,False,False,False,False,321.36
6677277274,44,Masculino,Miami,Alto,4,44.13,No,Sí,Otro,No,Tarjeta,5786,False,False,False,False,176.52
1034484367,38,Femenino,Miami,Muy Alto,8,91.38,Sí,Sí,Vegano,Sí,Tarjeta,12346,False,False,False,False,731.04
7013064424,41,Masculino,Miami,Alto,5,35.77,No,Sí,Vegetariano,Sí,App,7791,False,False,False,False,178.85
2694016689,48,Masculino,Miami,Muy Alto,7,68.35,Sí,No,Mariscos,Sí,Efectivo,17484,True,False,False,False,478.45
5636930264,42,Masculino,Miami,Alto,5,54.39,No,Sí,Vegetariano,Sí,Tarjeta,7761,True,False,False,False,271.95
8227284120,29,Masculino,Miami,Muy Alto,5,76.02,Sí,Sí,Vegano,Sí,App,10757,False,False,False,False,380.1
4153445097,63,Femenino,Miami,Alto,4,22.5,Sí,Sí,Carnes,Sí,Efectivo,7959,False,False,False,False,90.0
9288425606,33,Masculino,Miami,Muy Alto,7,67.07,Sí,Sí,Otro,Sí,Efectivo,12627,False,False,False,True,469.49
7180569787,49,Femenino,Miami,Medio,5,11.35,Sí,Sí,Carnes,No,App,2675,False,False,False,False,56.75
5991602131,36,Masculino,Miami,Medio,5,19.57,Sí,No,Vegetariano,No,Efectivo,3326,False,False,False,False,97.85
1689758811,21,Femenino,Miami,Medio,5,25.45,No,No,Carnes,No,Efectivo,1692,False,False,False,False,127.25
7619334263,67,Femenino,Miami,Alto,5,26.1,Sí,Sí,Vegano,Sí,App,8539,True,False,False,False,130.5
4906600213,75,Femenino,Miami,Alto,6,29.1,No,No,Vegetariano,Sí,App,6854,False,False,False,False,174.6
1479424113,20,Femenino,Miami,Medio,2,16.77,No,Sí,Mariscos,No,Tarjeta,2172,False,False,False,False,33.54
1360438826,18,Femenino,Miami,Bajo,2,19.49,No,Sí,Pescado,No,Tarjeta,1495,False,False,False,False,38.98
3769288780,23,Masculino,Miami,Muy Alto,9,39.46,Sí,Sí,Mariscos,Sí,App,17763,False,False,False,False,355.14
2644360541,28,Masculino,Miami,Alto,5,13.54,Sí,Sí,Mariscos,No,Efectivo,6276,False,False,False,False,67.7
8959971863,27,Masculino,Miami,Bajo,1,16.39,No,Sí,Carnes,No,Efectivo,1590,False,False,False,False,16.39
3428990394,56,Femenino,Miami,Muy Alto,10,17.98,Sí,Sí,Carnes,Sí,Efectivo,16069,False,False,False,False,179.8
7275874873,77,Masculino,Miami,Medio,4,32.86,No,Sí,Mariscos,No,Tarjeta,2815,False,False,False,False,131.44
5281347687,49,Femenino,Miami,Bajo,1,16.01,Sí,No,Mariscos,No,App,889,False,False,False,False,16.01
1083098789,33,Masculino,Miami,Alto,5,13.7,No,Sí,Mariscos,Sí,Tarjeta,6243,False,False,False,False,68.5
2067661448,47,Masculino,Miami,Medio,2,33.52,No,Sí,Otro,No,Efectivo,3007,False,False,False,False,67.04
4136959706,44,Masculino,Miami,Medio,4,27.65,No,No,Vegetariano,No,Efectivo,2690,False,False,False,False,110.6
1146057273,33,Femenino,Miami,Bajo,1,16.86,Sí,Sí,Carnes,No,Efectivo,1265,False,False,False,False,16.86
9678142922,65,Masculino,Miami,Alto,4,26.91,Sí,No,Vegetariano,Sí,Tarjeta,8104,False,False,False,False,107.64
8089537254,44,Masculino,Miami,Medio,3,28.87,Sí,No,Mariscos,No,Tarjeta,2833,False,False,False,False,86.61
5680123820,77,Femenino,Miami,Medio,2,39.52,Sí,Sí,Mariscos,No,Efectivo,3277,False,False,False,False,79.04
7141853160,40,Femenino,Miami,Muy Alto,10,115.35,Sí,No,Vegetariano,Sí,Tarjeta,11640,False,False,False,False,1153.5
3649230933,33,Masculino,Miami,Medio,2,15.85,Sí,Sí,Pescado,No,App,1869,False,False,False,False,31.7
5231756299,62,Femenino,Miami,Muy Alto,9,23.53,No,Sí,Carnes,Sí,Efectivo,12423,False,False,False,False,211.77
6879662566,78,Masculino,Miami,Alto,6,23.93,Sí,No,Vegetariano,Sí,App,7054,False,False,False,False,143.58
5238596056,27,Masculino,Miami,Bajo,3,15.59,No,No,Vegetariano,No,Efectivo,1066,False,False,False,False,46.77
4165559286,78,Masculino,Miami,Medio,2,11.35,Sí,Sí,Vegetariano,No,Tarjeta,3367,False,False,False,False,22.7
6262691935,77,Femenino,Miami,Bajo,1,22.21,Sí,No,Vegetariano,No,Efectivo,1179,False,False,False,False,22.21
6324395451,44,Femenino,Miami,Alto,5,24.07,Sí,No,Carnes,Sí,Efectivo,5009,False,False,False,False,120.35
3012343864,58,Masculino,Miami,Alto,6,22.73,Sí,Sí,Vegano,Sí,App,8551,False,False,False,False,136.38
8001546148,49,Femenino,Miami,Alto,5,54.82,No,Sí,Carnes,Sí,Tarjeta,6399,False,False,True,False,274.1
2978374833,51,Masculino,Miami,Muy Alto,6,107.4,No,Sí,Mariscos,Sí,App,12832,False,False,False,False,644.4
2463309671,68,Femenino,Miami,Alto,4,43.43,Sí,Sí,Vegetariano,Sí,Tarjeta,8417,False,False,False,False,173.72
9273269847,32,Masculino,Miami,Medio,3,14.57,No,No,Mariscos,Sí,Efectivo,2349,False,False,False,False,43.71
9684647180,54,Femenino,Miami,Medio,3,34.51,No,Sí,Carnes,No,Tarjeta,2125,False,False,False,False,103.53
5572020282,35,Femenino,Miami,Alto,5,44.76,No,No,Vegano,Sí,App,3911,False,False,False,False,223.8
2743576943,26,Masculino,Miami,Alto,4,49.05,No,Sí,Otro,Sí,App,5270,False,False,False,False,196.2
2660164343,80,Femenino,Miami,Medio,5,38.96,Sí,Sí,Vegano,No,App,3473,False,False,False,False,194.8
9447076195,70,Masculino,Miami,Alto,5,61.07,Sí,No,Vegetariano,Sí,Tarjeta,8087,False,False,False,False,305.35
3514333854,44,Femenino,Miami,Muy Alto,10,31.51,Sí,Sí,Mariscos,Sí,Efectivo,10901,False,False,False,False,315.1
3938092502,34,Masculino,Miami,Alto,6,47.97,Sí,Sí,Carnes,No,Efectivo,7976,False,False,False,False,287.82
8301348678,63,Masculino,Miami,Bajo,3,14.05,Sí,No,Otro,No,Tarjeta,1342,False,False,False,False,42.15
7990330134,80,Femenino,Miami,Muy Alto,8,17.43,No,No,Vegetariano,Sí,Tarjeta,10724,False,False,False,False,139.44
1466646453,56,Masculino,Miami,Muy Alto,10,105.61,Sí,Sí,Otro,Sí,App,11465,False,False,False,True,1056.1
3971264908,63,Masculino,Miami,Medio,4,21.36,Sí,Sí,Otro,No,Efectivo,2139,False,False,False,True,85.44
9092557315,35,Femenino,Miami,Alto,4,19.7,Sí,No,Carnes,No,App,3808,False,False,False,False,78.8
4727508608,56,Masculino,Miami,Alto,5,30.76,No,No,Vegano,Sí,Criptomoneda,7652,False,False,False,False,153.8
8495150146,41,Masculino,Miami,Alto,5,34.17,Sí,Sí,Vegano,No,Tarjeta,4782,True,False,False,False,170.85
2484071863,49,Femenino,Miami,Medio,4,24.17,Sí,Sí,Vegano,Sí,Efectivo,2958,False,False,True,False,96.68
6228087604,33,Femenino,Miami,Muy Alto,9,48.34,No,Sí,Mariscos,Sí,Efectivo,17604,False,False,False,False,435.06
7396207192,56,Masculino,Miami,Bajo,3,23.51,No,Sí,Mariscos,No,Efectivo,890,False,False,False,False,70.53
7953126399,34,Femenino,Miami,Medio,4,23.17,No,No,Otro,No,Efectivo,3317,False,False,False,True,92.68
6997230445,31,Masculino,Miami,Medio,3,27.25,Sí,No,Mariscos,No,Efectivo,1846,False,False,False,False,81.75
2895021517,60,Femenino,Miami,Medio,4,26.3,Sí,No,Carnes,No,App,3417,False,False,False,False,105.2
1543768121,47,Masculino,Miami,Alto,5,61.77,No,Sí,Pescado,Sí,App,4348,False,False,False,False,308.85
5556620439,38,Femenino,Miami,Medio,5,23.51,Sí,No,Mariscos,No,Tarjeta,2157,False,False,False,False,117.55
4108869701,38,Femenino,Miami,Alto,5,48.66,Sí,No,Mariscos,No,Tarjeta,3796,False,False,False,False,243.3
1307692154,79,Femenino,Miami,Medio,4,29.31,Sí,Sí,Otro,No,Efectivo,1620,False,False,False,False,117.24
4621777274,39,Masculino,Miami,Medio,5,24.0,Sí,Sí,Vegetariano,No,Tarjeta,1710,False,False,False,False,120.0
5667181604,66,Femenino,Miami,Alto,4,38.87,No,No,Mariscos,No,Efectivo,8990,False,False,False,False,155.48
2431813429,79,Masculino,Miami,Bajo,2,16.05,Sí,Sí,Carnes,No,App,1470,False,False,False,False,32.1
4075977434,43,Masculino,Miami,Muy Alto,10,57.2,No,Sí,Vegetariano,Sí,Efectivo,17586,False,False,False,False,572.0
5537574571,66,Masculino,Miami,Medio,3,28.47,Sí,Sí,Pescado,No,Efectivo,3456,True,False,False,False,85.41
9404625006,68,Masculino,Miami,Medio,2,22.01,Sí,Sí,Mariscos,No,Tarjeta,1630,False,False,False,False,44.02
6709047877,62,Masculino,Miami,Alto,4,54.65,No,Sí,Mariscos,Sí,App,4987,False,False,False,False,218.6
5990749811,18,Femenino,Miami,Medio,4,10.5,Sí,Sí,Vegetariano,No,Efectivo,2553,False,False,False,False,42.0
2009392798,72,Masculino,Miami,Muy Alto,7,94.51,No,No,Vegetariano,Sí,Tarjeta,11063,True,False,False,False,661.57
7833986995,65,Femenino,Miami,Alto,6,13.48,No,Sí,Carnes,Sí,Efectivo,7806,False,False,False,False,80.88
3594344161,77,Masculino,Miami,Alto,5,23.72,No,No,Vegano,No,Tarjeta,7515,False,False,False,False,118.6
4818069861,58,Femenino,Miami,Bajo,1,15.91,No,No,Pescado,No,Tarjeta,911,False,False,False,False,15.91
5751643053,33,Masculino,Miami,Medio,4,28.21,No,No,Mariscos,No,Tarjeta,2715,False,False,False,False,112.84
2674525521,37,Masculino,Miami,Alto,5,68.43,No,No,Otro,No,Efectivo,4971,False,False,False,False,342.15
5724719236,63,Femenino,Miami,Medio,5,33.8,Sí,No,Vegetariano,Sí,Efectivo,1607,False,False,False,False,169.0
7767651174,36,Masculino,Miami,Alto,5,52.96,Sí,Sí,Pescado,Sí,App,8901,False,False,False,False,264.8
3095263820,55,Femenino,Miami,Medio,2,34.6,No,No,Vegetariano,No,Efectivo,2071,False,False,False,False,69.2
2485508711,21,Masculino,Miami,Medio,5,17.92,No,Sí,Vegano,No,Efectivo,2337,False,False,False,False,89.6
8138636081,54,Femenino,Miami,Muy Alto,6,61.19,No,Sí,Carnes,Sí,Tarjeta,9991,False,False,False,False,367.14
1162117256,54,Masculino,Miami,Medio,2,15.55,No,Sí,Pescado,No,Efectivo,2369,False,False,False,False,31.1
2109298879,33,Masculino,Miami,Muy Alto,5,103.59,No,Sí,Otro,Sí,Efectivo,15998,False,False,False,True,517.95
1528441252,42,Masculino,Miami,Medio,2,16.85,No,Sí,Carnes,No,Efectivo,3432,False,False,False,False,33.7
9475587764,35,Femenino,Miami,Alto,4,67.89,Sí,No,Otro,Sí,Tarjeta,6615,False,False,False,False,271.56
8104045986,70,Femenino,Miami,Bajo,3,15.51,No,No,Vegetariano,No,Tarjeta,918,False,False,False,False,46.53
3483827971,62,Masculino,Miami,Alto,5,18.67,Sí,No,Vegetariano,No,Efectivo,8208,False,False,False,False,93.35
7333678472,70,Femenino,Miami,Medio,4,34.28,No,Sí,Mariscos,Sí,Efectivo,2919,False,False,False,False,137.12
4750707607,25,Masculino,Miami,Muy Alto,5,122.72,No,Sí,Pescado,Sí,App,16206,False,False,False,False,613.6
7647930431,72,Femenino,Miami,Alto,6,38.14,Sí,No,Otro,Sí,Tarjeta,5299,False,False,False,True,228.84
9459307364,72,Masculino,Miami,Medio,4,16.79,No,No,Carnes,No,Tarjeta,2917,False,False,False,False,67.16
9301315207,64,Femenino,Miami,Muy Alto,7,63.94,No,Sí,Vegetariano,Sí,App,13182,False,False,False,False,447.58
7211416175,25,Masculino,Miami,Alto,6,10.44,Sí,Sí,Carnes,Sí,Tarjeta,4509,False,False,False,False,62.64
9552990885,55,Masculino,Miami,Alto,6,55.01,No,No,Mariscos,Sí,Efectivo,8963,False,False,False,False,330.06
1506969531,67,Masculino,Miami,Medio,3,26.6,No,No,Vegano,No,Tarjeta,2728,False,False,False,False,79.8
5632470737,44,Masculino,Miami,Medio,3,10.62,No,No,Pescado,No,Tarjeta,3410,True,False,False,False,31.86
2204154538,74,Femenino,Miami,Alto,6,32.66,No,No,Otro,Sí,Efectivo,5301,False,False,False,False,195.96
9785838644,35,Femenino,Miami,Alto,5,20.15,Sí,Sí,Mariscos,Sí,Tarjeta,4219,False,False,False,False,100.75
7936037049,22,Masculino,Miami,Medio,3,18.78,Sí,Sí,Mariscos,Sí,Efectivo,2579,False,False,False,False,56.34
3071618158,79,Masculino,Miami,Medio,4,17.83,No,Sí,Vegetariano,No,Efectivo,2310,False,False,False,False,71.32
7565982311,34,Femenino,Miami,Medio,4,37.65,No,Sí,Vegetariano,No,Efectivo,3441,False,False,False,False,150.6
3755275435,73,Femenino,Miami,Medio,4,14.39,Sí,Sí,Otro,No,Tarjeta,1723,False,False,False,True,57.56
3147351265,21,Femenino,Miami,Muy Alto,7,39.25,No,Sí,Vegetariano,Sí,Efectivo,9377,True,False,False,False,274.75
1946460898,73,Masculino,Miami,Muy Alto,5,105.9,No,No,Carnes,Sí,Tarjeta,14652,False,False,False,False,529.5
3823382703,73,Masculino,Miami,Muy Alto,10,120.82,Sí,No,Otro,Sí,App,10384,False,False,False,False,1208.2
4676035700,74,Femenino,Miami,Muy Alto,8,81.97,No,Sí,Vegetariano,Sí,Tarjeta,16524,False,False,False,False,655.76
7061419749,74,Masculino,Miami,Alto,4,35.19,Sí,Sí,Mariscos,Sí,App,3702,False,False,False,False,140.76
5270878544,53,Masculino,Miami,Medio,5,36.59,No,No,Mariscos,No,Tarjeta,2615,False,False,False,False,182.95
8817035453,41,Masculino,Miami,Bajo,2,18.89,No,No,Mariscos,No,Efectivo,1034,True,False,False,False,37.78
5220094152,25,Femenino,Miami,Bajo,1,11.41,No,Sí,Otro,No,App,1042,False,False,False,False,11.41
2704504090,43,Masculino,Miami,Alto,4,48.02,No,No,Mariscos,No,Efectivo,6644,False,False,False,False,192.08
9379862743,45,Masculino,Miami,Alto,5,68.44,Sí,Sí,Vegetariano,No,App,7687,False,False,False,False,342.2
3618635676,42,Masculino,Miami,Alto,6,15.67,Sí,No,Carnes,Sí,Tarjeta,7135,False,False,False,False,94.02
2238067088,45,Masculino,Miami,Medio,5,35.35,Sí,No,Vegetariano,Sí,Efectivo,3174,False,False,False,False,176.75
1161504159,58,Femenino,Miami,Medio,5,19.1,No,Sí,Pescado,No,Efectivo,2157,False,False,False,False,95.5
9452988778,50,Masculino,Miami,Bajo,2,14.65,Sí,Sí,Mariscos,No,Tarjeta,829,False,False,False,False,29.3
8301681475,38,Femenino,Miami,Alto,5,16.84,Sí,No,Carnes,Sí,Tarjeta,4853,False,False,False,False,84.2
3642464047,35,Femenino,Miami,Bajo,1,15.65,Sí,Sí,Carnes,No,Tarjeta,1243,False,False,False,False,15.65
