id,alias,name,image_url,is_closed,review_count,categories,rating,coordinates,transactions,price,location,phone,display_phone,distance
oxtMfBGmVNE18pFVuw7lFg,fratellino-coral-gables-2,Fratellino,https://s3-media0.fl.yelpcdn.com/bphoto/OPS9ibIzgVyzcJ3ZyNf9IQ/o.jpg,False,1907,"[{'alias': 'italian', 'title': 'Italian'}]",4.8,"{'latitude': 25.74917, 'longitude': -80.26011}","['delivery', 'pickup', 'restaurant_reservation']",$$$,"{'address1': '264 Miracle Mile', 'address2': '', 'address3': '', 'city': 'Coral Gables', 'zip_code': '33134', 'country': 'US', 'state': 'FL', 'display_address': ['264 Miracle Mile', 'Coral Gables, FL 33134']}",17864520068.0,(786) 452-0068,2834.064936518243
K3ukx2e11xTRtYBU01dmrA,salty-flame-miami,Salty Flame,https://s3-media0.fl.yelpcdn.com/bphoto/_6wShTvzfucB5dxFZv4Mpg/o.jpg,False,262,"[{'alias': 'asianfusion', 'title': 'Asian Fusion'}, {'alias': 'steak', 'title': 'Steakhouses'}, {'alias': 'cocktailbars', 'title': 'Cocktail Bars'}]",4.3,"{'latitude': 25.76022, 'longitude': -80.19267}","['delivery', 'pickup']",,"{'address1': '1414 Brickell Ave', 'address2': None, 'address3': '', 'city': 'Miami', 'zip_code': '33131', 'country': 'US', 'state': 'FL', 'display_address': ['1414 Brickell Ave', 'Miami, FL 33131']}",13055638972.0,(305) 563-8972,9568.050891007852
UXHxLN3DcDGI57uDIfCuJA,olds-havana-cuban-bar-and-cocina-miami,Old's Havana Cuban Bar & Cocina,https://s3-media0.fl.yelpcdn.com/bphoto/OyMD-xvBjobfDmDdBs2Jfw/o.jpg,False,3205,"[{'alias': 'cuban', 'title': 'Cuban'}, {'alias': 'bars', 'title': 'Bars'}, {'alias': 'venues', 'title': 'Venues & Event Spaces'}]",4.4,"{'latitude': 25.765607074496565, 'longitude': -80.21921771559332}","['pickup', 'restaurant_reservation']",$$,"{'address1': '1442 SW 8th St', 'address2': '', 'address3': None, 'city': 'Miami', 'zip_code': '33135', 'country': 'US', 'state': 'FL', 'display_address': ['1442 SW 8th St', 'Miami, FL 33135']}",17865182196.0,(786) 518-2196,7038.216305367002
ix8ifP1jQM9ektdVAs19sQ,crazy-about-you-miami-3,Crazy About You,https://s3-media0.fl.yelpcdn.com/bphoto/C8cICmnvi0GRzr4OIwg6vQ/o.jpg,False,2887,"[{'alias': 'mediterranean', 'title': 'Mediterranean'}, {'alias': 'italian', 'title': 'Italian'}, {'alias': 'spanish', 'title': 'Spanish'}]",4.2,"{'latitude': 25.762015277335745, 'longitude': -80.1889859201474}",['delivery'],$$$,"{'address1': '1155 Brickell Bay Dr', 'address2': 'Ste 101', 'address3': '', 'city': 'Miami', 'zip_code': '33131', 'country': 'US', 'state': 'FL', 'display_address': ['1155 Brickell Bay Dr', 'Ste 101', 'Miami, FL 33131']}",13053774442.0,(305) 377-4442,9973.468955482576
ldcAFVFJ1J26n6QiaKPcbA,la-traila-barbecue-miami-2,La Traila Barbecue ,https://s3-media0.fl.yelpcdn.com/bphoto/Su7aQW_bHLy9ytM4gjpppQ/o.jpg,False,42,"[{'alias': 'bbq', 'title': 'Barbeque'}]",4.3,"{'latitude': 25.704948, 'longitude': -80.288191}",[],,"{'address1': '5840 SW 71st St', 'address2': None, 'address3': None, 'city': 'Miami', 'zip_code': '33143', 'country': 'US', 'state': 'FL', 'display_address': ['5840 SW 71st St', 'Miami, FL 33143']}",17866550802.0,(786) 655-0802,5324.12202610397
O4gh_gZPp1zW9QtC1aMHWw,house-of-food-porn-miami-3,House of Food Porn,https://s3-media0.fl.yelpcdn.com/bphoto/YZJP20cFtRP73YEsp69aDA/o.jpg,False,178,"[{'alias': 'sushi', 'title': 'Sushi Bars'}, {'alias': 'asianfusion', 'title': 'Asian Fusion'}, {'alias': 'wine_bars', 'title': 'Wine Bars'}]",4.8,"{'latitude': 25.8326319884545, 'longitude': -80.200107379434}",[],,"{'address1': '197 NW 62nd St', 'address2': None, 'address3': '', 'city': 'Miami', 'zip_code': '33150', 'country': 'US', 'state': 'FL', 'display_address': ['197 NW 62nd St', 'Miami, FL 33150']}",13057880137.0,(305) 788-0137,12507.730930037038
UcVXMO5tiz6wygxbqwr_BQ,the-mexican-miami,The Mexican,https://s3-media0.fl.yelpcdn.com/bphoto/s3OcaAgkZ9lmX2etO_9pKA/o.jpg,False,9,"[{'alias': 'mexican', 'title': 'Mexican'}]",4.9,"{'latitude': 25.766492523532936, 'longitude': -80.18577380223114}",[],,"{'address1': '601 Brickell Key Dr', 'address2': 'Ste 100', 'address3': None, 'city': 'Miami', 'zip_code': '33131', 'country': 'US', 'state': 'FL', 'display_address': ['601 Brickell Key Dr', 'Ste 100', 'Miami, FL 33131']}",,,10354.58290917775
_tiVacKyfWZjOljFenLwVQ,giselle-miami-miami,Giselle Miami,https://s3-media0.fl.yelpcdn.com/bphoto/tMrFekA5lavl0IHHuyVwHg/o.jpg,False,502,"[{'alias': 'mediterranean', 'title': 'Mediterranean'}, {'alias': 'lounges', 'title': 'Lounges'}, {'alias': 'asianfusion', 'title': 'Asian Fusion'}]",4.6,"{'latitude': 25.78496366, 'longitude': -80.19341399}",[],,"{'address1': '15 NE 11th St', 'address2': None, 'address3': '', 'city': 'Miami', 'zip_code': '33132', 'country': 'US', 'state': 'FL', 'display_address': ['15 NE 11th St', 'Miami, FL 33132']}",13053589848.0,(305) 358-9848,10127.920790439312
WqIBKxRUPXH3NqTViAHLxQ,bayshore-club-bar-and-grill-miami,Bayshore Club Bar & Grill,https://s3-media0.fl.yelpcdn.com/bphoto/B7tTbJMlp7Dk6rpE4P3j5Q/o.jpg,False,1044,"[{'alias': 'seafood', 'title': 'Seafood'}, {'alias': 'tradamerican', 'title': 'American'}, {'alias': 'wine_bars', 'title': 'Wine Bars'}]",4.3,"{'latitude': 25.72877375829567, 'longitude': -80.2341624}",[],$$$,"{'address1': '3391 Pan American Dr', 'address2': None, 'address3': None, 'city': 'Miami', 'zip_code': '33133', 'country': 'US', 'state': 'FL', 'display_address': ['3391 Pan American Dr', 'Miami, FL 33133']}",13052091200.0,(305) 209-1200,6023.917796785677
eVhl0Yu1ZRWRD2D1OQGsYg,capriccio-miami-13,Capriccio,https://s3-media0.fl.yelpcdn.com/bphoto/XvLWJxAVk_KVc2Ucr5Lh9A/o.jpg,False,172,"[{'alias': 'italian', 'title': 'Italian'}, {'alias': 'pizza', 'title': 'Pizza'}, {'alias': 'steak', 'title': 'Steakhouses'}]",4.5,"{'latitude': 25.781633128697905, 'longitude': -80.28766177465242}",['restaurant_reservation'],,"{'address1': '5600 Blue Lagoon Dr', 'address2': 'Ste 9', 'address3': '', 'city': 'Miami', 'zip_code': '33126', 'country': 'US', 'state': 'FL', 'display_address': ['5600 Blue Lagoon Dr', 'Ste 9', 'Miami, FL 33126']}",17869365470.0,(786) 936-5470,3203.121202511091
qnCsyyEK01rRdrZgqqSfPA,tastigo-kitchen-miami-3,TastiGo Kitchen,https://s3-media0.fl.yelpcdn.com/bphoto/YqrjQGWXKv1HizUsoKxskQ/o.jpg,False,45,"[{'alias': 'chinese', 'title': 'Chinese'}, {'alias': 'noodles', 'title': 'Noodles'}]",4.6,"{'latitude': 25.740948283984565, 'longitude': -80.23815125226974}",[],,"{'address1': '2770 SW 27th Ave', 'address2': '', 'address3': None, 'city': 'Miami', 'zip_code': '33133', 'country': 'US', 'state': 'FL', 'display_address': ['2770 SW 27th Ave', 'Miami, FL 33133']}",13055308315.0,(305) 530-8315,5169.370063806012
wbxKj8E3ucAvky6DuoQZ8g,chef-allens-farm-to-table-miami,Chef Allen's Farm to Table,https://s3-media0.fl.yelpcdn.com/bphoto/YyKF5ReVYjDkJWJxTbftHw/o.jpg,False,14,"[{'alias': 'vegetarian', 'title': 'Vegetarian'}, {'alias': 'foodstands', 'title': 'Food Stands'}]",4.6,"{'latitude': 25.7869967159839, 'longitude': -80.1891533285379}",[],$$$,"{'address1': '263 NE 13th St', 'address2': '', 'address3': '', 'city': 'Miami', 'zip_code': '33132', 'country': 'US', 'state': 'FL', 'display_address': ['263 NE 13th St', 'Miami, FL 33132']}",,,10606.989207602252
rf9zxndiD2k4hXwBAtQMrQ,kpot-korean-bbq-and-hot-pot-miami-2,KPOT Korean BBQ & Hot Pot,https://s3-media0.fl.yelpcdn.com/bphoto/UQ65jDW_LSIGuMLEdEACYg/o.jpg,False,24,"[{'alias': 'korean', 'title': 'Korean'}, {'alias': 'bbq', 'title': 'Barbeque'}, {'alias': 'hotpot', 'title': 'Hot Pot'}]",4.4,"{'latitude': 25.77196, 'longitude': -80.32905}","['delivery', 'pickup']",,"{'address1': '8255 W Flagler St', 'address2': '', 'address3': None, 'city': 'Miami', 'zip_code': '33144', 'country': 'US', 'state': 'FL', 'display_address': ['8255 W Flagler St', 'Miami, FL 33144']}",17866368137.0,(786) 636-8137,4624.134435770181
hZm7TunlrksQbgS0ssXbUg,versailles-miami-4,Versailles,https://s3-media0.fl.yelpcdn.com/bphoto/q_T1_ShhFe0CuPaNtvzLXQ/o.jpg,False,7023,"[{'alias': 'cuban', 'title': 'Cuban'}, {'alias': 'coffee', 'title': 'Coffee & Tea'}, {'alias': 'sandwiches', 'title': 'Sandwiches'}]",4.0,"{'latitude': 25.765389817507295, 'longitude': -80.25287416592283}","['delivery', 'pickup']",$$,"{'address1': '3555 SW 8th St', 'address2': '', 'address3': '', 'city': 'Miami', 'zip_code': '33135', 'country': 'US', 'state': 'FL', 'display_address': ['3555 SW 8th St', 'Miami, FL 33135']}",13054440240.0,(305) 444-0240,3789.5569842271616
rylo63njAl-oKkvZHgGJbQ,frenchies-coral-gables,Frenchie's,https://s3-media0.fl.yelpcdn.com/bphoto/98tNa5q0up_lySpX_mQJLw/o.jpg,False,269,"[{'alias': 'french', 'title': 'French'}]",4.5,"{'latitude': 25.7477341, 'longitude': -80.2567556}",['delivery'],$$,"{'address1': '2618 Galiano St', 'address2': '', 'address3': '', 'city': 'Coral Gables', 'zip_code': '33134', 'country': 'US', 'state': 'FL', 'display_address': ['2618 Galiano St', 'Coral Gables, FL 33134']}",13054424554.0,(305) 442-4554,3186.925738175723
QQnw1bFxLyamuxn4giIy9g,sufrat-mediterranean-grill-miami-4,Sufrat Mediterranean Grill,https://s3-media0.fl.yelpcdn.com/bphoto/Z5Q7D855uiOO8WKuDn-eGQ/o.jpg,False,154,"[{'alias': 'mediterranean', 'title': 'Mediterranean'}, {'alias': 'greek', 'title': 'Greek'}, {'alias': 'lebanese', 'title': 'Lebanese'}]",4.5,"{'latitude': 25.82001, 'longitude': -80.335628}","['pickup', 'delivery']",$$,"{'address1': '8455 NW 53rd St', 'address2': 'Suite 106', 'address3': '', 'city': 'Miami', 'zip_code': '33166', 'country': 'US', 'state': 'FL', 'display_address': ['8455 NW 53rd St', 'Suite 106', 'Miami, FL 33166']}",13057987278.0,(305) 798-7278,8884.862194544405
4GKmQ1rynV5RUSiaHHenWQ,first-watch-miami-6,First Watch,https://s3-media0.fl.yelpcdn.com/bphoto/FGplZZ2oiPsrlkSl-IvwLA/o.jpg,False,515,"[{'alias': 'breakfast_brunch', 'title': 'Breakfast & Brunch'}, {'alias': 'cafes', 'title': 'Cafes'}, {'alias': 'tradamerican', 'title': 'American'}]",4.0,"{'latitude': 25.77831, 'longitude': -80.29053}",[],$$,"{'address1': '5799 NW 7th St', 'address2': None, 'address3': None, 'city': 'Miami', 'zip_code': '33125', 'country': 'US', 'state': 'FL', 'display_address': ['5799 NW 7th St', 'Miami, FL 33125']}",17866055050.0,(786) 605-5050,2844.225718190066
oiFJpaLxJYO0WzSEhYWmJg,china-spot-miami-miami-2,China Spot Miami,https://s3-media0.fl.yelpcdn.com/bphoto/EW--orGRTd_blT9I8JaKAw/o.jpg,False,1,"[{'alias': 'chinese', 'title': 'Chinese'}]",5.0,"{'latitude': 25.79501109, 'longitude': -80.19422326}",[],,"{'address1': '1900 NE Miami Ct', 'address2': '', 'address3': '', 'city': 'Miami', 'zip_code': '33132', 'country': 'US', 'state': 'FL', 'display_address': ['1900 NE Miami Ct', 'Miami, FL 33132']}",17865708743.0,(786) 570-8743,10500.965895559915
scZfLg-ujWMEOUmFM_Qalg,don-maguey-mexican-restaurant-miami,Don Maguey Mexican Restaurant,https://s3-media0.fl.yelpcdn.com/bphoto/emYsWIbH0iMFabrWd3lClQ/o.jpg,False,309,"[{'alias': 'mexican', 'title': 'Mexican'}]",4.7,"{'latitude': 25.7717682877048, 'longitude': -80.27253760250089}",['pickup'],$$,"{'address1': '4747 W Flagler St', 'address2': '', 'address3': None, 'city': 'Miami', 'zip_code': '33134', 'country': 'US', 'state': 'FL', 'display_address': ['4747 W Flagler St', 'Miami, FL 33134']}",17865585650.0,(786) 558-5650,2616.973588824916
nwY3CmIH75cN85cWBSaOAw,apocalypse-bbq-miami,Apocalypse BBQ,https://s3-media0.fl.yelpcdn.com/bphoto/dnWRHDwSOApEyxPoZZRFLA/o.jpg,False,1161,"[{'alias': 'foodtrucks', 'title': 'Food Trucks'}, {'alias': 'bbq', 'title': 'Barbeque'}, {'alias': 'empanadas', 'title': 'Empanadas'}]",4.4,"{'latitude': 25.68797, 'longitude': -80.3936}",[],$$,"{'address1': '8695 SW 124th Ave', 'address2': '', 'address3': None, 'city': 'Miami', 'zip_code': '33183', 'country': 'US', 'state': 'FL', 'display_address': ['8695 SW 124th Ave', 'Miami, FL 33183']}",,,12797.71127183584
M8dlhbSz62XnqJ4mP64L4w,luca-osteria-coral-gables,Luca Osteria,https://s3-media0.fl.yelpcdn.com/bphoto/J-pEVNICssnR3P5ChSGmng/o.jpg,False,487,"[{'alias': 'italian', 'title': 'Italian'}]",4.5,"{'latitude': 25.751177, 'longitude': -80.257179}",[],$$$,"{'address1': '116 Giralda Ave', 'address2': '', 'address3': None, 'city': 'Coral Gables', 'zip_code': '33134', 'country': 'US', 'state': 'FL', 'display_address': ['116 Giralda Ave', 'Coral Gables, FL 33134']}",13053815097.0,(305) 381-5097,3096.179336655455
JnWk31PtaDGD3JfO9eyVkw,impressions-miami,Impressions,https://s3-media0.fl.yelpcdn.com/bphoto/3YWL3sCTPiHpz7FqOB9aAA/o.jpg,False,12,"[{'alias': 'cafes', 'title': 'Cafes'}]",4.6,"{'latitude': 25.7783409549632, 'longitude': -80.3094483911991}",[],,"{'address1': '711 NW 72nd Ave', 'address2': '', 'address3': None, 'city': 'Miami', 'zip_code': '33126', 'country': 'US', 'state': 'FL', 'display_address': ['711 NW 72nd Ave', 'Miami, FL 33126']}",13052613800.0,(305) 261-3800,3555.120501416882
H2MNMjMwpBjkBMCc-Qo8zg,pierogi-one-miami,Pierogi One,https://s3-media0.fl.yelpcdn.com/bphoto/nq7f-rKBhlxVfgAWREvpTw/o.jpg,False,72,"[{'alias': 'polish', 'title': 'Polish'}, {'alias': 'modern_european', 'title': 'Modern European'}]",4.5,"{'latitude': 25.783782984924677, 'longitude': -80.18993477450881}",[],$$,"{'address1': '990 Biscayne Blvd', 'address2': '', 'address3': '', 'city': 'Miami', 'zip_code': '33132', 'country': 'US', 'state': 'FL', 'display_address': ['990 Biscayne Blvd', 'Miami, FL 33132']}",13053339201.0,(305) 333-9201,10410.544287576484
x5sblzcWHnYCks1IPTBbLg,fuku-coral-gables-2,Fuku,https://s3-media0.fl.yelpcdn.com/bphoto/6w9BpwoswlQM9AW45WAVrw/o.jpg,False,25,"[{'alias': 'salad', 'title': 'Salad'}, {'alias': 'burgers', 'title': 'Burgers'}, {'alias': 'chicken_wings', 'title': 'Chicken Wings'}]",4.3,"{'latitude': 25.749963750771872, 'longitude': -80.2574527431209}","['delivery', 'pickup']",,"{'address1': '135 Miracle Mile', 'address2': '', 'address3': None, 'city': 'Coral Gables', 'zip_code': '33134', 'country': 'US', 'state': 'FL', 'display_address': ['135 Miracle Mile', 'Coral Gables, FL 33134']}",,,3080.96597159808
zUgXGynAq6_VptoNO50IhA,sparrow-italia-miami-4,Sparrow Italia,https://s3-media0.fl.yelpcdn.com/bphoto/ARvaw7p77Cs8PTjFw3J3Yw/o.jpg,False,198,"[{'alias': 'italian', 'title': 'Italian'}]",4.4,"{'latitude': 25.80089918437128, 'longitude': -80.20045189999999}",[],$$$,"{'address1': '255 NW 25th St', 'address2': 'Fl 1', 'address3': '', 'city': 'Miami', 'zip_code': '33127', 'country': 'US', 'state': 'FL', 'display_address': ['255 NW 25th St', 'Fl 1', 'Miami, FL 33127']}",17863225998.0,(786) 322-5998,10271.640964643851
LvBZDGRQMbZsddjnkMIGxg,jass-kitchen-miami,Jass Kitchen,https://s3-media0.fl.yelpcdn.com/bphoto/nANtFHBrp7u2rz5mQ8lpLQ/o.jpg,False,224,"[{'alias': 'wine_bars', 'title': 'Wine Bars'}, {'alias': 'turkish', 'title': 'Turkish'}, {'alias': 'musicvenues', 'title': 'Music Venues'}]",4.6,"{'latitude': 25.81768, 'longitude': -80.1918}","['delivery', 'pickup']",,"{'address1': '190 NE 46th St', 'address2': None, 'address3': '', 'city': 'Miami', 'zip_code': '33137', 'country': 'US', 'state': 'FL', 'display_address': ['190 NE 46th St', 'Miami, FL 33137']}",13056038748.0,(305) 603-8748,12029.05704507397
7SMed4wdXYwkaP287AKO7w,cactus-club-cafe-miami-2,Cactus Club Cafe,https://s3-media0.fl.yelpcdn.com/bphoto/J5axGcxcoEqppel-gpMV9w/o.jpg,False,80,"[{'alias': 'newamerican', 'title': 'New American'}, {'alias': 'lounges', 'title': 'Lounges'}, {'alias': 'cocktailbars', 'title': 'Cocktail Bars'}]",4.4,"{'latitude': 25.772287754385825, 'longitude': -80.18678452019599}",[],,"{'address1': '150-201 S Biscayne Blvd', 'address2': None, 'address3': None, 'city': 'Miami', 'zip_code': '33131', 'country': 'US', 'state': 'FL', 'display_address': ['150-201 S Biscayne Blvd', 'Miami, FL 33131']}",17542894981.0,(754) 289-4981,10369.30635899168
akNp_x88QaQLoIJiuz36gw,sauced-n-loadded-miami,Sauced ‘N Loadded,https://s3-media0.fl.yelpcdn.com/bphoto/rTKOU_2c3Oc14pxWINgtHw/o.jpg,False,2,"[{'alias': 'tradamerican', 'title': 'American'}, {'alias': 'foodtrucks', 'title': 'Food Trucks'}]",5.0,"{'latitude': 25.7994082, 'longitude': -80.2536571}","['delivery', 'pickup']",,"{'address1': '3525 NW 25th St', 'address2': None, 'address3': '', 'city': 'Miami', 'zip_code': '33142', 'country': 'US', 'state': 'FL', 'display_address': ['3525 NW 25th St', 'Miami, FL 33142']}",19172177485.0,(917) 217-7485,6219.8261697636735
SyVrRDKTGgVGNSNAbngxfw,glass-and-vine-miami,Glass & Vine,https://s3-media0.fl.yelpcdn.com/bphoto/tGNMu7uBLgOLFla_0-gWmA/o.jpg,False,1713,"[{'alias': 'newamerican', 'title': 'New American'}, {'alias': 'breakfast_brunch', 'title': 'Breakfast & Brunch'}]",4.1,"{'latitude': 25.72667400000003, 'longitude': -80.24114929999999}","['delivery', 'pickup']",$$,"{'address1': '2820 McFarlane Rd', 'address2': '', 'address3': '', 'city': 'Miami', 'zip_code': '33133', 'country': 'US', 'state': 'FL', 'display_address': ['2820 McFarlane Rd', 'Miami, FL 33133']}",13052005268.0,(305) 200-5268,5525.104885749834
1eto1cFYJ2dNZfIsa6BMZQ,to-be-determined-miami,To Be Determined,https://s3-media0.fl.yelpcdn.com/bphoto/ClWooft3vYjuPn0ki8maKw/o.jpg,False,45,"[{'alias': 'mexican', 'title': 'Mexican'}]",3.9,"{'latitude': 25.74932, 'longitude': -80.24653}",[],,"{'address1': '2240 SW 32nd Ave', 'address2': None, 'address3': '', 'city': 'Miami', 'zip_code': '33145', 'country': 'US', 'state': 'FL', 'display_address': ['2240 SW 32nd Ave', 'Miami, FL 33145']}",,,4173.599920671702
Kh3YwPBPkuykk-WTl-7vlQ,107-taste-miami-18,107 Taste,https://s3-media0.fl.yelpcdn.com/bphoto/fRq3IY-ffLiakel9uuyv9Q/o.jpg,False,257,"[{'alias': 'japanese', 'title': 'Japanese'}, {'alias': 'asianfusion', 'title': 'Asian Fusion'}, {'alias': 'noodles', 'title': 'Noodles'}]",4.6,"{'latitude': 25.75302, 'longitude': -80.26201}",[],$$,"{'address1': '357 Alcazar Ave', 'address2': None, 'address3': '', 'city': 'Miami', 'zip_code': '33134', 'country': 'US', 'state': 'FL', 'display_address': ['357 Alcazar Ave', 'Miami, FL 33134']}",17864096951.0,(786) 409-6951,2611.8259096780107
rkfps2EBXywsxWwACpHVeQ,gordon-ramsay-hells-kitchen-miami-6,Gordon Ramsay Hell's Kitchen,https://s3-media0.fl.yelpcdn.com/bphoto/yAeWgEA-XRtCCEWy1u08VA/o.jpg,False,635,"[{'alias': 'newamerican', 'title': 'New American'}, {'alias': 'steak', 'title': 'Steakhouses'}, {'alias': 'cocktailbars', 'title': 'Cocktail Bars'}]",4.0,"{'latitude': 25.770932364168953, 'longitude': -80.18731559999999}","['delivery', 'pickup']",$$$,"{'address1': '333 Biscayne Blvd Way', 'address2': None, 'address3': '', 'city': 'Miami', 'zip_code': '33131', 'country': 'US', 'state': 'FL', 'display_address': ['333 Biscayne Blvd Way', 'Miami, FL 33131']}",17866880082.0,(786) 688-0082,10286.804360173604
gmDna9f57vWTlSrdrEuVEg,sanguich-miami,Sanguich,https://s3-media0.fl.yelpcdn.com/bphoto/GSYOfiVblSDf68U0wtDsEA/o.jpg,False,1494,"[{'alias': 'cuban', 'title': 'Cuban'}, {'alias': 'sandwiches', 'title': 'Sandwiches'}]",4.5,"{'latitude': 25.76578005893393, 'longitude': -80.2285558}",['delivery'],$$,"{'address1': '2057 SW 8th St', 'address2': '', 'address3': None, 'city': 'Miami', 'zip_code': '33135', 'country': 'US', 'state': 'FL', 'display_address': ['2057 SW 8th St', 'Miami, FL 33135']}",13055390969.0,(305) 539-0969,6129.703156662285
MfkZSdJ0w4-SOLJiEyHU5A,kyu-miami-4,Kyu,https://s3-media0.fl.yelpcdn.com/bphoto/-auEVCckwETTmv3G18ngNA/o.jpg,False,2112,"[{'alias': 'asianfusion', 'title': 'Asian Fusion'}]",4.4,"{'latitude': 25.80089, 'longitude': -80.20017}","['delivery', 'pickup']",$$$,"{'address1': '251 NW 25th St', 'address2': None, 'address3': '', 'city': 'Miami', 'zip_code': '33127', 'country': 'US', 'state': 'FL', 'display_address': ['251 NW 25th St', 'Miami, FL 33127']}",17865770150.0,(786) 577-0150,10294.200789523684
jp8y_UlQW8KE0yAcJ1Jubg,the-fatty-crab-doral-2,The Fatty Crab,https://s3-media0.fl.yelpcdn.com/bphoto/5Wex_U5qaJE6_88WJ0Oarg/o.jpg,False,786,"[{'alias': 'seafood', 'title': 'Seafood'}, {'alias': 'cajun', 'title': 'Cajun/Creole'}, {'alias': 'sportsbars', 'title': 'Sports Bars'}]",4.2,"{'latitude': 25.7932394, 'longitude': -80.3379343}","['delivery', 'restaurant_reservation']",$$,"{'address1': '2000 NW 87th Ave', 'address2': 'Ste 7', 'address3': None, 'city': 'Doral', 'zip_code': '33172', 'country': 'US', 'state': 'FL', 'display_address': ['2000 NW 87th Ave', 'Ste 7', 'Doral, FL 33172']}",17866185183.0,(786) 618-5183,6718.716350078568
Gv5X1-qLTGZbwoz829-Xxg,corona-beach-house-miami,Corona Beach House,https://s3-media0.fl.yelpcdn.com/bphoto/UJjsryAYihbOudXhAa5Tkw/o.jpg,False,904,"[{'alias': 'tradamerican', 'title': 'American'}, {'alias': 'sportsbars', 'title': 'Sports Bars'}, {'alias': 'salad', 'title': 'Salad'}]",4.1,"{'latitude': 25.79127077869221, 'longitude': -80.27358559755169}",[],$$,"{'address1': '2100 NW 42nd Ave', 'address2': '', 'address3': 'South Terminal, Gate J-11, Fl 2', 'city': 'Miami', 'zip_code': '33126', 'country': 'US', 'state': 'FL', 'display_address': ['2100 NW 42nd Ave', 'South Terminal, Gate J-11, Fl 2', 'Miami, FL 33126']}",13058691427.0,(305) 869-1427,4513.285654807797
Blv0tBolGOlOINW6v1Sp-Q,levant-miami,Levant,https://s3-media0.fl.yelpcdn.com/bphoto/Y6RXnzOv2Tx7QRJWJvMRqQ/o.jpg,False,154,"[{'alias': 'mideastern', 'title': 'Middle Eastern'}, {'alias': 'mediterranean', 'title': 'Mediterranean'}, {'alias': 'arabian', 'title': 'Arabic'}]",4.5,"{'latitude': 25.749015, 'longitude': -80.25830500000001}","['pickup', 'delivery']",,"{'address1': '2415 Ponce De Leon', 'address2': None, 'address3': '', 'city': 'Miami', 'zip_code': '33134', 'country': 'US', 'state': 'FL', 'display_address': ['2415 Ponce De Leon', 'Miami, FL 33134']}",17867622905.0,(786) 762-2905,3008.999985156649
mKpixD_BK7TfcdS_gyFRtw,tailwinds-bar-and-grill-miami,Tailwinds Restaurant & Bar,https://s3-media0.fl.yelpcdn.com/bphoto/FT_XZX9q9HadHGooTuoRjQ/o.jpg,False,1,"[{'alias': 'chicken_wings', 'title': 'Chicken Wings'}, {'alias': 'tradamerican', 'title': 'American'}, {'alias': 'cocktailbars', 'title': 'Cocktail Bars'}]",5.0,"{'latitude': 25.78135, 'longitude': -80.26493}",[],,"{'address1': '950 NW LeJeune Rd', 'address2': None, 'address3': None, 'city': 'Miami', 'zip_code': '33126', 'country': 'US', 'state': 'FL', 'display_address': ['950 NW LeJeune Rd', 'Miami, FL 33126']}",13054469000.0,(305) 446-9000,3910.3578140580375
z1UW-zeI50bMEtGKFtrjmA,grails-miami-restaurant-and-sports-bar-miami,Grails Miami - Restaurant & Sports Bar,https://s3-media0.fl.yelpcdn.com/bphoto/Koq92J5vCTql30QT9hKniw/o.jpg,False,777,"[{'alias': 'sportsbars', 'title': 'Sports Bars'}, {'alias': 'newamerican', 'title': 'New American'}, {'alias': 'lounges', 'title': 'Lounges'}]",4.4,"{'latitude': 25.803184, 'longitude': -80.195219}","['delivery', 'pickup']",$$,"{'address1': '2800 N Miami Ave', 'address2': None, 'address3': '', 'city': 'Miami', 'zip_code': '33127', 'country': 'US', 'state': 'FL', 'display_address': ['2800 N Miami Ave', 'Miami, FL 33127']}",17868704313.0,(786) 870-4313,10852.71572211731
EVGPTVYEU65_tvMEBRPIYg,good-chef-restaurant-miami,Good Chef Restaurant,https://s3-media0.fl.yelpcdn.com/bphoto/zFteDUEiE7biYUI7_AdSJg/o.jpg,False,772,"[{'alias': 'asianfusion', 'title': 'Asian Fusion'}, {'alias': 'bubbletea', 'title': 'Bubble Tea'}, {'alias': 'ramen', 'title': 'Ramen'}]",4.7,"{'latitude': 25.767682, 'longitude': -80.368058}","['delivery', 'pickup']",$$,"{'address1': '113 S W 107th Ave', 'address2': None, 'address3': None, 'city': 'Miami', 'zip_code': '33174', 'country': 'US', 'state': 'FL', 'display_address': ['113 S W 107th Ave', 'Miami, FL 33174']}",17867632008.0,(786) 763-2008,8182.141658104949
BvbTEtC1XGQ_QTJB5MQP8w,moshi-moshi-miami-4,Moshi Moshi,https://s3-media0.fl.yelpcdn.com/bphoto/vk-EMHNwWbNCN0b7xa673g/o.jpg,False,650,"[{'alias': 'sushi', 'title': 'Sushi Bars'}, {'alias': 'ramen', 'title': 'Ramen'}, {'alias': 'izakaya', 'title': 'Izakaya'}]",4.0,"{'latitude': 25.76106479853152, 'longitude': -80.2003642}","['pickup', 'delivery']",$$,"{'address1': '1700 SW 3rd Ave', 'address2': None, 'address3': None, 'city': 'Miami', 'zip_code': '33129', 'country': 'US', 'state': 'FL', 'display_address': ['1700 SW 3rd Ave', 'Miami, FL 33129']}",18444666744.0,(844) 466-6744,8829.182078021786
LPVv4wk9gwGlIEdfZJRaHQ,jrk-miami-miami,Jrk!,https://s3-media0.fl.yelpcdn.com/bphoto/nB_I7hx4NhhBv5oYF1tDdA/o.jpg,False,130,"[{'alias': 'caribbean', 'title': 'Caribbean'}]",4.5,"{'latitude': 25.775205782261285, 'longitude': -80.19496699999999}",[],$$,"{'address1': '95 NW 1st St', 'address2': None, 'address3': '', 'city': 'Miami', 'zip_code': '33128', 'country': 'US', 'state': 'FL', 'display_address': ['95 NW 1st St', 'Miami, FL 33128']}",13052904684.0,(305) 290-4684,9647.891842653617
V3btCvWa1flTBYt2YKea_g,bombay-darbar-miami-3,Bombay Darbar,https://s3-media0.fl.yelpcdn.com/bphoto/ZYRyJ1_iTHzLBr37P78vow/o.jpg,False,1715,"[{'alias': 'indpak', 'title': 'Indian'}]",4.5,"{'latitude': 25.72935, 'longitude': -80.240789}","['delivery', 'pickup']",$$,"{'address1': '2901 Florida Ave', 'address2': '', 'address3': '', 'city': 'Miami', 'zip_code': '33133', 'country': 'US', 'state': 'FL', 'display_address': ['2901 Florida Ave', 'Miami, FL 33133']}",13054447272.0,(305) 444-7272,5405.961958481842
0EVWp_KyFdWC9VxJ7Sku1Q,cote-miami-miami-2,COTE Miami,https://s3-media0.fl.yelpcdn.com/bphoto/rdK1JuhS_SRzZJipgwMZRA/o.jpg,False,1013,"[{'alias': 'korean', 'title': 'Korean'}, {'alias': 'steak', 'title': 'Steakhouses'}]",4.5,"{'latitude': 25.812905772091284, 'longitude': -80.19149139999999}",[],$$$$,"{'address1': '3900 NE 2nd Ave', 'address2': None, 'address3': 'Miami Design District', 'city': 'Miami', 'zip_code': '33137', 'country': 'US', 'state': 'FL', 'display_address': ['3900 NE 2nd Ave', 'Miami Design District', 'Miami, FL 33137']}",13054344668.0,(305) 434-4668,11751.444187202473
bphcfZUfxkGUV4l87BCIDg,cove-restaurant-miami,Cove Restaurant,https://s3-media0.fl.yelpcdn.com/bphoto/1OVsBf2-rsRq-mf1xSWZ4w/o.jpg,False,16,"[{'alias': 'hotels', 'title': 'Hotels'}, {'alias': 'restaurants', 'title': 'Restaurants'}]",3.1,"{'latitude': 25.78190324847401, 'longitude': -80.2784943}",[],,"{'address1': '5101 Blue Lagoon Dr', 'address2': '', 'address3': '', 'city': 'Miami', 'zip_code': '33126', 'country': 'US', 'state': 'FL', 'display_address': ['5101 Blue Lagoon Dr', 'Miami, FL 33126']}",13052621000.0,(305) 262-1000,3371.5824519462067
CbEQK2S7axhORTDX0id5FQ,la-carreta-restaurant-miami-4,La Carreta Restaurant,https://s3-media0.fl.yelpcdn.com/bphoto/phjGXo0jlRYXCIepK8yilg/o.jpg,False,747,"[{'alias': 'cuban', 'title': 'Cuban'}]",3.8,"{'latitude': 25.794802728315297, 'longitude': -80.2791273791667}",[],$$,"{'address1': '2100 NW 42nd Ave', 'address2': 'Concourse D-37', 'address3': 'Concourse D-37', 'city': 'Miami', 'zip_code': '33125', 'country': 'US', 'state': 'FL', 'display_address': ['2100 NW 42nd Ave', 'Concourse D-37', 'Concourse D-37', 'Miami, FL 33125']}",13058693003.0,(305) 869-3003,4752.036509851842
NtBdy9oTCc_wqGXionh2IA,namaste-miami-miami,Namaste Miami,https://s3-media0.fl.yelpcdn.com/bphoto/Qk-Su5GaItRztKrbQ88o1g/o.jpg,False,224,"[{'alias': 'indpak', 'title': 'Indian'}]",4.5,"{'latitude': 25.754562, 'longitude': -80.259166}","['delivery', 'pickup']",$$,"{'address1': '221 Navarre Ave Coral Gables', 'address2': None, 'address3': '', 'city': 'Miami', 'zip_code': '33134', 'country': 'US', 'state': 'FL', 'display_address': ['221 Navarre Ave Coral Gables', 'Miami, FL 33134']}",17865342161.0,(786) 534-2161,2897.159805344041
VowIZqzv0qfy-qElp0mu8A,la-terraza-miami-2,La Terraza,https://s3-media0.fl.yelpcdn.com/bphoto/xsEsjfX5HMUkqOpGkzQinA/o.jpg,False,4,"[{'alias': 'venues', 'title': 'Venues & Event Spaces'}, {'alias': 'cuban', 'title': 'Cuban'}, {'alias': 'musicvenues', 'title': 'Music Venues'}]",4.8,"{'latitude': 25.76544454342344, 'longitude': -80.21913947504257}",[],,"{'address1': '1440 SW 8th St', 'address2': None, 'address3': None, 'city': 'Miami', 'zip_code': '33135', 'country': 'US', 'state': 'FL', 'display_address': ['1440 SW 8th St', 'Miami, FL 33135']}",17865782220.0,(786) 578-2220,7042.272932939509
Obt7Njta79-1CNtNwhNXiw,bunbury-miami-3,Bunbury,https://s3-media0.fl.yelpcdn.com/bphoto/uW2ngKV5uCi1mK3QWsv8wQ/o.jpg,False,975,"[{'alias': 'argentine', 'title': 'Argentine'}, {'alias': 'steak', 'title': 'Steakhouses'}, {'alias': 'cocktailbars', 'title': 'Cocktail Bars'}]",4.6,"{'latitude': 25.788458, 'longitude': -80.193363}","['pickup', 'delivery', 'restaurant_reservation']",$$$,"{'address1': '55 NE 14th St', 'address2': '', 'address3': '', 'city': 'Miami', 'zip_code': '33132', 'country': 'US', 'state': 'FL', 'display_address': ['55 NE 14th St', 'Miami, FL 33132']}",13053336929.0,(305) 333-6929,10276.024248591662
QAPNSxiFhcNSdmjM0dD8Tw,lung-yai-thai-tapas-miami,Lung Yai Thai Tapas,https://s3-media0.fl.yelpcdn.com/bphoto/QCCbDBGUuXIODGuYyjQ9hg/o.jpg,False,1812,"[{'alias': 'tapasmallplates', 'title': 'Tapas/Small Plates'}, {'alias': 'thai', 'title': 'Thai'}]",4.0,"{'latitude': 25.76595, 'longitude': -80.22329}","['delivery', 'pickup']",$$,"{'address1': '1731 SW 8th St', 'address2': None, 'address3': '', 'city': 'Miami', 'zip_code': '33135', 'country': 'US', 'state': 'FL', 'display_address': ['1731 SW 8th St', 'Miami, FL 33135']}",17863346262.0,(786) 334-6262,6643.393737663892
Dzk_O70dBXoKcIQQeaOqyw,amor-di-pasta-miami-27,Amor di Pasta,https://s3-media0.fl.yelpcdn.com/bphoto/WxNb-rVGZkH43f_SF80eTA/o.jpg,False,422,"[{'alias': 'italian', 'title': 'Italian'}]",4.3,"{'latitude': 25.776908, 'longitude': -80.288655}","['pickup', 'delivery']",$$,"{'address1': '536 NW 57th Ave', 'address2': '', 'address3': None, 'city': 'Miami', 'zip_code': '33126', 'country': 'US', 'state': 'FL', 'display_address': ['536 NW 57th Ave', 'Miami, FL 33126']}",17866152019.0,(786) 615-2019,2678.158091038152
AsBZ1nQ4cD2wUKrdnFxlgQ,rusty-pelican-miami-key-biscayne-4,Rusty Pelican - Miami,https://s3-media0.fl.yelpcdn.com/bphoto/oW4KWyN47NVt5JDTwyYWUA/o.jpg,False,3102,"[{'alias': 'seafood', 'title': 'Seafood'}, {'alias': 'newamerican', 'title': 'New American'}, {'alias': 'venues', 'title': 'Venues & Event Spaces'}]",3.8,"{'latitude': 25.747874, 'longitude': -80.175607}",[],$$$,"{'address1': '3201 Rickenbacker Cswy', 'address2': '', 'address3': '', 'city': 'Key Biscayne', 'zip_code': '33149', 'country': 'US', 'state': 'FL', 'display_address': ['3201 Rickenbacker Cswy', 'Key Biscayne, FL 33149']}",13053613818.0,(305) 361-3818,11275.015482939489
Q9Xq-w4DhTeGA_csODsMCA,loretta-and-the-butcher-miami,Loretta & The Butcher,https://s3-media0.fl.yelpcdn.com/bphoto/n3vq3FvUYdGveugJxv5jAQ/o.jpg,False,332,"[{'alias': 'argentine', 'title': 'Argentine'}, {'alias': 'breakfast_brunch', 'title': 'Breakfast & Brunch'}, {'alias': 'butcher', 'title': 'Butcher'}]",4.4,"{'latitude': 25.727754, 'longitude': -80.24458}","['pickup', 'delivery']",$$,"{'address1': '3195 Commodore Plz', 'address2': '', 'address3': None, 'city': 'Miami', 'zip_code': '33133', 'country': 'US', 'state': 'FL', 'display_address': ['3195 Commodore Plz', 'Miami, FL 33133']}",17866189982.0,(786) 618-9982,5171.448530484852
iilZWFBmVXh0b9DkYzbERQ,koko-miami-2,Koko,https://s3-media0.fl.yelpcdn.com/bphoto/aWQmoVev6nSQ9_Warlzmzg/o.jpg,False,328,"[{'alias': 'bars', 'title': 'Bars'}, {'alias': 'mexican', 'title': 'Mexican'}]",4.3,"{'latitude': 25.73015, 'longitude': -80.23905}",[],,"{'address1': '2856 Tigertail Ave', 'address2': None, 'address3': None, 'city': 'Miami', 'zip_code': '33133', 'country': 'US', 'state': 'FL', 'display_address': ['2856 Tigertail Ave', 'Miami, FL 33133']}",,,5519.02731019751
fV6YXmRerkHKARygmuaM6A,mofongo-miami-3,Mofongo,https://s3-media0.fl.yelpcdn.com/bphoto/-DezBPdR2tODCZSBLmyFpQ/o.jpg,False,729,"[{'alias': 'puertorican', 'title': 'Puerto Rican'}]",4.1,"{'latitude': 25.765540310028335, 'longitude': -80.22201134856796}","['pickup', 'delivery']",$$,"{'address1': '1672 SW 8th St', 'address2': '', 'address3': None, 'city': 'Miami', 'zip_code': '33135', 'country': 'US', 'state': 'FL', 'display_address': ['1672 SW 8th St', 'Miami, FL 33135']}",17865421645.0,(786) 542-1645,6762.889862193347
8llX2xvJjma2isxeow684A,casa-mariano-doral,Casa Mariano,https://s3-media0.fl.yelpcdn.com/bphoto/vX5Ny9IanRacVCKIwc8RpA/o.jpg,False,151,"[{'alias': 'mediterranean', 'title': 'Mediterranean'}]",4.7,"{'latitude': 25.79779, 'longitude': -80.32954}",[],,"{'address1': '8200 NW 27th St', 'address2': 'Ste 106', 'address3': None, 'city': 'Doral', 'zip_code': '33122', 'country': 'US', 'state': 'FL', 'display_address': ['8200 NW 27th St', 'Ste 106', 'Doral, FL 33122']}",13053920507.0,(305) 392-0507,6499.593740786041
qU4KOnvEyuDKTcRCgofKWw,ava-mediterraegean-miami-4,AVA MediterrAegean Coconut Grove,https://s3-media0.fl.yelpcdn.com/bphoto/HUzB1CEXVyQUKb7AQTJgbA/o.jpg,False,80,"[{'alias': 'mediterranean', 'title': 'Mediterranean'}, {'alias': 'greek', 'title': 'Greek'}]",3.9,"{'latitude': 25.7269438, 'longitude': -80.24058330000001}",[],,"{'address1': '2889 Mcfarlane Rd', 'address2': None, 'address3': '', 'city': 'Miami', 'zip_code': '33133', 'country': 'US', 'state': 'FL', 'display_address': ['2889 Mcfarlane Rd', 'Miami, FL 33133']}",17865402889.0,(786) 540-2889,5557.786408925898
9h9nMMvnINJWMt7TjJtePw,the-taco-stand-miami,The Taco Stand,https://s3-media0.fl.yelpcdn.com/bphoto/iGbc551joYsQdOncWcg23w/o.jpg,False,1727,"[{'alias': 'mexican', 'title': 'Mexican'}]",4.5,"{'latitude': 25.800782252405774, 'longitude': -80.20131579640305}","['pickup', 'delivery']",$$,"{'address1': '313 NW 25th St', 'address2': '', 'address3': None, 'city': 'Miami', 'zip_code': '33127', 'country': 'US', 'state': 'FL', 'display_address': ['313 NW 25th St', 'Miami, FL 33127']}",17865804948.0,(786) 580-4948,10191.067746631868
IkTb-zHxAGNqeEvyTaln4g,certo-italian-restaurant-miami-6,Certo Italian Restaurant,https://s3-media0.fl.yelpcdn.com/bphoto/qs5lSebVuAqwLrkiiJLD8g/o.jpg,False,427,"[{'alias': 'italian', 'title': 'Italian'}, {'alias': 'pizza', 'title': 'Pizza'}, {'alias': 'venues', 'title': 'Venues & Event Spaces'}]",4.7,"{'latitude': 25.75976, 'longitude': -80.28801}","['pickup', 'delivery']",$$,"{'address1': '1200 SW 57th Ave', 'address2': None, 'address3': None, 'city': 'Miami', 'zip_code': '33144', 'country': 'US', 'state': 'FL', 'display_address': ['1200 SW 57th Ave', 'Miami, FL 33144']}",13054563200.0,(305) 456-3200,768.1161759082453
_WzrhI273PHyyBS1oNKwMQ,hillstone-restaurant-coral-gables-2,Hillstone Restaurant,https://s3-media0.fl.yelpcdn.com/bphoto/1c2MveR0Sqap0dluw3DCGg/o.jpg,False,1391,"[{'alias': 'newamerican', 'title': 'New American'}, {'alias': 'sushi', 'title': 'Sushi Bars'}]",3.6,"{'latitude': 25.7499, 'longitude': -80.25892}",['pickup'],$$$,"{'address1': '201 Miracle Mile', 'address2': '', 'address3': '', 'city': 'Coral Gables', 'zip_code': '33134', 'country': 'US', 'state': 'FL', 'display_address': ['201 Miracle Mile', 'Coral Gables, FL 33134']}",13055290141.0,(305) 529-0141,2942.9612560142045
79IaCcuoIGLQ-5jDMWjJLA,dumplings-mi-amor-miami,Dumplings Mi Amor,https://s3-media0.fl.yelpcdn.com/bphoto/BWJHYw5xU-zwgQcS6v-ZGw/o.jpg,False,136,"[{'alias': 'dimsum', 'title': 'Dim Sum'}, {'alias': 'panasian', 'title': 'Pan Asian'}]",4.6,"{'latitude': 25.773030138967897, 'longitude': -80.1901220238637}",[],,"{'address1': '119 SE 2nd Ave', 'address2': '', 'address3': None, 'city': 'Miami', 'zip_code': '33131', 'country': 'US', 'state': 'FL', 'display_address': ['119 SE 2nd Ave', 'Miami, FL 33131']}",,,10060.758930234831
GXUoFGyTH-iSHRO-NG2HZA,naked-farmer-coral-gables-3,Naked Farmer,https://s3-media0.fl.yelpcdn.com/bphoto/h4kKEKRpWrOge6ih5gTJdg/o.jpg,False,145,"[{'alias': 'newamerican', 'title': 'New American'}, {'alias': 'salad', 'title': 'Salad'}, {'alias': 'vegan', 'title': 'Vegan'}]",4.4,"{'latitude': 25.75156, 'longitude': -80.25763}",[],$$,"{'address1': '137 Giralda Ave', 'address2': None, 'address3': '', 'city': 'Coral Gables', 'zip_code': '33134', 'country': 'US', 'state': 'FL', 'display_address': ['137 Giralda Ave', 'Coral Gables, FL 33134']}",13054877327.0,(305) 487-7327,3048.426844220362
RgL7D8-10fJk6aAPz9a0tg,yamashiro-miami-miami-3,Yamashiro Miami,https://s3-media0.fl.yelpcdn.com/bphoto/L0iv8RmAlh39M2soak_t2g/o.jpg,False,71,"[{'alias': 'asianfusion', 'title': 'Asian Fusion'}, {'alias': 'sushi', 'title': 'Sushi Bars'}, {'alias': 'japanese', 'title': 'Japanese'}]",4.2,"{'latitude': 25.78023492307733, 'longitude': -80.19107837435791}",[],,"{'address1': '159 NE 6th St', 'address2': 'Fl 9', 'address3': '', 'city': 'Miami', 'zip_code': '33132', 'country': 'US', 'state': 'FL', 'display_address': ['159 NE 6th St', 'Fl 9', 'Miami, FL 33132']}",17864122791.0,(786) 412-2791,10177.664935229748
osJg1bKN96xGg9rIUsjLGA,amal-miami,Amal,https://s3-media0.fl.yelpcdn.com/bphoto/WwUqXY27XHPYYuVGT2MBbA/o.jpg,False,380,"[{'alias': 'lebanese', 'title': 'Lebanese'}, {'alias': 'mediterranean', 'title': 'Mediterranean'}, {'alias': 'arabian', 'title': 'Arabic'}]",4.1,"{'latitude': 25.72668, 'longitude': -80.24414}",[],$$$,"{'address1': '3480 Main Hwy', 'address2': None, 'address3': '', 'city': 'Miami', 'zip_code': '33133', 'country': 'US', 'state': 'FL', 'display_address': ['3480 Main Hwy', 'Miami, FL 33133']}",17863690846.0,(786) 369-0846,5266.507463358313
wjTfEfdtzFZEbX6t7vC9JQ,casa-juan-restaurant-miami,Casa Juan Restaurant,https://s3-media0.fl.yelpcdn.com/bphoto/nS1YTihMRX5Y87szAZJz7w/o.jpg,False,297,"[{'alias': 'latin', 'title': 'Latin American'}, {'alias': 'cuban', 'title': 'Cuban'}]",3.9,"{'latitude': 25.7781036, 'longitude': -80.2896741}","['pickup', 'delivery']",$$,"{'address1': '5755 NW 7th St', 'address2': '', 'address3': None, 'city': 'Miami', 'zip_code': '33126', 'country': 'US', 'state': 'FL', 'display_address': ['5755 NW 7th St', 'Miami, FL 33126']}",13052657595.0,(305) 265-7595,2928.352215894054
yE9omO1xk19uk9kzmgW9Ew,motek-coral-gables-miami-2,Motek Coral Gables,https://s3-media0.fl.yelpcdn.com/bphoto/ZFvFAEib4_girQi9LbV7dw/o.jpg,False,463,"[{'alias': 'mideastern', 'title': 'Middle Eastern'}, {'alias': 'mediterranean', 'title': 'Mediterranean'}, {'alias': 'sandwiches', 'title': 'Sandwiches'}]",4.3,"{'latitude': 25.75006090457327, 'longitude': -80.2558081319749}","['pickup', 'delivery']",,"{'address1': '45 Miracle Mile', 'address2': '', 'address3': None, 'city': 'Miami', 'zip_code': '33134', 'country': 'US', 'state': 'FL', 'display_address': ['45 Miracle Mile', 'Miami, FL 33134']}",13053968547.0,(305) 396-8547,3243.794299119027
HwP03dX0nrAfhE8xLuMDyw,cane-fire-grille-miami,Cane Fire Grille,https://s3-media0.fl.yelpcdn.com/bphoto/vNiLWI5kKNu0uqpAUwcktA/o.jpg,False,49,"[{'alias': 'latin', 'title': 'Latin American'}, {'alias': 'lounges', 'title': 'Lounges'}, {'alias': 'caribbean', 'title': 'Caribbean'}]",3.3,"{'latitude': 25.783896, 'longitude': -80.2625051}",['delivery'],$$$,"{'address1': '1201 NW Le Jeune Rd', 'address2': 'Bldg A', 'address3': '', 'city': 'Miami', 'zip_code': '33126', 'country': 'US', 'state': 'FL', 'display_address': ['1201 NW Le Jeune Rd', 'Bldg A', 'Miami, FL 33126']}",13055399925.0,(305) 539-9925,4298.532280941346
4YdRkZ1PB6P_FJMu73fsXQ,casa-xabi-miami,Casa Xabi,https://s3-media0.fl.yelpcdn.com/bphoto/SBRp7XDRg45D-53QcDYEhg/o.jpg,False,77,"[{'alias': 'basque', 'title': 'Basque'}, {'alias': 'bars', 'title': 'Bars'}]",4.3,"{'latitude': 25.727513461409316, 'longitude': -80.24442009571662}",[],,"{'address1': '3145 Commodore Plz', 'address2': None, 'address3': '', 'city': 'Miami', 'zip_code': '33133', 'country': 'US', 'state': 'FL', 'display_address': ['3145 Commodore Plz', 'Miami, FL 33133']}",17866415102.0,(786) 641-5102,5198.242021892409
OwF4aaSHwwhLRYmx270qoQ,tacos-el-carnal-miami,Tacos El Carnal,https://s3-media0.fl.yelpcdn.com/bphoto/9XRI60hN-HcnITOFMj5J7w/o.jpg,False,334,"[{'alias': 'tacos', 'title': 'Tacos'}]",4.1,"{'latitude': 25.76231, 'longitude': -80.29583}","['pickup', 'delivery']",$,"{'address1': '6888 W Flagler St', 'address2': '', 'address3': '', 'city': 'Miami', 'zip_code': '33144', 'country': 'US', 'state': 'FL', 'display_address': ['6888 W Flagler St', 'Miami, FL 33144']}",17862034406.0,(786) 203-4406,2731.297250589728
rlPuSzNrVqjxuYAVh1zDPQ,diced-west-miami,Diced,https://s3-media0.fl.yelpcdn.com/bphoto/4DXEd1ICxcsbAn-R1tD5Pw/o.jpg,False,595,"[{'alias': 'hotdogs', 'title': 'Fast Food'}, {'alias': 'salad', 'title': 'Salad'}, {'alias': 'juicebars', 'title': 'Juice Bars & Smoothies'}]",4.4,"{'latitude': 25.748811, 'longitude': -80.30386}","['pickup', 'delivery']",$$,"{'address1': '2342 SW 67th Ave', 'address2': '', 'address3': '', 'city': 'Miami', 'zip_code': '33155', 'country': 'US', 'state': 'FL', 'display_address': ['2342 SW 67th Ave', 'Miami, FL 33155']}",17867732190.0,(786) 773-2190,1645.1519515123885
jnRWB2qPhiIi5jP_-6C1Jw,red-rooster-overtown-miami-2,Red Rooster Overtown,https://s3-media0.fl.yelpcdn.com/bphoto/X7iJIlwBYVnJIgvBjvohyA/o.jpg,False,1067,"[{'alias': 'cocktailbars', 'title': 'Cocktail Bars'}, {'alias': 'newamerican', 'title': 'New American'}, {'alias': 'desserts', 'title': 'Desserts'}]",4.1,"{'latitude': 25.783113432567287, 'longitude': -80.19815214505836}","['pickup', 'delivery']",$$$,"{'address1': '920 NW 2nd Ave', 'address2': '', 'address3': None, 'city': 'Miami', 'zip_code': '33136', 'country': 'US', 'state': 'FL', 'display_address': ['920 NW 2nd Ave', 'Miami, FL 33136']}",13056409880.0,(305) 640-9880,9611.479498772756
Jjifi324EdbrMWSW2-ZcKQ,homa-persian-cuisine-miami,Homa Persian Cuisine,https://s3-media0.fl.yelpcdn.com/bphoto/Tf9Lr5KdZavRWCH7qJNFZg/o.jpg,False,41,"[{'alias': 'persian', 'title': 'Persian/Iranian'}]",4.8,"{'latitude': 25.746275, 'longitude': -80.221992}","['pickup', 'delivery']",,"{'address1': '2490 SW 17th Ave', 'address2': None, 'address3': None, 'city': 'Miami', 'zip_code': '33145', 'country': 'US', 'state': 'FL', 'display_address': ['2490 SW 17th Ave', 'Miami, FL 33145']}",13052522222.0,(305) 252-2222,6654.565051559707
1Blff5gcTYTbsNPA16m8nw,the-bistro-miami,The Bistro,https://s3-media0.fl.yelpcdn.com/bphoto/2hfvkZ823DUaSjDSuMOYZg/o.jpg,False,3,"[{'alias': 'newamerican', 'title': 'New American'}]",4.7,"{'latitude': 25.731428, 'longitude': -80.235954}",[],,"{'address1': '2649 S Bayshore Dr', 'address2': '', 'address3': '', 'city': 'Miami', 'zip_code': '33133', 'country': 'US', 'state': 'FL', 'display_address': ['2649 S Bayshore Dr', 'Miami, FL 33133']}",13058582500.0,(305) 858-2500,5735.512073441376
kIv1SwTV8-v8m67qDFWk1Q,armstrong-jazz-house-coral-gables,Armstrong Jazz House,https://s3-media0.fl.yelpcdn.com/bphoto/dbaFVKeowzk2JDF4TTE6Hw/o.jpg,False,167,"[{'alias': 'jazzandblues', 'title': 'Jazz & Blues'}, {'alias': 'french', 'title': 'French'}, {'alias': 'steak', 'title': 'Steakhouses'}]",4.0,"{'latitude': 25.749767, 'longitude': -80.260205}",['restaurant_reservation'],,"{'address1': '271 Miracle Mile', 'address2': None, 'address3': '', 'city': 'Coral Gables', 'zip_code': '33134', 'country': 'US', 'state': 'FL', 'display_address': ['271 Miracle Mile', 'Coral Gables, FL 33134']}",13054889955.0,(305) 488-9955,2809.844465744993
pUg9rFqeiSIWcWUqri_47w,sixty-vines-miami,Sixty Vines,https://s3-media0.fl.yelpcdn.com/bphoto/gmPkaFydx78xxzRow3C4vQ/o.jpg,False,204,"[{'alias': 'newamerican', 'title': 'New American'}, {'alias': 'breakfast_brunch', 'title': 'Breakfast & Brunch'}, {'alias': 'wine_bars', 'title': 'Wine Bars'}]",4.6,"{'latitude': 25.781526, 'longitude': -80.191181}",[],,"{'address1': '150 NE 8th St.', 'address2': 'Ste 135', 'address3': None, 'city': 'Miami', 'zip_code': '33132', 'country': 'US', 'state': 'FL', 'display_address': ['150 NE 8th St.', 'Ste 135', 'Miami, FL 33132']}",17866077846.0,(786) 607-7846,10209.090967065356
a8ilqHTLFJmFvFMzn_AbRA,la-bodeguita-espanola-miami,La Bodeguita Espanola,https://s3-media0.fl.yelpcdn.com/bphoto/h0e6ZOdzaH3kFfHgtynxIw/o.jpg,False,11,"[{'alias': 'grocery', 'title': 'Grocery'}, {'alias': 'tapasmallplates', 'title': 'Tapas/Small Plates'}, {'alias': 'beer_and_wine', 'title': 'Beer, Wine & Spirits'}]",4.0,"{'latitude': 25.75400676056545, 'longitude': -80.28787136685327}",[],$,"{'address1': '1892 S Red Rd', 'address2': '', 'address3': '', 'city': 'Miami', 'zip_code': '33155', 'country': 'US', 'state': 'FL', 'display_address': ['1892 S Red Rd', 'Miami, FL 33155']}",17868990262.0,(786) 899-0262,132.20277030219702
vjtP6T-uOuF3ZVL88tKhYA,soi-thai-street-food-miami,SOI Thai Street Food,https://s3-media0.fl.yelpcdn.com/bphoto/n-7sxXCkaeFwNgfOl0kQXQ/o.jpg,False,50,"[{'alias': 'thai', 'title': 'Thai'}]",4.8,"{'latitude': 25.7685036, 'longitude': -80.3593149}","['pickup', 'delivery']",,"{'address1': '10016 W Flagler St', 'address2': None, 'address3': '', 'city': 'Miami', 'zip_code': '33174', 'country': 'US', 'state': 'FL', 'display_address': ['10016 W Flagler St', 'Miami, FL 33174']}",17862387813.0,(786) 238-7813,7346.445518491674
u5-HCARN29cYKm-h7Kdurw,carbone-vino-coconut-grove,Carbone Vino,https://s3-media0.fl.yelpcdn.com/bphoto/fF8CWyVSCE-CSDLOJCn8JQ/o.jpg,False,130,"[{'alias': 'italian', 'title': 'Italian'}, {'alias': 'desserts', 'title': 'Desserts'}, {'alias': 'cocktailbars', 'title': 'Cocktail Bars'}]",4.3,"{'latitude': 25.728728226116075, 'longitude': -80.24037108440719}",[],$$$$,"{'address1': '2911 Grand Ave', 'address2': '', 'address3': None, 'city': 'Coconut Grove', 'zip_code': '33133', 'country': 'US', 'state': 'FL', 'display_address': ['2911 Grand Ave', 'Coconut Grove, FL 33133']}",,,5476.164265523064
0FRl-hghB50Gw3CQnasq2Q,braga-portuguese-restaurant-miami,Braga Portuguese Restaurant,https://s3-media0.fl.yelpcdn.com/bphoto/1dW7NRwqtuafcvRd2LBcfg/o.jpg,False,80,"[{'alias': 'portuguese', 'title': 'Portuguese'}]",4.8,"{'latitude': 25.751148301114853, 'longitude': -80.21853935054354}",['delivery'],,"{'address1': '1401 SW 22nd St', 'address2': None, 'address3': '', 'city': 'Miami', 'zip_code': '33145', 'country': 'US', 'state': 'FL', 'display_address': ['1401 SW 22nd St', 'Miami, FL 33145']}",13053920959.0,(305) 392-0959,6964.168673520157
Gx7zWzRfytSEmiz8a7Yw5w,bachour-coral-gables,Bachour,https://s3-media0.fl.yelpcdn.com/bphoto/_h3OWr1PQrYqiHcw2AfSUA/o.jpg,False,915,"[{'alias': 'bakeries', 'title': 'Bakeries'}, {'alias': 'newamerican', 'title': 'New American'}, {'alias': 'comfortfood', 'title': 'Comfort Food'}]",4.4,"{'latitude': 25.7540587, 'longitude': -80.2609892}","['pickup', 'delivery']",$$,"{'address1': '2020 Salzedo St', 'address2': None, 'address3': '', 'city': 'Coral Gables', 'zip_code': '33134', 'country': 'US', 'state': 'FL', 'display_address': ['2020 Salzedo St', 'Coral Gables, FL 33134']}",13052030552.0,(305) 203-0552,2710.0859227404185
6vL6vsYoQ9h1SqDHbgEvrg,the-korean-chef-kendall,The Korean Chef,https://s3-media0.fl.yelpcdn.com/bphoto/vX9h2QvEwl7ryvW4gGzSyA/o.jpg,False,46,"[{'alias': 'korean', 'title': 'Korean'}]",4.5,"{'latitude': 25.68752, 'longitude': -80.363156}",[],,"{'address1': '10471 SW 88th St', 'address2': 'Ste B103', 'address3': '', 'city': 'Kendall', 'zip_code': '33176', 'country': 'US', 'state': 'FL', 'display_address': ['10471 SW 88th St', 'Ste B103', 'Kendall, FL 33176']}",13058498867.0,(305) 849-8867,10470.78963579743
yoqNKeW5kj9flZoI211v5w,pinolandia-miami,Pinolandia,https://s3-media0.fl.yelpcdn.com/bphoto/ts6HWtpxAk3Cq87ptrTdLQ/o.jpg,False,384,"[{'alias': 'latin', 'title': 'Latin American'}, {'alias': 'nicaraguan', 'title': 'Nicaraguan'}]",4.0,"{'latitude': 25.77476, 'longitude': -80.2144299}","['pickup', 'delivery']",$,"{'address1': '119 NW 12th Ave', 'address2': '', 'address3': '', 'city': 'Miami', 'zip_code': '33128', 'country': 'US', 'state': 'FL', 'display_address': ['119 NW 12th Ave', 'Miami, FL 33128']}",13053258663.0,(305) 325-8663,7772.302951549969
XVHNF6zXA1IV052G7x48vA,eating-house-miami-2,Eating House,https://s3-media0.fl.yelpcdn.com/bphoto/uIOdYpX8tznaRYPPFl1Z6w/o.jpg,False,264,"[{'alias': 'beer_and_wine', 'title': 'Beer, Wine & Spirits'}, {'alias': 'tradamerican', 'title': 'American'}, {'alias': 'italian', 'title': 'Italian'}]",4.2,"{'latitude': 25.751223156534692, 'longitude': -80.2574288326405}",[],$$$,"{'address1': '128 Giralda Ave', 'address2': None, 'address3': '', 'city': 'Miami', 'zip_code': '33134', 'country': 'US', 'state': 'FL', 'display_address': ['128 Giralda Ave', 'Miami, FL 33134']}",17865803745.0,(786) 580-3745,3072.021474102637
vpMIsdom05-oOBeF6ajESg,uchi-miami-miami,Uchi Miami,https://s3-media0.fl.yelpcdn.com/bphoto/o2-KIT0wWh_ZPlsAbO8dsw/o.jpg,False,701,"[{'alias': 'japanese', 'title': 'Japanese'}]",4.7,"{'latitude': 25.800591299540915, 'longitude': -80.20051500855185}",[],$$$,"{'address1': '252 NW 25th St', 'address2': None, 'address3': None, 'city': 'Miami', 'zip_code': '33127', 'country': 'US', 'state': 'FL', 'display_address': ['252 NW 25th St', 'Miami, FL 33127']}",13059950915.0,(305) 995-0915,10248.472111465637
nTsEr_CQqsA8zwLV4kT5nA,cafe-la-trova-miami,Cafe La Trova,https://s3-media0.fl.yelpcdn.com/bphoto/CJenu6bLjLVjVwcSYc-CxQ/o.jpg,False,1295,"[{'alias': 'cocktailbars', 'title': 'Cocktail Bars'}, {'alias': 'cuban', 'title': 'Cuban'}, {'alias': 'venues', 'title': 'Venues & Event Spaces'}]",4.4,"{'latitude': 25.7662659, 'longitude': -80.21063}","['pickup', 'delivery']",$$$,"{'address1': '971 SW 8th St', 'address2': '', 'address3': None, 'city': 'Miami', 'zip_code': '33130', 'country': 'US', 'state': 'FL', 'display_address': ['971 SW 8th St', 'Miami, FL 33130']}",17866154379.0,(786) 615-4379,7895.952565491261
hZ66PVSH6Miscv2n8KxAEg,greenstreet-cafe-miami-3,Greenstreet Cafe,https://s3-media0.fl.yelpcdn.com/bphoto/wysPsG5K-r398GmzMUeYdg/o.jpg,False,2681,"[{'alias': 'breakfast_brunch', 'title': 'Breakfast & Brunch'}, {'alias': 'tradamerican', 'title': 'American'}, {'alias': 'cocktailbars', 'title': 'Cocktail Bars'}]",4.2,"{'latitude': 25.72676, 'longitude': -80.24405}",['delivery'],$$,"{'address1': '3468 Main Hwy', 'address2': '', 'address3': '', 'city': 'Miami', 'zip_code': '33133', 'country': 'US', 'state': 'FL', 'display_address': ['3468 Main Hwy', 'Miami, FL 33133']}",13054440244.0,(305) 444-0244,5273.470340485704
SsIMtruy7PQXZZQx3Fs0vA,cafe-versailles-miami,Cafe Versailles,https://s3-media0.fl.yelpcdn.com/bphoto/n5ES9yCFhLjOzydHfKDAKw/o.jpg,False,417,"[{'alias': 'cuban', 'title': 'Cuban'}, {'alias': 'cafes', 'title': 'Cafes'}]",3.9,"{'latitude': 25.76507444085303, 'longitude': -80.25282474353001}",[],$,"{'address1': '3555 SW 8th St', 'address2': '', 'address3': '', 'city': 'Miami', 'zip_code': '33135', 'country': 'US', 'state': 'FL', 'display_address': ['3555 SW 8th St', 'Miami, FL 33135']}",13054412500.0,(305) 441-2500,3781.393966824152
MxtjG2Oln03fQPbCkYPt5g,la-patagonia-argentina-miami,La Patagonia Argentina,https://s3-media0.fl.yelpcdn.com/bphoto/cIY-25l6C-xrflf7JRr2cg/o.jpg,False,434,"[{'alias': 'latin', 'title': 'Latin American'}, {'alias': 'argentine', 'title': 'Argentine'}]",4.2,"{'latitude': 25.778542, 'longitude': -80.274011}",['delivery'],$$,"{'address1': '4802 NW 7th St', 'address2': '', 'address3': '', 'city': 'Miami', 'zip_code': '33126', 'country': 'US', 'state': 'FL', 'display_address': ['4802 NW 7th St', 'Miami, FL 33126']}",13054431668.0,(305) 443-1668,3186.1430631376907
R_sFcN9xECj1bIYFkTIhcQ,the-biltmore-brunch-coral-gables,The Biltmore Brunch,https://s3-media0.fl.yelpcdn.com/bphoto/ULn9FqTljboySgkME8HQgg/o.jpg,False,101,"[{'alias': 'breakfast_brunch', 'title': 'Breakfast & Brunch'}, {'alias': 'wedding_planning', 'title': 'Wedding Planning'}]",3.6,"{'latitude': 25.740788, 'longitude': -80.278556}",[],$$$$,"{'address1': '1200 Anastasia Ave', 'address2': 'Anastasia Ave,', 'address3': None, 'city': 'Coral Gables', 'zip_code': '33134', 'country': 'US', 'state': 'FL', 'display_address': ['1200 Anastasia Ave', 'Anastasia Ave,', 'Coral Gables, FL 33134']}",18553116903.0,(855) 311-6903,1704.7016336610834
YCIcD8zaluU7i9AfsoJplQ,matsuri-coral-terrace,Matsuri,https://s3-media0.fl.yelpcdn.com/bphoto/GHfdG6trQUS6-A6XUiVZHA/o.jpg,False,930,"[{'alias': 'japanese', 'title': 'Japanese'}, {'alias': 'sushi', 'title': 'Sushi Bars'}]",4.0,"{'latitude': 25.734722326687, 'longitude': -80.2879967867714}",['pickup'],$$,"{'address1': '5759 Bird Rd', 'address2': '', 'address3': '', 'city': 'Coral Terrace', 'zip_code': '33155', 'country': 'US', 'state': 'FL', 'display_address': ['5759 Bird Rd', 'Coral Terrace, FL 33155']}",13056631615.0,(305) 663-1615,2013.360371995776
zVCp5OmpE5Y_itQTALgBtg,drinking-pig-bbq-miami-2,Drinking Pig BBQ,https://s3-media0.fl.yelpcdn.com/bphoto/266YpLrTDDe5D_p1G8539Q/o.jpg,False,56,"[{'alias': 'bbq', 'title': 'Barbeque'}]",4.2,"{'latitude': 25.727325, 'longitude': -80.24344}",[],,"{'address1': '3444 Main Hwy', 'address2': 'Ste 16', 'address3': '', 'city': 'Miami', 'zip_code': '33133', 'country': 'US', 'state': 'FL', 'display_address': ['3444 Main Hwy', 'Ste 16', 'Miami, FL 33133']}",17865344244.0,(786) 534-4244,5337.596849845736
krKmADOKM1KjVm4F0rL8lQ,ghee-indian-kitchen-miami-5,Ghee Indian Kitchen,https://s3-media0.fl.yelpcdn.com/bphoto/6gAYnpC1SBaXcZIU8AzLoA/o.jpg,False,916,"[{'alias': 'indpak', 'title': 'Indian'}]",4.3,"{'latitude': 25.68708, 'longitude': -80.3127675}",['delivery'],$$$,"{'address1': '8965 SW 72nd Pl', 'address2': '', 'address3': None, 'city': 'Miami', 'zip_code': '33156', 'country': 'US', 'state': 'FL', 'display_address': ['8965 SW 72nd Pl', 'Miami, FL 33156']}",13059681850.0,(305) 968-1850,7718.852510961951
t2wmQb6fCHXEXylvQ_b3lw,carnicero-steakhouse-miami,Carnicero Steakhouse,https://s3-media0.fl.yelpcdn.com/bphoto/wVz6t_rMIOpAUTX-YT0fnQ/o.jpg,False,194,"[{'alias': 'steak', 'title': 'Steakhouses'}]",4.1,"{'latitude': 25.7719163, 'longitude': -80.2575827}",[],$$$,"{'address1': '3805 W Flagler St', 'address2': None, 'address3': '', 'city': 'Miami', 'zip_code': '33134', 'country': 'US', 'state': 'FL', 'display_address': ['3805 W Flagler St', 'Miami, FL 33134']}",17863625600.0,(786) 362-5600,3716.7477071688063
q_0IB7puKxFrmJHwjpnJBw,flanigans-coconut-grove-coconut-grove,Flanigan's - Coconut Grove,https://s3-media0.fl.yelpcdn.com/bphoto/_cVoIkqmYVj8DtlCbOe5Og/o.jpg,False,973,"[{'alias': 'seafood', 'title': 'Seafood'}, {'alias': 'sportsbars', 'title': 'Sports Bars'}, {'alias': 'tradamerican', 'title': 'American'}]",3.7,"{'latitude': 25.73583706875199, 'longitude': -80.2383613}",['pickup'],$$,"{'address1': '2721 Bird Ave', 'address2': '', 'address3': '', 'city': 'Coconut Grove', 'zip_code': '33133', 'country': 'US', 'state': 'FL', 'display_address': ['2721 Bird Ave', 'Coconut Grove, FL 33133']}",13054461114.0,(305) 446-1114,5323.368306417564
4mmMeIIVKFwH6Zdm9Awbpw,belly-fish-miami-3,Belly Fish,https://s3-media0.fl.yelpcdn.com/bphoto/vJs1IyJJ-uy1fwz6SVV7IA/o.jpg,False,104,"[{'alias': 'sushi', 'title': 'Sushi Bars'}, {'alias': 'japanese', 'title': 'Japanese'}, {'alias': 'seafood', 'title': 'Seafood'}]",4.3,"{'latitude': 25.73394497090103, 'longitude': -80.25557414688785}",[],$$,"{'address1': '3060 SW 37th Ave', 'address2': 'Ste 104', 'address3': '', 'city': 'Miami', 'zip_code': '33133', 'country': 'US', 'state': 'FL', 'display_address': ['3060 SW 37th Ave', 'Ste 104', 'Miami, FL 33133']}",17865506267.0,(786) 550-6267,3871.682070456338
xvXGIah0QVNj2uCF7xd2EA,mint-beirut-no-title,Mint Beirut,https://s3-media0.fl.yelpcdn.com/bphoto/FuVhnA7dBUK0PMRnKyTIAQ/o.jpg,False,85,"[{'alias': 'mediterranean', 'title': 'Mediterranean'}, {'alias': 'lebanese', 'title': 'Lebanese'}]",4.7,"{'latitude': 25.771816, 'longitude': -80.264648}","['pickup', 'delivery']",,"{'address1': '4249 W Flagler St', 'address2': None, 'address3': '', 'city': 'Miami', 'zip_code': '33126', 'country': 'US', 'state': 'FL', 'display_address': ['4249 W Flagler St', 'Miami, FL 33126']}",13054438664.0,(305) 443-8664,3152.584446441854
fMk82DdXMJ_MULphyQM74w,la-fresa-francesa-hialeah,La Fresa Francesa,https://s3-media0.fl.yelpcdn.com/bphoto/cjQP2Nm4BIPZm9T5PvHdfw/o.jpg,False,1035,"[{'alias': 'wine_bars', 'title': 'Wine Bars'}, {'alias': 'french', 'title': 'French'}]",4.6,"{'latitude': 25.8245678, 'longitude': -80.2824781}","['pickup', 'delivery']",$$,"{'address1': '59 W 3rd St', 'address2': '', 'address3': '', 'city': 'Hialeah', 'zip_code': '33010', 'country': 'US', 'state': 'FL', 'display_address': ['59 W 3rd St', 'Hialeah, FL 33010']}",17867176886.0,(786) 717-6886,8002.339215174723
AVhrvhjtFsvAtIxkIZClHA,hereford-grill-miami-4,Hereford Grill,https://s3-media0.fl.yelpcdn.com/bphoto/qz2BEicu_XviPTRjwD6a4w/o.jpg,False,153,"[{'alias': 'steak', 'title': 'Steakhouses'}]",4.1,"{'latitude': 25.77914672946559, 'longitude': -80.265466883811}",['delivery'],$$$,"{'address1': '782 NW 42nd Ave', 'address2': '', 'address3': '', 'city': 'Miami', 'zip_code': '33126', 'country': 'US', 'state': 'FL', 'display_address': ['782 NW 42nd Ave', 'Miami, FL 33126']}",13059747455.0,(305) 974-7455,3698.438021311662
zsJoDVfWfiA8pYMey2Ix2Q,the-b100m-miami-2,The B100M,https://s3-media0.fl.yelpcdn.com/bphoto/iVPy_w4PtXgj3hH5zC6JCg/o.jpg,False,27,"[{'alias': 'food_court', 'title': 'Food Court'}]",4.9,"{'latitude': 25.775815496512102, 'longitude': -80.18824559228811}",[],,"{'address1': '100 Biscayne Blvd', 'address2': 'Ste 104', 'address3': '', 'city': 'Miami', 'zip_code': '33132', 'country': 'US', 'state': 'FL', 'display_address': ['100 Biscayne Blvd', 'Ste 104', 'Miami, FL 33132']}",17865425868.0,(786) 542-5868,10316.237876276164
HWiC4uOCcQTjSiu_KAi1zw,mangrove-miami,Mangrove,https://s3-media0.fl.yelpcdn.com/bphoto/m0wv1ixW5Ls9EE5u165j0Q/o.jpg,False,103,"[{'alias': 'caribbean', 'title': 'Caribbean'}, {'alias': 'cocktailbars', 'title': 'Cocktail Bars'}, {'alias': 'lounges', 'title': 'Lounges'}]",4.6,"{'latitude': 25.774113658037223, 'longitude': -80.19557929999999}",[],,"{'address1': '103 NW 1st Ave', 'address2': '', 'address3': None, 'city': 'Miami', 'zip_code': '33128', 'country': 'US', 'state': 'FL', 'display_address': ['103 NW 1st Ave', 'Miami, FL 33128']}",13056142736.0,(305) 614-2736,9557.911016137428
15vmqRJwdFcGAx7g_EHvFg,taqueria-los-potrillos-miami-2,Taqueria Los Potrillos,https://s3-media0.fl.yelpcdn.com/bphoto/JPZZul_WY-bFZpX88Bu5HQ/o.jpg,False,177,"[{'alias': 'mexican', 'title': 'Mexican'}]",4.4,"{'latitude': 25.7790887849913, 'longitude': -80.2607780322433}",['delivery'],$$,"{'address1': '3937 NW 7th St', 'address2': '', 'address3': None, 'city': 'Miami', 'zip_code': '33126', 'country': 'US', 'state': 'FL', 'display_address': ['3937 NW 7th St', 'Miami, FL 33126']}",13054562002.0,(305) 456-2002,3998.125832424552
sAqV3GmjGLn0w5qUpZpvvQ,ichimi-gables-coral-gables-2,Ichimi - Gables,https://s3-media0.fl.yelpcdn.com/bphoto/n5r-PuKJcJpAPVqoDl9jaA/o.jpg,False,1630,"[{'alias': 'ramen', 'title': 'Ramen'}, {'alias': 'asianfusion', 'title': 'Asian Fusion'}, {'alias': 'izakaya', 'title': 'Izakaya'}]",4.4,"{'latitude': 25.75003305410282, 'longitude': -80.26082076877175}","['restaurant_reservation', 'pickup', 'delivery']",$$,"{'address1': '2330 Salzedo St', 'address2': '', 'address3': '', 'city': 'Coral Gables', 'zip_code': '33134', 'country': 'US', 'state': 'FL', 'display_address': ['2330 Salzedo St', 'Coral Gables, FL 33134']}",13059607016.0,(305) 960-7016,2744.797678574156
XAoeEKu6DvERPbEZu73m8g,tavolo-miami-2,Tavolo,https://s3-media0.fl.yelpcdn.com/bphoto/umeUjoxWC1MYAKhv-H1JoA/o.jpg,False,2,"[{'alias': 'modern_european', 'title': 'Modern European'}, {'alias': 'breakfast_brunch', 'title': 'Breakfast & Brunch'}, {'alias': 'sandwiches', 'title': 'Sandwiches'}]",5.0,"{'latitude': 25.781137092176387, 'longitude': -80.29193862944774}",['delivery'],,"{'address1': '5800 Waterford District Dr', 'address2': None, 'address3': '', 'city': 'Miami', 'zip_code': '33126', 'country': 'US', 'state': 'FL', 'display_address': ['5800 Waterford District Dr', 'Miami, FL 33126']}",13052644888.0,(305) 264-4888,3171.7125805220453
d881dT_RC64MOjXgH3fVuA,latin-cafe-2000-miami,Latin Cafe 2000,https://s3-media0.fl.yelpcdn.com/bphoto/RtCHT0jZCLEyx3J8cPXXXQ/o.jpg,False,649,"[{'alias': 'latin', 'title': 'Latin American'}, {'alias': 'cuban', 'title': 'Cuban'}]",3.6,"{'latitude': 25.78029, 'longitude': -80.26372}","['pickup', 'delivery']",$$,"{'address1': '875 NW 42nd Ave', 'address2': '', 'address3': '', 'city': 'Miami', 'zip_code': '33126', 'country': 'US', 'state': 'FL', 'display_address': ['875 NW 42nd Ave', 'Miami, FL 33126']}",13056424700.0,(305) 642-4700,3897.744443998662
9PEF_qX-3FU4iMmKgk98eA,taqueria-viva-méxico-miami-2,Taqueria Viva México,https://s3-media0.fl.yelpcdn.com/bphoto/PyTjKzrT-bZ7G-4TjoMUjA/o.jpg,False,537,"[{'alias': 'mexican', 'title': 'Mexican'}]",4.4,"{'latitude': 25.765025, 'longitude': -80.237216}","['pickup', 'delivery']",$,"{'address1': '2516 SW 8th St', 'address2': '', 'address3': '', 'city': 'Miami', 'zip_code': '33135', 'country': 'US', 'state': 'FL', 'display_address': ['2516 SW 8th St', 'Miami, FL 33135']}",17863602214.0,(786) 360-2214,5266.995345313749
qcJR_IqnKz3AJituEd8i1Q,sweet-dogs-miami,Sweet Dogs,https://s3-media0.fl.yelpcdn.com/bphoto/eBqQYrkQ0f7JXF2DED4r5Q/o.jpg,False,759,"[{'alias': 'hotdog', 'title': 'Hot Dogs'}, {'alias': 'tradamerican', 'title': 'American'}, {'alias': 'popcorn', 'title': 'Popcorn Shops'}]",4.7,"{'latitude': 25.7644024, 'longitude': -80.27262868926077}",['pickup'],$,"{'address1': '4749 SW 8th St', 'address2': '', 'address3': '', 'city': 'Miami', 'zip_code': '33134', 'country': 'US', 'state': 'FL', 'display_address': ['4749 SW 8th St', 'Miami, FL 33134']}",13054484900.0,(305) 448-4900,2010.349632103049
kG8t6gBsarlvsxIocFUkAQ,miranda-cuisine-and-bar-miami-springs-3,Miranda Cuisine & Bar,https://s3-media0.fl.yelpcdn.com/bphoto/yUkfBlKT877p4ntMF3kvTQ/o.jpg,False,111,"[{'alias': 'latin', 'title': 'Latin American'}, {'alias': 'bars', 'title': 'Bars'}, {'alias': 'newamerican', 'title': 'New American'}]",4.4,"{'latitude': 25.80882, 'longitude': -80.2661}",['delivery'],$$,"{'address1': '4299 NW 36th St', 'address2': 'Fl 1', 'address3': '', 'city': 'Miami Springs', 'zip_code': '33166', 'country': 'US', 'state': 'FL', 'display_address': ['4299 NW 36th St', 'Fl 1', 'Miami Springs, FL 33166']}",17864096490.0,(786) 409-6490,6597.949376211834
6LbVL8LOVJGpytjzi4OkNw,atchanas-homegrown-thai-miami-2,Atchana's Homegrown Thai,https://s3-media0.fl.yelpcdn.com/bphoto/eUjccekfEfTF-fGZJPzfHg/o.jpg,False,391,"[{'alias': 'thai', 'title': 'Thai'}]",4.4,"{'latitude': 25.7278220860767, 'longitude': -80.2451561763883}","['pickup', 'delivery']",$$,"{'address1': '3194 Commodore Plz', 'address2': '', 'address3': None, 'city': 'Miami', 'zip_code': '33133', 'country': 'US', 'state': 'FL', 'display_address': ['3194 Commodore Plz', 'Miami, FL 33133']}",13057740404.0,(305) 774-0404,5117.684513213753
Bs2wZRwOxbiMfS_HYHLc3w,ossobuco-miami-2,Ossobuco Miami- Steak house,https://s3-media0.fl.yelpcdn.com/bphoto/esPXkizvD2Q6EI2aze7F4w/o.jpg,False,149,"[{'alias': 'steak', 'title': 'Steakhouses'}, {'alias': 'modern_european', 'title': 'Modern European'}, {'alias': 'seafood', 'title': 'Seafood'}]",4.6,"{'latitude': 25.802079562436138, 'longitude': -80.19629606283328}",[],,"{'address1': '62 NW 27th St', 'address2': '', 'address3': None, 'city': 'Miami', 'zip_code': '33127', 'country': 'US', 'state': 'FL', 'display_address': ['62 NW 27th St', 'Miami, FL 33127']}",13053391166.0,(305) 339-1166,10695.756327935233
7nCH2ojnZh7qAfB0QPb2-w,slab-daddy-barbecue-miami,Slab Daddy Barbecue,https://s3-media0.fl.yelpcdn.com/bphoto/YRPHgmKo5_o5MbGNQG5BUQ/o.jpg,False,51,"[{'alias': 'bbq', 'title': 'Barbeque'}]",4.4,"{'latitude': 25.795484204546028, 'longitude': -80.2088363}",[],,"{'address1': '795 NW 20th St', 'address2': None, 'address3': None, 'city': 'Miami', 'zip_code': '33127', 'country': 'US', 'state': 'FL', 'display_address': ['795 NW 20th St', 'Miami, FL 33127']}",13059827415.0,(305) 982-7415,9241.883552839136
6fv_GBeY64sepsNsNh3VGg,fugato-coral-gables,Fugato,https://s3-media0.fl.yelpcdn.com/bphoto/liFAkxCLwJBaqEjUf4YpMQ/o.jpg,False,129,"[{'alias': 'mediterranean', 'title': 'Mediterranean'}, {'alias': 'italian', 'title': 'Italian'}, {'alias': 'desserts', 'title': 'Desserts'}]",4.7,"{'latitude': 25.75304, 'longitude': -80.26141}",['delivery'],$$$,"{'address1': '325 Alcazar Ave', 'address2': None, 'address3': '', 'city': 'Coral Gables', 'zip_code': '33134', 'country': 'US', 'state': 'FL', 'display_address': ['325 Alcazar Ave', 'Coral Gables, FL 33134']}",17864202910.0,(786) 420-2910,2666.6141275094687
IGRrxE67NkYm3GnegZ3YWQ,catch-of-the-day-miami,Catch Of The Day,https://s3-media0.fl.yelpcdn.com/bphoto/LMQ6ho1rl2Akp2WgUpqvWw/o.jpg,False,737,"[{'alias': 'seafood', 'title': 'Seafood'}, {'alias': 'raw_food', 'title': 'Live/Raw Food'}, {'alias': 'sportsbars', 'title': 'Sports Bars'}]",3.6,"{'latitude': 25.78224, 'longitude': -80.26442}",['delivery'],$$,"{'address1': '1050 NW 42nd Ave', 'address2': '', 'address3': '', 'city': 'Miami', 'zip_code': '33126', 'country': 'US', 'state': 'FL', 'display_address': ['1050 NW 42nd Ave', 'Miami, FL 33126']}",13054464500.0,(305) 446-4500,4037.480805113507
07EtzVkziCory7__msq7oQ,chugs-diner-miami,Chug's Diner,https://s3-media0.fl.yelpcdn.com/bphoto/3DTHGEFfQlvEkI357Tinug/o.jpg,False,644,"[{'alias': 'cuban', 'title': 'Cuban'}, {'alias': 'diners', 'title': 'Diners'}, {'alias': 'caribbean', 'title': 'Caribbean'}]",3.9,"{'latitude': 25.727446967129996, 'longitude': -80.24317518063626}",['delivery'],$$,"{'address1': '3444 Main Hwy', 'address2': 'Ste 21', 'address3': None, 'city': 'Miami', 'zip_code': '33133', 'country': 'US', 'state': 'FL', 'display_address': ['3444 Main Hwy', 'Ste 21', 'Miami, FL 33133']}",17863532940.0,(786) 353-2940,5307.4284913429465
M9QsnSNGdOzBqpGE0lcCaA,kru-s-kitchen-miami,Krüs Kitchen,https://s3-media0.fl.yelpcdn.com/bphoto/EfLSShgT0phAnXtTA-M2Iw/o.jpg,False,95,"[{'alias': 'newamerican', 'title': 'New American'}]",4.3,"{'latitude': 25.7275933, 'longitude': -80.2426078}",['pickup'],,"{'address1': '3413 Main Hwy', 'address2': '', 'address3': None, 'city': 'Miami', 'zip_code': '33133', 'country': 'US', 'state': 'FL', 'display_address': ['3413 Main Hwy', 'Miami, FL 33133']}",17865183998.0,(786) 518-3998,5359.547686781618
slvV-dnTf2HCi2JgDjjWdg,guys-burger-joint-miami,Guys Burger Joint,https://s3-media0.fl.yelpcdn.com/bphoto/hhKd-N7zV0SqbWFrA0u0Ww/o.jpg,False,6,"[{'alias': 'burgers', 'title': 'Burgers'}]",4.3,"{'latitude': 25.7788729807323, 'longitude': -80.1775033134918}",[],$,"{'address1': 'Port of Miami', 'address2': '', 'address3': '', 'city': 'Miami', 'zip_code': '33132', 'country': 'US', 'state': 'FL', 'display_address': ['Port of Miami', 'Miami, FL 33132']}",,,11442.706453473227
l9cOs1k4BMGHIbKCQJQ8rg,cotoletta-miami,Cotoletta,https://s3-media0.fl.yelpcdn.com/bphoto/ki7gQkv-fUBE5b7suGaloA/o.jpg,False,70,"[{'alias': 'salad', 'title': 'Salad'}, {'alias': 'italian', 'title': 'Italian'}]",4.6,"{'latitude': 25.727764, 'longitude': -80.245421}",[],,"{'address1': '3206 Grand Ave', 'address2': None, 'address3': None, 'city': 'Miami', 'zip_code': '33133', 'country': 'US', 'state': 'FL', 'display_address': ['3206 Grand Ave', 'Miami, FL 33133']}",17864097151.0,(786) 409-7151,5096.697574886451
XxQ-z1_U5ByzAn6IuYy4aA,meraki-greek-bistro-miami-3,Meraki Greek Bistro,https://s3-media0.fl.yelpcdn.com/bphoto/fVg8Hr28BL57uoy4sY81iw/o.jpg,False,420,"[{'alias': 'greek', 'title': 'Greek'}, {'alias': 'seafood', 'title': 'Seafood'}, {'alias': 'beer_and_wine', 'title': 'Beer, Wine & Spirits'}]",4.2,"{'latitude': 25.7270587, 'longitude': -80.24368423}",['pickup'],$$,"{'address1': '3462 Main Hwy', 'address2': None, 'address3': '', 'city': 'Miami', 'zip_code': '33133', 'country': 'US', 'state': 'FL', 'display_address': ['3462 Main Hwy', 'Miami, FL 33133']}",17862547079.0,(786) 254-7079,5287.595987296073
gosIrtHXK9sgKEyhu6j_zQ,chimba-miami,CHIMBA,https://s3-media0.fl.yelpcdn.com/bphoto/3KbKmlzuyyKpSxVcLQpRQQ/o.jpg,False,128,"[{'alias': 'latin', 'title': 'Latin American'}, {'alias': 'cocktailbars', 'title': 'Cocktail Bars'}, {'alias': 'argentine', 'title': 'Argentine'}]",4.5,"{'latitude': 25.8038, 'longitude': -80.19136}","['pickup', 'delivery']",,"{'address1': '2830 NE 2nd Ave', 'address2': None, 'address3': '', 'city': 'Miami', 'zip_code': '33137', 'country': 'US', 'state': 'FL', 'display_address': ['2830 NE 2nd Ave', 'Miami, FL 33137']}",17865585898.0,(786) 558-5898,11218.426563314006
miWNK6TId8YaE-sbEB9zmw,frankie-and-wallys-coral-gables,Frankie And Wally's,https://s3-media0.fl.yelpcdn.com/bphoto/nNtCHA5sYb5WZipGLXvAAg/o.jpg,False,26,"[{'alias': 'sandwiches', 'title': 'Sandwiches'}, {'alias': 'coffee', 'title': 'Coffee & Tea'}, {'alias': 'delis', 'title': 'Delis'}]",4.3,"{'latitude': 25.745378013257746, 'longitude': -80.25927264243364}",[],,"{'address1': '216 Palermo Ave', 'address2': '', 'address3': None, 'city': 'Coral Gables', 'zip_code': '33134', 'country': 'US', 'state': 'FL', 'display_address': ['216 Palermo Ave', 'Coral Gables, FL 33134']}",13058003354.0,(305) 800-3354,2998.951592538609
sWSzsElqCo-HHO_LUJWhow,serafina-miami,Serafina,https://s3-media0.fl.yelpcdn.com/bphoto/a97gJX-5G7EgL3_XrAEMJg/o.jpg,False,35,"[{'alias': 'bars', 'title': 'Bars'}, {'alias': 'italian', 'title': 'Italian'}]",4.1,"{'latitude': 25.78100518205526, 'longitude': -80.1913518692783}",[],,"{'address1': '652 NE 2nd Ave', 'address2': None, 'address3': None, 'city': 'Miami', 'zip_code': '33132', 'country': 'US', 'state': 'FL', 'display_address': ['652 NE 2nd Ave', 'Miami, FL 33132']}",13059021851.0,(305) 902-1851,10177.546352922089
KXv8dsRBmOmGwRTqX_Rr8A,ariete-miami-2,Ariete,https://s3-media0.fl.yelpcdn.com/bphoto/-98SYt87VE-Gsc8xNf0n0A/o.jpg,False,742,"[{'alias': 'newamerican', 'title': 'New American'}, {'alias': 'bars', 'title': 'Bars'}]",4.0,"{'latitude': 25.7251094, 'longitude': -80.2453951}",['pickup'],$$$$,"{'address1': '3540 Main Hwy', 'address2': '', 'address3': '', 'city': 'Miami', 'zip_code': '33133', 'country': 'US', 'state': 'FL', 'display_address': ['3540 Main Hwy', 'Miami, FL 33133']}",13056405862.0,(305) 640-5862,5268.25519279074
jOPPqsJ7TJQyix3nsDuIlw,urbano-cucina-italiana-miami,Urbano Cucina Italiana,https://s3-media0.fl.yelpcdn.com/bphoto/i1RDqX9nERtDEMM7SKli9w/o.jpg,False,97,"[{'alias': 'italian', 'title': 'Italian'}]",4.4,"{'latitude': 25.7781048, 'longitude': -80.2896454}",[],$$,"{'address1': '5749 NW 7th St', 'address2': '', 'address3': '', 'city': 'Miami', 'zip_code': '33126', 'country': 'US', 'state': 'FL', 'display_address': ['5749 NW 7th St', 'Miami, FL 33126']}",13052661355.0,(305) 266-1355,2950.093638153151
LAGUcnPAa8ByFqq7J4WNjQ,la-camaronera-seafood-joint-and-fish-market-miami-2,La Camaronera Seafood Joint & Fish Market,https://s3-media0.fl.yelpcdn.com/bphoto/nh90zVmrMEb36_fUNqFsgg/o.jpg,False,1024,"[{'alias': 'seafood', 'title': 'Seafood'}, {'alias': 'seafoodmarkets', 'title': 'Seafood Markets'}, {'alias': 'foodstands', 'title': 'Food Stands'}]",4.1,"{'latitude': 25.7725377, 'longitude': -80.2277893}","['pickup', 'delivery']",$$,"{'address1': '1952 W Flagler St', 'address2': '', 'address3': '', 'city': 'Miami', 'zip_code': '33135', 'country': 'US', 'state': 'FL', 'display_address': ['1952 W Flagler St', 'Miami, FL 33135']}",13056423322.0,(305) 642-3322,6423.744158609752
VQhQ0LI3r9T_PHJvAeyp0Q,blue-elephant-miami,Blue Elephant,https://s3-media0.fl.yelpcdn.com/bphoto/ycvI62hVwYaUsXk9p8bg1w/o.jpg,False,157,"[{'alias': 'thai', 'title': 'Thai'}]",4.5,"{'latitude': 25.73265, 'longitude': -80.33117}","['pickup', 'delivery']",$$,"{'address1': '8384 SW 40th St', 'address2': '', 'address3': None, 'city': 'Miami', 'zip_code': '33155', 'country': 'US', 'state': 'FL', 'display_address': ['8384 SW 40th St', 'Miami, FL 33155']}",17865345355.0,(786) 534-5355,4864.816661220173
tSJNc25EKw2GxGM6Mm9Ztg,casa-lucas-restaurant-miami,Casa Lucas Restaurant,https://s3-media0.fl.yelpcdn.com/bphoto/pnZP0GJLJj1cGEJ-RQYwzQ/o.jpg,False,1,"[{'alias': 'spanish', 'title': 'Spanish'}]",5.0,"{'latitude': 25.761521176971645, 'longitude': -80.325271}",[],,"{'address1': '7950 SW 8th St', 'address2': None, 'address3': None, 'city': 'Miami', 'zip_code': '33144', 'country': 'US', 'state': 'FL', 'display_address': ['7950 SW 8th St', 'Miami, FL 33144']}",17865344109.0,(786) 534-4109,3850.7618180067593
2eIez2Q7S8-btrCf5hXXaQ,la-granja-miami-11,La Granja,https://s3-media0.fl.yelpcdn.com/bphoto/KNna1QRNb1BPWbDitPD3Ag/o.jpg,False,112,"[{'alias': 'peruvian', 'title': 'Peruvian'}, {'alias': 'desserts', 'title': 'Desserts'}, {'alias': 'seafood', 'title': 'Seafood'}]",4.0,"{'latitude': 25.78309715626249, 'longitude': -80.26368865119036}","['pickup', 'delivery']",$$,"{'address1': '1199 NW 42nd Ave', 'address2': '', 'address3': None, 'city': 'Miami', 'zip_code': '33126', 'country': 'US', 'state': 'FL', 'display_address': ['1199 NW 42nd Ave', 'Miami, FL 33126']}",13056424516.0,(305) 642-4516,4156.836739454165
bh-6ZP9GIr36mP5U7UCuxQ,fritanga-el-triunfo-miami,Fritanga El Triunfo,https://s3-media0.fl.yelpcdn.com/bphoto/g9Bp8B4Em1dyRRf3iBiJKQ/o.jpg,False,1,"[{'alias': 'nicaraguan', 'title': 'Nicaraguan'}]",5.0,"{'latitude': 25.771694747662053, 'longitude': -80.23036669999999}",[],,"{'address1': '2175 SW 1st St', 'address2': None, 'address3': '', 'city': 'Miami', 'zip_code': '33135', 'country': 'US', 'state': 'FL', 'display_address': ['2175 SW 1st St', 'Miami, FL 33135']}",17867361137.0,(786) 736-1137,6145.750537792172
E9o0PMAyrBar8NhBYJzyXA,bouchon-bistro-coral-gables,Bouchon Bistro,https://s3-media0.fl.yelpcdn.com/bphoto/Oh4zmm_N7sn60aXOjIG_Pg/o.jpg,False,165,"[{'alias': 'french', 'title': 'French'}, {'alias': 'wine_bars', 'title': 'Wine Bars'}, {'alias': 'cocktailbars', 'title': 'Cocktail Bars'}]",3.9,"{'latitude': 25.75298833063511, 'longitude': -80.2567275423279}",[],,"{'address1': '2101 Galiano St', 'address2': None, 'address3': '', 'city': 'Coral Gables', 'zip_code': '33134', 'country': 'US', 'state': 'FL', 'display_address': ['2101 Galiano St', 'Coral Gables, FL 33134']}",13059901360.0,(305) 990-1360,3137.09040759182
Z4_MkMLc_CA4kkAYOj5EzA,pastis-miami-miami,Pastis Miami,https://s3-media0.fl.yelpcdn.com/bphoto/fr92o1VCvYm8LL9mffJ2qQ/o.jpg,False,395,"[{'alias': 'french', 'title': 'French'}]",4.4,"{'latitude': 25.8011472, 'longitude': -80.2019445}",[],,"{'address1': '380 NW 26th St', 'address2': None, 'address3': '', 'city': 'Miami', 'zip_code': '33127', 'country': 'US', 'state': 'FL', 'display_address': ['380 NW 26th St', 'Miami, FL 33127']}",13056863050.0,(305) 686-3050,10156.522443552038
5Rq4O0gzalOQ79NenZUyqg,tinta-y-café-miami-2,Tinta y Café,https://s3-media0.fl.yelpcdn.com/bphoto/Vi04LaBF6_K2WUX1VmI8uA/o.jpg,False,1089,"[{'alias': 'coffee', 'title': 'Coffee & Tea'}, {'alias': 'cuban', 'title': 'Cuban'}, {'alias': 'sandwiches', 'title': 'Sandwiches'}]",4.3,"{'latitude': 25.7592231998562, 'longitude': -80.2586163778576}","['pickup', 'delivery']",$$,"{'address1': '1315 Ponce De Leon Blvd', 'address2': '', 'address3': '', 'city': 'Miami', 'zip_code': '33134', 'country': 'US', 'state': 'FL', 'display_address': ['1315 Ponce De Leon Blvd', 'Miami, FL 33134']}",13052850101.0,(305) 285-0101,3032.332516494063
s2p1QR3elkf8u7KrjXB2xQ,beauty-and-the-butcher-coral-gables,Beauty & The Butcher,https://s3-media0.fl.yelpcdn.com/bphoto/Utjlj4hL3sRZzuDAElrOwQ/o.jpg,False,300,"[{'alias': 'cocktailbars', 'title': 'Cocktail Bars'}, {'alias': 'newamerican', 'title': 'New American'}]",4.2,"{'latitude': 25.70503064, 'longitude': -80.28518782}",[],$$$,"{'address1': '6915 SW 57th Ave', 'address2': '', 'address3': None, 'city': 'Coral Gables', 'zip_code': '33143', 'country': 'US', 'state': 'FL', 'display_address': ['6915 SW 57th Ave', 'Coral Gables, FL 33143']}",13056659661.0,(305) 665-9661,5322.646087733938
_VXHJo6EeSHVH-EqF8CpMQ,the-gibson-room-miami-2,The Gibson Room,https://s3-media0.fl.yelpcdn.com/bphoto/yJuuQTRndTbYq6EeFgofTQ/o.jpg,False,110,"[{'alias': 'newamerican', 'title': 'New American'}]",4.0,"{'latitude': 25.75031, 'longitude': -80.2307}",[],,"{'address1': '2224 SW 22nd St', 'address2': '', 'address3': None, 'city': 'Miami', 'zip_code': '33145', 'country': 'US', 'state': 'FL', 'display_address': ['2224 SW 22nd St', 'Miami, FL 33145']}",13055704311.0,(305) 570-4311,5748.0375270652885
uyaz8BMIp2n7lhSpjZ8quA,l-atelier-de-joel-robuchon-miami-2,L'Atelier de Joel Robuchon,https://s3-media0.fl.yelpcdn.com/bphoto/h2LT3_o9BJArLW_ILAoF8g/o.jpg,False,207,"[{'alias': 'french', 'title': 'French'}]",4.2,"{'latitude': 25.814314, 'longitude': -80.1924526}",['delivery'],$$$$,"{'address1': '151 NE 41st', 'address2': 'Ste 235', 'address3': '', 'city': 'Miami', 'zip_code': '33137', 'country': 'US', 'state': 'FL', 'display_address': ['151 NE 41st', 'Ste 235', 'Miami, FL 33137']}",13054029070.0,(305) 402-9070,11802.717814246582
EqgQGtEGzBdYIIMAONMGAg,mama-lady-asados-hialeah,Mama Lady Asados,https://s3-media0.fl.yelpcdn.com/bphoto/fSJCepu49iBQCkJxIsPcjQ/o.jpg,False,5,"[{'alias': 'foodtrucks', 'title': 'Food Trucks'}, {'alias': 'nicaraguan', 'title': 'Nicaraguan'}]",4.4,"{'latitude': 25.81616, 'longitude': -80.27123}",[],,"{'address1': '499 E Okeechobee Rd', 'address2': None, 'address3': '', 'city': 'Hialeah', 'zip_code': '33010', 'country': 'US', 'state': 'FL', 'display_address': ['499 E Okeechobee Rd', 'Hialeah, FL 33010']}",17862398277.0,(786) 239-8277,7222.876309982498
LB-ikckbQIHkf-6lAPu0nw,eight-bar-miami-3,Eight Bar,https://s3-media0.fl.yelpcdn.com/bphoto/u8YdcO8SlxaaojofrjB8rA/o.jpg,False,34,"[{'alias': 'tradamerican', 'title': 'American'}, {'alias': 'cocktailbars', 'title': 'Cocktail Bars'}]",4.4,"{'latitude': 25.7808, 'longitude': -80.192}",[],,"{'address1': '699 NE 1st Ave', 'address2': None, 'address3': '', 'city': 'Miami', 'zip_code': '33132', 'country': 'US', 'state': 'FL', 'display_address': ['699 NE 1st Ave', 'Miami, FL 33132']}",,,10114.263343968758
1YePkc_OuQ_CP2ketEi5rQ,mottai-coral-gables,Mottai,https://s3-media0.fl.yelpcdn.com/bphoto/kFUUi6xPzl-hrBD59IO6Qw/o.jpg,False,7,"[{'alias': 'japanese', 'title': 'Japanese'}, {'alias': 'sushi', 'title': 'Sushi Bars'}, {'alias': 'cocktailbars', 'title': 'Cocktail Bars'}]",4.3,"{'latitude': 25.74561189633244, 'longitude': -80.25814566475233}",[],,"{'address1': '2881 Ponce De Leon Blvd', 'address2': '', 'address3': '', 'city': 'Coral Gables', 'zip_code': '33134', 'country': 'US', 'state': 'FL', 'display_address': ['2881 Ponce De Leon Blvd', 'Coral Gables, FL 33134']}",13054542488.0,(305) 454-2488,3093.4513981786395
C0oehMtQSl_JOKWIX6ORzQ,ristorante-fratelli-milano-miami,Ristorante Fratelli Milano,https://s3-media0.fl.yelpcdn.com/bphoto/4Az9udLB5AK3hSqTBu3VrA/o.jpg,False,1423,"[{'alias': 'italian', 'title': 'Italian'}]",4.4,"{'latitude': 25.7734433, 'longitude': -80.1898863}","['pickup', 'delivery']",$$,"{'address1': '213 SE 1st St', 'address2': '', 'address3': '', 'city': 'Miami', 'zip_code': '33131', 'country': 'US', 'state': 'FL', 'display_address': ['213 SE 1st St', 'Miami, FL 33131']}",13053732300.0,(305) 373-2300,10094.086948004002
M8_TrApVKwxuD429kilFAw,doc-bs-restaurant-bar-coral-gables-2,Doc B's Restaurant + Bar,https://s3-media0.fl.yelpcdn.com/bphoto/_FWHzgAGYVL5u80HiA9a7g/o.jpg,False,727,"[{'alias': 'bars', 'title': 'Bars'}, {'alias': 'newamerican', 'title': 'New American'}]",4.5,"{'latitude': 25.74977, 'longitude': -80.26088}","['pickup', 'delivery']",$$,"{'address1': '301 Miracle Mile', 'address2': '', 'address3': None, 'city': 'Coral Gables', 'zip_code': '33134', 'country': 'US', 'state': 'FL', 'display_address': ['301 Miracle Mile', 'Coral Gables, FL 33134']}",17868641220.0,(786) 864-1220,2740.2478542499766
dwHtZFNaxq62OUVG9FxndA,jaguar-restaurant-miami-6,Jaguar Restaurant - Coconut Grove,https://s3-media0.fl.yelpcdn.com/bphoto/a3o_jRJvd_rEfvJqCApWgw/o.jpg,False,1204,"[{'alias': 'latin', 'title': 'Latin American'}, {'alias': 'peruvian', 'title': 'Peruvian'}, {'alias': 'mexican', 'title': 'Mexican'}]",4.1,"{'latitude': 25.72829653789666, 'longitude': -80.2428111401923}","['pickup', 'delivery']",$$,"{'address1': '3067 Grand Ave', 'address2': '', 'address3': '', 'city': 'Miami', 'zip_code': '33133', 'country': 'US', 'state': 'FL', 'display_address': ['3067 Grand Ave', 'Miami, FL 33133']}",13054440216.0,(305) 444-0216,5288.993265679787
ZPrrMX0n6INLmlnJ9Nu_oQ,madrid-tapas-y-vinos-miami-4,Madrid Tapas Y Vinos,https://s3-media0.fl.yelpcdn.com/bphoto/RW7FsVPqo2t8vNhH5j83NA/o.jpg,False,349,"[{'alias': 'spanish', 'title': 'Spanish'}, {'alias': 'seafood', 'title': 'Seafood'}, {'alias': 'tapas', 'title': 'Tapas Bars'}]",4.0,"{'latitude': 25.7775426223252, 'longitude': -80.2637512404755}","['pickup', 'delivery']",$$,"{'address1': '525 NW 42nd Ave', 'address2': '', 'address3': '', 'city': 'Miami', 'zip_code': '33126', 'country': 'US', 'state': 'FL', 'display_address': ['525 NW 42nd Ave', 'Miami, FL 33126']}",17863912471.0,(786) 391-2471,3670.555793487845
snJPBuR3TtYfapCHuZWsOQ,manjay-miami,Manjay Restaurant,https://s3-media0.fl.yelpcdn.com/bphoto/DTVwdv9bN3dfe4Hh5MDoug/o.jpg,False,171,"[{'alias': 'caribbean', 'title': 'Caribbean'}]",4.4,"{'latitude': 25.851947, 'longitude': -80.19344}","['pickup', 'delivery']",$$,"{'address1': '8300 NE 2nd Ave', 'address2': '', 'address3': None, 'city': 'Miami', 'zip_code': '33138', 'country': 'US', 'state': 'FL', 'display_address': ['8300 NE 2nd Ave', 'Miami, FL 33138']}",13059083849.0,(305) 908-3849,14531.982674772153
E3ReCbRJl7dDf1K_ZIznSw,cafe-l-artisan-no-title,Cafe L'Artisan,https://s3-media0.fl.yelpcdn.com/bphoto/XdNp7VrOL97NKacJVuYySw/o.jpg,False,2,"[{'alias': 'cafes', 'title': 'Cafes'}]",4.5,"{'latitude': 25.77981, 'longitude': -80.29596}",[],,"{'address1': '701 NW 62nd Ave', 'address2': 'Ste 120', 'address3': '', 'city': 'Miami', 'zip_code': '33126', 'country': 'US', 'state': 'FL', 'display_address': ['701 NW 62nd Ave', 'Ste 120', 'Miami, FL 33126']}",13052691996.0,(305) 269-1996,3103.5082188973797
FlwH8ubnK7rBYJaqAyr6fA,ventanas-restaurant-bar-and-lounge-miami,Ventanas Restaurant Bar & Lounge,https://s3-media0.fl.yelpcdn.com/bphoto/1g2acJK9Iwj1Z2M0YtO6Ow/o.jpg,False,11,"[{'alias': 'latin', 'title': 'Latin American'}, {'alias': 'bars', 'title': 'Bars'}]",4.1,"{'latitude': 25.735223, 'longitude': -80.257644}",['delivery'],$$,"{'address1': '3861 SW 40th St', 'address2': '', 'address3': '', 'city': 'Miami', 'zip_code': '33146', 'country': 'US', 'state': 'FL', 'display_address': ['3861 SW 40th St', 'Miami, FL 33146']}",17863539460.0,(786) 353-9460,3632.356512476082
8_cuODO8G0yuzQO_fRW5kA,toro-toro-miami-7,Toro Toro,https://s3-media0.fl.yelpcdn.com/bphoto/y0TVFsC5kqPsHlcucQ1U6Q/o.jpg,False,1429,"[{'alias': 'steak', 'title': 'Steakhouses'}, {'alias': 'tapas', 'title': 'Tapas Bars'}, {'alias': 'cocktailbars', 'title': 'Cocktail Bars'}]",4.2,"{'latitude': 25.772572, 'longitude': -80.185336}","['pickup', 'delivery']",$$$,"{'address1': '100 Chopin Plz', 'address2': '', 'address3': '', 'city': 'Miami', 'zip_code': '33131', 'country': 'US', 'state': 'FL', 'display_address': ['100 Chopin Plz', 'Miami, FL 33131']}",13053724710.0,(305) 372-4710,10517.754629238952
icKTH2PWMX2kbgGXkSHYow,tacos-19-miami,Tacos 19,https://s3-media0.fl.yelpcdn.com/bphoto/cWa6XrlBaCtNs4yVZYAvmA/o.jpg,False,23,"[{'alias': 'mexican', 'title': 'Mexican'}, {'alias': 'foodtrucks', 'title': 'Food Trucks'}]",5.0,"{'latitude': 25.757851409148767, 'longitude': -80.30829409352302}",[],,"{'address1': '1325 SW 70th Ave', 'address2': '', 'address3': None, 'city': 'Miami', 'zip_code': '33144', 'country': 'US', 'state': 'FL', 'display_address': ['1325 SW 70th Ave', 'Miami, FL 33144']}",17868566312.0,(786) 856-6312,2102.851973435609
dYilRUDRuLck9_oC36O8DA,le-parc-cafe-miami,Le Parc Cafe,https://s3-media0.fl.yelpcdn.com/bphoto/Gal_-GprwPMcpJgs9bgcAA/o.jpg,False,77,"[{'alias': 'coffee', 'title': 'Coffee & Tea'}, {'alias': 'breakfast_brunch', 'title': 'Breakfast & Brunch'}, {'alias': 'cafes', 'title': 'Cafes'}]",4.3,"{'latitude': 25.752923042166735, 'longitude': -80.27449089999999}","['pickup', 'delivery']",$$,"{'address1': '997 N Greenway Dr', 'address2': None, 'address3': 'Coral Gables Golf & Country Club', 'city': 'Miami', 'zip_code': '33134', 'country': 'US', 'state': 'FL', 'display_address': ['997 N Greenway Dr', 'Coral Gables Golf & Country Club', 'Miami, FL 33134']}",13057228785.0,(305) 722-8785,1358.0716998266364
wCmM7JcQ6UVgHRvjH9_ebA,rickenbacker-restaurant-miami,Rickenbacker Restaurant,https://s3-media0.fl.yelpcdn.com/bphoto/KnARedvqW52KObzbqalpNQ/o.jpg,False,36,"[{'alias': 'newamerican', 'title': 'New American'}]",3.5,"{'latitude': 25.79453, 'longitude': -80.25954}",['delivery'],$$,"{'address1': '3900 NW 21st St', 'address2': '', 'address3': 'Inside of the Sheraton Miami Airport', 'city': 'Miami', 'zip_code': '33142', 'country': 'US', 'state': 'FL', 'display_address': ['3900 NW 21st St', 'Inside of the Sheraton Miami Airport', 'Miami, FL 33142']}",13058713800.0,(305) 871-3800,5440.328925931975
kvrpbq-j_Ulq6c_dmWv8oA,bulla-gastrobar-coral-gables-4,Bulla Gastrobar,https://s3-media0.fl.yelpcdn.com/bphoto/S4-nSt2lsxfqWG4EJlzBsA/o.jpg,False,1680,"[{'alias': 'gastropubs', 'title': 'Gastropubs'}, {'alias': 'spanish', 'title': 'Spanish'}, {'alias': 'tapas', 'title': 'Tapas Bars'}]",4.3,"{'latitude': 25.748518, 'longitude': -80.258901}","['pickup', 'delivery']",$$,"{'address1': '2500 Ponce De Leon Blvd', 'address2': '', 'address3': '', 'city': 'Coral Gables', 'zip_code': '33134', 'country': 'US', 'state': 'FL', 'display_address': ['2500 Ponce De Leon Blvd', 'Coral Gables, FL 33134']}",17868106215.0,(786) 810-6215,2957.4684302850164
8cFtrhGR1jfM5dbJwPm9nw,no-manches-que-rico-miami,No manches que rico,https://s3-media0.fl.yelpcdn.com/bphoto/TTI6DcPlWltjxXqAeFil0w/o.jpg,False,196,"[{'alias': 'tacos', 'title': 'Tacos'}]",4.0,"{'latitude': 25.76314000250607, 'longitude': -80.2963473}","['pickup', 'delivery']",$$,"{'address1': '6212 SW 8th St', 'address2': '', 'address3': None, 'city': 'Miami', 'zip_code': '33155', 'country': 'US', 'state': 'FL', 'display_address': ['6212 SW 8th St', 'Miami, FL 33155']}",17862290002.0,(786) 229-0002,1415.9443860479296
zeD0dnP6grNMgO43Q5SlGg,charlatam-miami,Charlatam,https://s3-media0.fl.yelpcdn.com/bphoto/FiFSijf-Mjw8oFPtacZE8g/o.jpg,False,8,"[{'alias': 'latin', 'title': 'Latin American'}]",5.0,"{'latitude': 25.75536, 'longitude': -80.207567}",[],,"{'address1': '2525 SW 3rd Ave', 'address2': 'Ste cu2', 'address3': '', 'city': 'Miami', 'zip_code': '33129', 'country': 'US', 'state': 'FL', 'display_address': ['2525 SW 3rd Ave', 'Ste cu2', 'Miami, FL 33129']}",17864520126.0,(786) 452-0126,8069.762464857534
Kvr6dEn6ZLfH8--kiaclwA,dcg-district-chicken-and-gyro-miami,DCG - District Chicken & Gyro,https://s3-media0.fl.yelpcdn.com/bphoto/pLPqOOsqShlQXKYswIOQHw/o.jpg,False,48,"[{'alias': 'chickenshop', 'title': 'Chicken Shop'}, {'alias': 'halal', 'title': 'Halal'}]",4.6,"{'latitude': 25.76612370872205, 'longitude': -80.19379679999999}","['pickup', 'delivery']",,"{'address1': '26 SW 8th St', 'address2': 'Fl 1', 'address3': None, 'city': 'Miami', 'zip_code': '33130', 'country': 'US', 'state': 'FL', 'display_address': ['26 SW 8th St', 'Fl 1', 'Miami, FL 33130']}",,,9554.127490029654
go0lJ37XDIoKO-TxJmRJSQ,tam-tam-miami,Tam Tam,https://s3-media0.fl.yelpcdn.com/bphoto/WS2sxVgS97usYwpfAdIpHQ/o.jpg,False,229,"[{'alias': 'vietnamese', 'title': 'Vietnamese'}, {'alias': 'wine_bars', 'title': 'Wine Bars'}, {'alias': 'seafood', 'title': 'Seafood'}]",4.4,"{'latitude': 25.775220505881222, 'longitude': -80.19508642120888}",[],$$$,"{'address1': '99 NW 1st St', 'address2': '', 'address3': None, 'city': 'Miami', 'zip_code': '33128', 'country': 'US', 'state': 'FL', 'display_address': ['99 NW 1st St', 'Miami, FL 33128']}",17869336378.0,(786) 933-6378,9636.760225923055
-fCMdb5Rfc0oTOWBnW9RSA,la-rosa-fine-cuban-cuisine-miami,La Rosa Fine Cuban Cuisine,https://s3-media0.fl.yelpcdn.com/bphoto/P-uLajC4zr-A44lQys5Jtg/o.jpg,False,537,"[{'alias': 'cuban', 'title': 'Cuban'}, {'alias': 'bars', 'title': 'Bars'}, {'alias': 'steak', 'title': 'Steakhouses'}]",4.1,"{'latitude': 25.779044, 'longitude': -80.262671}",['pickup'],$$,"{'address1': '4041 NW 7th St', 'address2': '', 'address3': '', 'city': 'Miami', 'zip_code': '33126', 'country': 'US', 'state': 'FL', 'display_address': ['4041 NW 7th St', 'Miami, FL 33126']}",13055411715.0,(305) 541-1715,3867.360398847775
bcjpKKj5cnfg8fvmMeVyfw,fooqs-miami-5,Fooq's,https://s3-media0.fl.yelpcdn.com/bphoto/K6luG8yD8avUSdz0CS4A-Q/o.jpg,False,17,"[{'alias': 'mediterranean', 'title': 'Mediterranean'}]",4.7,"{'latitude': 25.8419927, 'longitude': -80.1991753}",[],,"{'address1': '150 NW 73rd St', 'address2': None, 'address3': None, 'city': 'Miami', 'zip_code': '33150', 'country': 'US', 'state': 'FL', 'display_address': ['150 NW 73rd St', 'Miami, FL 33150']}",17862149076.0,(786) 214-9076,13321.616279262871
bUAxNjDUfuXliayLcrZM2A,world-famous-house-of-mac-miami-8,World Famous House of Mac,https://s3-media0.fl.yelpcdn.com/bphoto/biIIFlKoiOQkCzzLxpBLPg/o.jpg,False,1497,"[{'alias': 'soulfood', 'title': 'Soul Food'}, {'alias': 'chicken_wings', 'title': 'Chicken Wings'}, {'alias': 'pizza', 'title': 'Pizza'}]",4.2,"{'latitude': 25.794833670759388, 'longitude': -80.20686298614746}","['pickup', 'delivery']",$$,"{'address1': '1951 NW 7th Ave', 'address2': 'Ste 190', 'address3': '', 'city': 'Miami', 'zip_code': '33136', 'country': 'US', 'state': 'FL', 'display_address': ['1951 NW 7th Ave', 'Ste 190', 'Miami, FL 33136']}",17866366967.0,(786) 636-6967,9375.791146989442
7vfXSyGcwevo-u8fzo9Ddg,si-papa-miami,Si Papa,https://s3-media0.fl.yelpcdn.com/bphoto/Mi7DhJvyvDic1jJdCifltw/o.jpg,False,34,"[{'alias': 'italian', 'title': 'Italian'}]",4.1,"{'latitude': 25.72779003037931, 'longitude': -80.24506354498811}",[],$$,"{'address1': '3190 Commodore Plz', 'address2': None, 'address3': None, 'city': 'Miami', 'zip_code': '33133', 'country': 'US', 'state': 'FL', 'display_address': ['3190 Commodore Plz', 'Miami, FL 33133']}",,,5127.411168026675
ZYdNJXIpa4PJI4yUFFpSKQ,giovannis-ristorante-miami-2,Giovanni's Ristorante,https://s3-media0.fl.yelpcdn.com/bphoto/zm-hUzJMqkyp_unz9D68gg/o.jpg,False,220,"[{'alias': 'italian', 'title': 'Italian'}, {'alias': 'argentine', 'title': 'Argentine'}]",4.6,"{'latitude': 25.760843, 'longitude': -80.3344}",['delivery'],$$,"{'address1': '8522 SW 8th St', 'address2': '', 'address3': '', 'city': 'Miami', 'zip_code': '33144', 'country': 'US', 'state': 'FL', 'display_address': ['8522 SW 8th St', 'Miami, FL 33144']}",13052626966.0,(305) 262-6966,4726.508876199263
FsxeioKuJn80mYzvNcgj3g,el-ñaño-miami-miami,El Ñaño Miami,https://s3-media0.fl.yelpcdn.com/bphoto/kuz_1x6vuC2KN3f4k6chLQ/o.jpg,False,13,"[{'alias': 'spanish', 'title': 'Spanish'}, {'alias': 'latin', 'title': 'Latin American'}]",4.2,"{'latitude': 25.74972, 'longitude': -80.26156}",[],,"{'address1': '339 Miracle Mile', 'address2': None, 'address3': None, 'city': 'Miami', 'zip_code': '33134', 'country': 'US', 'state': 'FL', 'display_address': ['339 Miracle Mile', 'Miami, FL 33134']}",34635181771.0,635 18 17 71,2676.0209144933624
cD6Qe1U1YXFgzOqo4Wn4Hw,baiablu-italian-restaurant-miami,Baiablu  Italian Restaurant,https://s3-media0.fl.yelpcdn.com/bphoto/B0mJDd1-LTlRCVd_4DOo5w/o.jpg,False,61,"[{'alias': 'salad', 'title': 'Salad'}, {'alias': 'italian', 'title': 'Italian'}, {'alias': 'seafood', 'title': 'Seafood'}]",4.7,"{'latitude': 25.72758034870118, 'longitude': -80.2450332}","['restaurant_reservation', 'delivery', 'pickup']",,"{'address1': '3176 Commodore Plz', 'address2': None, 'address3': '', 'city': 'Miami', 'zip_code': '33133', 'country': 'US', 'state': 'FL', 'display_address': ['3176 Commodore Plz', 'Miami, FL 33133']}",17868852242.0,(786) 885-2242,5142.658217789918
2SJpb38UqPLwfMukVG8NKg,the-mediterranean-kitchen-miami,The Mediterranean Kitchen,https://s3-media0.fl.yelpcdn.com/bphoto/uuQ6iCLKtODztq54kbc1nw/o.jpg,False,8,"[{'alias': 'mediterranean', 'title': 'Mediterranean'}]",4.3,"{'latitude': 25.796845, 'longitude': -80.276198}",[],,"{'address1': '2100 NW 42nd Ave', 'address2': None, 'address3': None, 'city': 'Miami', 'zip_code': '33126', 'country': 'US', 'state': 'FL', 'display_address': ['2100 NW 42nd Ave', 'Miami, FL 33126']}",13058693387.0,(305) 869-3387,5036.210125431076
F5D1pd8UUqMhz4WcTLH9yg,the-pilot-house-miami-springs,The Pilot House,https://s3-media0.fl.yelpcdn.com/bphoto/oMJSEsNXvoEusUSHYAtwdw/o.jpg,False,59,"[{'alias': 'bars', 'title': 'Bars'}, {'alias': 'seafood', 'title': 'Seafood'}, {'alias': 'steak', 'title': 'Steakhouses'}]",3.9,"{'latitude': 25.8084647132998, 'longitude': -80.27683214931436}",[],,"{'address1': '4909 NW 36th St', 'address2': '', 'address3': None, 'city': 'Miami Springs', 'zip_code': '33166', 'country': 'US', 'state': 'FL', 'display_address': ['4909 NW 36th St', 'Miami Springs, FL 33166']}",17864822513.0,(786) 482-2513,6287.570192833252
y3IUa3O3IIZ7jdiiYfnzZw,perrys-steakhouse-and-grille-coral-gables-2,Perry's Steakhouse & Grille,https://s3-media0.fl.yelpcdn.com/bphoto/AjjRNJxQMeR_AheGNtkITQ/o.jpg,False,574,"[{'alias': 'steak', 'title': 'Steakhouses'}, {'alias': 'seafood', 'title': 'Seafood'}, {'alias': 'newamerican', 'title': 'New American'}]",4.0,"{'latitude': 25.7328, 'longitude': -80.25983}","['pickup', 'delivery']",$$$,"{'address1': '4251 Salzedo St', 'address2': '', 'address3': None, 'city': 'Coral Gables', 'zip_code': '33146', 'country': 'US', 'state': 'FL', 'display_address': ['4251 Salzedo St', 'Coral Gables, FL 33146']}",17867039094.0,(786) 703-9094,3595.875533498457
3DQXvYDqwwbWDD8E98zk4A,osaka-miami,Osaka,https://s3-media0.fl.yelpcdn.com/bphoto/XolOQWZQyzXN3G3ZPwlPfg/o.jpg,False,312,"[{'alias': 'japanese', 'title': 'Japanese'}, {'alias': 'sushi', 'title': 'Sushi Bars'}]",4.4,"{'latitude': 25.76037, 'longitude': -80.19033}","['pickup', 'delivery']",$$$$,"{'address1': '1300 Brickell Bay Dr', 'address2': '', 'address3': None, 'city': 'Miami', 'zip_code': '33131', 'country': 'US', 'state': 'FL', 'display_address': ['1300 Brickell Bay Dr', 'Miami, FL 33131']}",17866274800.0,(786) 627-4800,9835.632024562485
FC1HGH4fr6UbK4s0K54Asg,b-bistro-bakery-miami-2,B Bistro + Bakery,https://s3-media0.fl.yelpcdn.com/bphoto/pMrx15CKoVhT0cLx5Jrp7w/o.jpg,False,1213,"[{'alias': 'bakeries', 'title': 'Bakeries'}, {'alias': 'breakfast_brunch', 'title': 'Breakfast & Brunch'}, {'alias': 'newamerican', 'title': 'New American'}]",4.4,"{'latitude': 25.767529000000025, 'longitude': -80.19103729999999}","['delivery', 'pickup']",$$,"{'address1': '600 Brickell Ave', 'address2': 'Ste 175', 'address3': '', 'city': 'Miami', 'zip_code': '33131', 'country': 'US', 'state': 'FL', 'display_address': ['600 Brickell Ave', 'Ste 175', 'Miami, FL 33131']}",13053306310.0,(305) 330-6310,9851.903365385766
xoJaSxGkTmIIO3_iwqO4wQ,herb-n-kitchen-miami,Herb N’ Kitchen,https://s3-media0.fl.yelpcdn.com/bphoto/Du0TvhozXpI8l0YnDJtGjg/o.jpg,False,6,"[{'alias': 'convenience', 'title': 'Convenience Stores'}, {'alias': 'breakfast_brunch', 'title': 'Breakfast & Brunch'}, {'alias': 'coffee', 'title': 'Coffee & Tea'}]",4.0,"{'latitude': 25.782184862505197, 'longitude': -80.27869257724802}",[],,"{'address1': '5101 Blue Lagoon Dr', 'address2': '', 'address3': None, 'city': 'Miami', 'zip_code': '33126', 'country': 'US', 'state': 'FL', 'display_address': ['5101 Blue Lagoon Dr', 'Miami, FL 33126']}",,,3396.087563403464
rKfV44slY5ZAERBLTaE6HA,chop-steakhouse-and-bar-coconut-grove-3,Chop Steakhouse & Bar,https://s3-media0.fl.yelpcdn.com/bphoto/eP_c4V-hLfDuqOpfObRgbA/o.jpg,False,147,"[{'alias': 'steak', 'title': 'Steakhouses'}, {'alias': 'newamerican', 'title': 'New American'}]",4.5,"{'latitude': 25.72873, 'longitude': -80.242211}",[],,"{'address1': '3015 Grande Ave', 'address2': 'Ste 101', 'address3': None, 'city': 'Coconut Grove', 'zip_code': '33133', 'country': 'US', 'state': 'FL', 'display_address': ['3015 Grande Ave', 'Ste 101', 'Coconut Grove, FL 33133']}",13056920762.0,(305) 692-0762,5322.906807558563
4n41-oMwI6Th5qB8wq47Bw,la-carreta-cafe-miami-2,La Carreta Cafe,https://s3-media0.fl.yelpcdn.com/bphoto/XPPt6eT3LSvzyRKdRuTbpw/o.jpg,False,73,"[{'alias': 'cuban', 'title': 'Cuban'}]",3.7,"{'latitude': 25.79773704807633, 'longitude': -80.28151831600958}",[],$$,"{'address1': '2100 NW 42nd Ave', 'address2': 'Concourse D-37', 'address3': '', 'city': 'Miami', 'zip_code': '33126', 'country': 'US', 'state': 'FL', 'display_address': ['2100 NW 42nd Ave', 'Concourse D-37', 'Miami, FL 33126']}",,,5036.215214978327
hgxHyZfooTEdqK64QeFkmQ,la-rosa-gastrobar-coral-gables-5,La Rosa Gastrobar,https://s3-media0.fl.yelpcdn.com/bphoto/ZEuBBx6o6ql294bqtqvKng/o.jpg,False,34,"[{'alias': 'breakfast_brunch', 'title': 'Breakfast & Brunch'}, {'alias': 'gastropubs', 'title': 'Gastropubs'}, {'alias': 'latin', 'title': 'Latin American'}]",4.4,"{'latitude': 25.74906065205246, 'longitude': -80.2622999}","['restaurant_reservation', 'delivery', 'pickup']",,"{'address1': '382 Miracle Mile', 'address2': '', 'address3': None, 'city': 'Coral Gables', 'zip_code': '33134', 'country': 'US', 'state': 'FL', 'display_address': ['382 Miracle Mile', 'Coral Gables, FL 33134']}",17868705466.0,(786) 870-5466,2612.824253039029
ylA34pU7W8Nx7Di0jVCz9A,ocean-cafe-miami,Ocean Cafe,https://s3-media0.fl.yelpcdn.com/bphoto/JJoDwezrbl39Ta11pXl1cg/o.jpg,False,3,"[{'alias': 'delis', 'title': 'Delis'}, {'alias': 'burgers', 'title': 'Burgers'}, {'alias': 'sandwiches', 'title': 'Sandwiches'}]",4.7,"{'latitude': 25.7794393, 'longitude': -80.26538269999999}","['pickup', 'delivery']",$$,"{'address1': '782 NW 42nd Ave', 'address2': 'Fl 3', 'address3': '', 'city': 'Miami', 'zip_code': '33126', 'country': 'US', 'state': 'FL', 'display_address': ['782 NW 42nd Ave', 'Fl 3', 'Miami, FL 33126']}",13054441040.0,(305) 444-1040,3729.356039155874
s9-OFJrBridRA7yYZ-5g3g,bored-cuban-miami,Bored Cuban,https://s3-media0.fl.yelpcdn.com/bphoto/Vdq4z8N_0fjPNozVykueTw/o.jpg,False,121,"[{'alias': 'cuban', 'title': 'Cuban'}, {'alias': 'desserts', 'title': 'Desserts'}, {'alias': 'acaibowls', 'title': 'Acai Bowls'}]",4.2,"{'latitude': 25.77965, 'longitude': -80.26363}",[],$$,"{'address1': '831 NW 42nd Ave', 'address2': '', 'address3': None, 'city': 'Miami', 'zip_code': '33126', 'country': 'US', 'state': 'FL', 'display_address': ['831 NW 42nd Ave', 'Miami, FL 33126']}",13056420323.0,(305) 642-0323,3866.765669888233
if7FnLvTPz5NvjkQR6Li5g,mastros-ocean-club-miami,Mastro's Ocean Club,https://s3-media0.fl.yelpcdn.com/bphoto/-PJdIk4-YFokb023Jl4ziQ/o.jpg,False,102,"[{'alias': 'seafood', 'title': 'Seafood'}, {'alias': 'steak', 'title': 'Steakhouses'}]",4.4,"{'latitude': 25.7712809, 'longitude': -80.1869739}","['pickup', 'delivery']",,"{'address1': '315 S Biscayne Blvd 100', 'address2': 'Ste 100', 'address3': None, 'city': 'Miami', 'zip_code': '33131', 'country': 'US', 'state': 'FL', 'display_address': ['315 S Biscayne Blvd 100', 'Ste 100', 'Miami, FL 33131']}",17869172031.0,(786) 917-2031,10327.978510616686
HPPAmA73Xdb_5EKJHD18Ww,titts-chicken-miami,TITTS Chicken,https://s3-media0.fl.yelpcdn.com/bphoto/KCZpg1Lj5AyVteVA6JOA-Q/o.jpg,False,35,"[{'alias': 'chickenshop', 'title': 'Chicken Shop'}]",4.5,"{'latitude': 25.76198747666619, 'longitude': -80.19361641225639}",[],,"{'address1': '1250 S Miami Ave', 'address2': '', 'address3': None, 'city': 'Miami', 'zip_code': '33130', 'country': 'US', 'state': 'FL', 'display_address': ['1250 S Miami Ave', 'Miami, FL 33130']}",17866403910.0,(786) 640-3910,9511.967298550811
iveHdir91AAE5tZiSgIe7g,peppi-s-steaks-and-hoagie-s-miami,Peppi’s Steaks & Hoagie’s,https://s3-media0.fl.yelpcdn.com/bphoto/ifLxV3z-uxGV_m1DmDUNbw/o.jpg,False,7,"[{'alias': 'cheesesteaks', 'title': 'Cheesesteaks'}, {'alias': 'sandwiches', 'title': 'Sandwiches'}]",4.1,"{'latitude': 25.779684444352085, 'longitude': -80.1956887748537}",[],,"{'address1': '550 NW 1st Ave', 'address2': 'Ste 240', 'address3': None, 'city': 'Miami', 'zip_code': '33136', 'country': 'US', 'state': 'FL', 'display_address': ['550 NW 1st Ave', 'Ste 240', 'Miami, FL 33136']}",,,9719.186074108751
LZoL_aJIxVnhjzXilIpD5w,mika-coral-gables-2,MIKA,https://s3-media0.fl.yelpcdn.com/bphoto/cctHdxf-3wJhMAoynpzKzQ/o.jpg,False,102,"[{'alias': 'italian', 'title': 'Italian'}, {'alias': 'seafood', 'title': 'Seafood'}, {'alias': 'bars', 'title': 'Bars'}]",4.4,"{'latitude': 25.74433836, 'longitude': -80.25830571}",[],,"{'address1': '3007 Ponce De Leon', 'address2': 'Ste 248', 'address3': '', 'city': 'Coral Gables', 'zip_code': '33134', 'country': 'US', 'state': 'FL', 'display_address': ['3007 Ponce De Leon', 'Ste 248', 'Coral Gables, FL 33134']}",,,3144.785025910204
7zi35PQGV0jnoM7NwHWd-w,klaw-miami-miami,Klaw Miami,https://s3-media0.fl.yelpcdn.com/bphoto/d71-mtZZgh52fC-lf-5NWA/o.jpg,False,437,"[{'alias': 'steak', 'title': 'Steakhouses'}, {'alias': 'seafood', 'title': 'Seafood'}, {'alias': 'bars', 'title': 'Bars'}]",4.4,"{'latitude': 25.792143, 'longitude': -80.185898}",[],$$$$,"{'address1': '1737 N Bayshore Dr', 'address2': None, 'address3': '', 'city': 'Miami', 'zip_code': '33132', 'country': 'US', 'state': 'FL', 'display_address': ['1737 N Bayshore Dr', 'Miami, FL 33132']}",13052392523.0,(305) 239-2523,11117.741413964906
hWrr6NgHsPN-ah0DSBsVQw,islas-del-caribe-restaurant-miami,Islas Del Caribe Restaurant,https://s3-media0.fl.yelpcdn.com/bphoto/xAVOHTTGmRHXZwjHMdfRng/o.jpg,False,26,"[{'alias': 'seafood', 'title': 'Seafood'}, {'alias': 'honduran', 'title': 'Honduran'}, {'alias': 'breakfast_brunch', 'title': 'Breakfast & Brunch'}]",4.1,"{'latitude': 25.77184, 'longitude': -80.2646199}",['delivery'],$,"{'address1': '4239 W Flagler St', 'address2': '', 'address3': None, 'city': 'Miami', 'zip_code': '33134', 'country': 'US', 'state': 'FL', 'display_address': ['4239 W Flagler St', 'Miami, FL 33134']}",17865420205.0,(786) 542-0205,3169.2946758423186
6F_9_I63Gr10_6JUyZs6nQ,narbona-coconut-grove-miami,Narbona Coconut Grove,https://s3-media0.fl.yelpcdn.com/bphoto/vZ7-bB_IKX7mt0WBRiRchA/o.jpg,False,271,"[{'alias': 'wine_bars', 'title': 'Wine Bars'}, {'alias': 'breakfast_brunch', 'title': 'Breakfast & Brunch'}, {'alias': 'poke', 'title': 'Poke'}]",4.1,"{'latitude': 25.728971395927942, 'longitude': -80.24197699999999}",[],$$,"{'address1': '3015 Grand Ave', 'address2': 'Ste 116', 'address3': None, 'city': 'Miami', 'zip_code': '33133', 'country': 'US', 'state': 'FL', 'display_address': ['3015 Grand Ave', 'Ste 116', 'Miami, FL 33133']}",13059828232.0,(305) 982-8232,5322.94029317237
bVnfhaPMT60SY1-iaNz3pw,mannys-wood-grill-steakhouse-doral,Manny's Wood Grill Steakhouse,https://s3-media0.fl.yelpcdn.com/bphoto/gjejl_ir_4ENe2R3c71YtA/o.jpg,False,294,"[{'alias': 'steak', 'title': 'Steakhouses'}]",4.6,"{'latitude': 25.798706, 'longitude': -80.337676}",['delivery'],$$$,"{'address1': '2600 NW 87th Ave', 'address2': 'Ste 10', 'address3': '', 'city': 'Doral', 'zip_code': '33172', 'country': 'US', 'state': 'FL', 'display_address': ['2600 NW 87th Ave', 'Ste 10', 'Doral, FL 33172']}",17863552784.0,(786) 355-2784,7131.4929924664975
Uzs8PA35Qyc8uXKo3yKjqA,khaosan-road-coral-gables,Khaosan Road,https://s3-media0.fl.yelpcdn.com/bphoto/NIt9WmBsO3nz97-Wx_xI5A/o.jpg,False,180,"[{'alias': 'thai', 'title': 'Thai'}]",4.4,"{'latitude': 25.751469, 'longitude': -80.258076}","['pickup', 'delivery']",$$,"{'address1': '157 Giralda Ave', 'address2': None, 'address3': '', 'city': 'Coral Gables', 'zip_code': '33134', 'country': 'US', 'state': 'FL', 'display_address': ['157 Giralda Ave', 'Coral Gables, FL 33134']}",13054442397.0,(305) 444-2397,3006.364390146928
RHeKcqEpV72fnUDUfjBFdg,pastelmania-bakery-miami,Pastelmania Bakery,https://s3-media0.fl.yelpcdn.com/bphoto/ABZahwW4odK3P4rT--f3SA/o.jpg,False,112,"[{'alias': 'latin', 'title': 'Latin American'}, {'alias': 'breakfast_brunch', 'title': 'Breakfast & Brunch'}]",4.8,"{'latitude': 25.7729607, 'longitude': -80.2285614}",[],$,"{'address1': '2015 W Flagler St', 'address2': '', 'address3': '', 'city': 'Miami', 'zip_code': '33126', 'country': 'US', 'state': 'FL', 'display_address': ['2015 W Flagler St', 'Miami, FL 33126']}",13055413675.0,(305) 541-3675,6353.756331752356
p9muUUiYGkLIr5atn5i2LA,habibi-miami-miami-4,Habibi Miami,https://s3-media0.fl.yelpcdn.com/bphoto/2U12h8p2fkSaWqoLVCBQWA/o.jpg,False,78,"[{'alias': 'mediterranean', 'title': 'Mediterranean'}, {'alias': 'lounges', 'title': 'Lounges'}, {'alias': 'arabian', 'title': 'Arabic'}]",2.9,"{'latitude': 25.7778707, 'longitude': -80.20529396284643}",[],,"{'address1': '452 NW North River Dr', 'address2': None, 'address3': None, 'city': 'Miami', 'zip_code': '33128', 'country': 'US', 'state': 'FL', 'display_address': ['452 NW North River Dr', 'Miami, FL 33128']}",17868832800.0,(786) 883-2800,8742.563778966021
n6xaLebNjh8sYiYh89gdEQ,komodo-miami-miami-2,Komodo Miami,https://s3-media0.fl.yelpcdn.com/bphoto/5r3TGA_YUAC7X48n-TUeDA/o.jpg,False,2612,"[{'alias': 'asianfusion', 'title': 'Asian Fusion'}, {'alias': 'cocktailbars', 'title': 'Cocktail Bars'}]",3.9,"{'latitude': 25.765620189138485, 'longitude': -80.190062945046}",['delivery'],$$$$,"{'address1': '801 Brickell Ave', 'address2': None, 'address3': '', 'city': 'Miami', 'zip_code': '33131', 'country': 'US', 'state': 'FL', 'display_address': ['801 Brickell Ave', 'Miami, FL 33131']}",13055342211.0,(305) 534-2211,9915.554230771037
G7sq7f6Zqn5QsB7ShV29AA,café-laurel-miami,Café Laurel,https://s3-media0.fl.yelpcdn.com/bphoto/SUbSFNBPzz9o6tWp4kl4KQ/o.jpg,False,98,"[{'alias': 'french', 'title': 'French'}, {'alias': 'breakfast_brunch', 'title': 'Breakfast & Brunch'}, {'alias': 'burgers', 'title': 'Burgers'}]",4.5,"{'latitude': 25.780823616241143, 'longitude': -80.1923532}",[],,"{'address1': '698 NE 1st Ave', 'address2': 'G-170', 'address3': '', 'city': 'Miami', 'zip_code': '33132', 'country': 'US', 'state': 'FL', 'display_address': ['698 NE 1st Ave', 'G-170', 'Miami, FL 33132']}",13053309048.0,(305) 330-9048,10075.942488272314
x9AjrNAXK2H8MNeklHp9Qw,paseo-catracho-miami-2,Paseo Catracho,https://s3-media0.fl.yelpcdn.com/bphoto/5AW0Wlpv4P6Df2MjrQThWg/o.jpg,False,77,"[{'alias': 'latin', 'title': 'Latin American'}]",4.2,"{'latitude': 25.778421, 'longitude': -80.273284}",['delivery'],$,"{'address1': '4750 NW 7th St', 'address2': '', 'address3': '', 'city': 'Miami', 'zip_code': '33126', 'country': 'US', 'state': 'FL', 'display_address': ['4750 NW 7th St', 'Miami, FL 33126']}",13054419391.0,(305) 441-9391,3199.6930240121533
IEHCi2Os2NrAnSlJPxKA2A,bone-marrow-soup-miami-2,Bone Marrow Soup,https://s3-media0.fl.yelpcdn.com/bphoto/YPlK9yQPM-2qyXdGZjzVSA/o.jpg,False,2,"[{'alias': 'soup', 'title': 'Soup'}]",5.0,"{'latitude': 25.72631, 'longitude': -80.31733}",[],,"{'address1': '4708 SW 75th Ave', 'address2': None, 'address3': '', 'city': 'Miami', 'zip_code': '33155', 'country': 'US', 'state': 'FL', 'display_address': ['4708 SW 75th Ave', 'Miami, FL 33155']}",13055075547.0,(305) 507-5547,4158.692061742453
H6KWK8GNk9bxUsjOOgHW1Q,duffys-tavern-miami,Duffy's Tavern,https://s3-media0.fl.yelpcdn.com/bphoto/3wVBJ958NiGCq2FancTqVg/o.jpg,False,257,"[{'alias': 'bars', 'title': 'Bars'}, {'alias': 'burgers', 'title': 'Burgers'}]",3.8,"{'latitude': 25.7511641166699, 'longitude': -80.2875455514379}",['pickup'],$$,"{'address1': '2108 SW 57th Ave', 'address2': '', 'address3': '', 'city': 'Miami', 'zip_code': '33155', 'country': 'US', 'state': 'FL', 'display_address': ['2108 SW 57th Ave', 'Miami, FL 33155']}",13052646580.0,(305) 264-6580,191.90300147145925
Vfg66BjkL7dwWVS2aXUS8w,the-brightside-miami,The Brightside,https://s3-media0.fl.yelpcdn.com/bphoto/o3lXLYGvwFSFQbFPtUcKzg/o.jpg,False,122,"[{'alias': 'bars', 'title': 'Bars'}, {'alias': 'desserts', 'title': 'Desserts'}, {'alias': 'sandwiches', 'title': 'Sandwiches'}]",4.8,"{'latitude': 25.75106306843526, 'longitude': -80.22250558632564}","['pickup', 'delivery']",$$,"{'address1': '1721 SW 22nd St', 'address2': '', 'address3': None, 'city': 'Miami', 'zip_code': '33145', 'country': 'US', 'state': 'FL', 'display_address': ['1721 SW 22nd St', 'Miami, FL 33145']}",17865584351.0,(786) 558-4351,6567.375620207152
pGhQF1o7hwwQlZOg16Xujg,cucina-povera-coral-gables,Cucina Povera,https://s3-media0.fl.yelpcdn.com/bphoto/qLmXl5Xr08lN0i_X4CWv2g/o.jpg,False,19,"[{'alias': 'italian', 'title': 'Italian'}, {'alias': 'breakfast_brunch', 'title': 'Breakfast & Brunch'}, {'alias': 'pizza', 'title': 'Pizza'}]",4.8,"{'latitude': 25.733791080584677, 'longitude': -80.2553999}",[],,"{'address1': '3060 SW 37th Ave', 'address2': 'Ste 105', 'address3': '', 'city': 'Coral Gables', 'zip_code': '33146', 'country': 'US', 'state': 'FL', 'display_address': ['3060 SW 37th Ave', 'Ste 105', 'Coral Gables, FL 33146']}",17863194729.0,(786) 319-4729,3895.630114061991
ADe7l7J_Cn4n6ptFNXW-tg,cebada-rooftop-coral-gables,Cebada Rooftop,https://s3-media0.fl.yelpcdn.com/bphoto/5asbN9R5tyN_4JkPkRHTkg/o.jpg,False,286,"[{'alias': 'wine_bars', 'title': 'Wine Bars'}, {'alias': 'cocktailbars', 'title': 'Cocktail Bars'}, {'alias': 'seafood', 'title': 'Seafood'}]",4.2,"{'latitude': 25.7511883, 'longitude': -80.2574903}",[],$$,"{'address1': '124 Giralda Ave', 'address2': '', 'address3': None, 'city': 'Coral Gables', 'zip_code': '33134', 'country': 'US', 'state': 'FL', 'display_address': ['124 Giralda Ave', 'Coral Gables, FL 33134']}",17864092287.0,(786) 409-2287,3078.8271925350537
fFR_1Ct8v1g9c-aN43BA4w,la-pata-gorda-coral-gables,La Pata Gorda,https://s3-media0.fl.yelpcdn.com/bphoto/_OEkQePU-WNWoIrUYwIyGw/o.jpg,False,217,"[{'alias': 'seafood', 'title': 'Seafood'}]",4.6,"{'latitude': 25.7492168, 'longitude': -80.25945604526306}","['pickup', 'delivery']",,"{'address1': '232 Miracle Mile', 'address2': None, 'address3': '', 'city': 'Coral Gables', 'zip_code': '33134', 'country': 'US', 'state': 'FL', 'display_address': ['232 Miracle Mile', 'Coral Gables, FL 33134']}",17869638171.0,(786) 963-8171,2891.852275445524
cfKSCK2VLL4anl-et-rgtQ,cooper-s-hawk-winery-and-restaurant-doral,Cooper’s Hawk Winery & Restaurant,https://s3-media0.fl.yelpcdn.com/bphoto/5idXNtWN95-9dDgOh-8OSQ/o.jpg,False,1254,"[{'alias': 'newamerican', 'title': 'New American'}, {'alias': 'wine_bars', 'title': 'Wine Bars'}]",4.2,"{'latitude': 25.8092923551863, 'longitude': -80.3307232855844}","['pickup', 'delivery']",$$,"{'address1': '3585 NW 83rd Ave', 'address2': None, 'address3': '', 'city': 'Doral', 'zip_code': '33122', 'country': 'US', 'state': 'FL', 'display_address': ['3585 NW 83rd Ave', 'Doral, FL 33122']}",17868144777.0,(786) 814-4777,7594.37240978339
eo2W_Hakq3SVGUsUSBHvGw,1-800-lucky-miami-2,1-800-Lucky,https://s3-media0.fl.yelpcdn.com/bphoto/-9HmE7mElkNa7K0M9VhoyQ/o.jpg,False,1691,"[{'alias': 'asianfusion', 'title': 'Asian Fusion'}, {'alias': 'bars', 'title': 'Bars'}, {'alias': 'karaoke', 'title': 'Karaoke'}]",4.1,"{'latitude': 25.79931, 'longitude': -80.198}",['delivery'],$$,"{'address1': '143 NW 23rd St', 'address2': None, 'address3': '', 'city': 'Miami', 'zip_code': '33127', 'country': 'US', 'state': 'FL', 'display_address': ['143 NW 23rd St', 'Miami, FL 33127']}",13057689826.0,(305) 768-9826,10401.384990501072
Cu1PIxhrplp09-eAwjmX5A,bistro-café-coral-gables-2,Bistro Café,https://s3-media0.fl.yelpcdn.com/bphoto/MkLAc6GHk6xq2O3UkF3_zA/o.jpg,False,214,"[{'alias': 'breakfast_brunch', 'title': 'Breakfast & Brunch'}, {'alias': 'coffee', 'title': 'Coffee & Tea'}, {'alias': 'sandwiches', 'title': 'Sandwiches'}]",4.2,"{'latitude': 25.73344, 'longitude': -80.26102}",[],$$,"{'address1': '4155 Laguna St', 'address2': '', 'address3': None, 'city': 'Coral Gables', 'zip_code': '33146', 'country': 'US', 'state': 'FL', 'display_address': ['4155 Laguna St', 'Coral Gables, FL 33146']}",13055308193.0,(305) 530-8193,3465.018681145476
JYFUBml_kne5X-4rQVt7-g,fonda-sabaneta-miami-3,Fonda Sabaneta,,False,1,"[{'alias': 'colombian', 'title': 'Colombian'}, {'alias': 'cocktailbars', 'title': 'Cocktail Bars'}]",5.0,"{'latitude': 25.7660954848961, 'longitude': -80.2129928}",[],,"{'address1': '1101 SW 8th St', 'address2': None, 'address3': None, 'city': 'Miami', 'zip_code': '33130', 'country': 'US', 'state': 'FL', 'display_address': ['1101 SW 8th St', 'Miami, FL 33130']}",17866155595.0,(786) 615-5595,7660.069427764683
dS1PwKBd4ya9PG1d4cpkwQ,tacos-and-cantina-la-potranca-doral,Tacos & Cantina La Potranca,https://s3-media0.fl.yelpcdn.com/bphoto/MZCTG7fQEfg_lUOcB6NgDQ/o.jpg,False,170,"[{'alias': 'newmexican', 'title': 'New Mexican Cuisine'}, {'alias': 'tacos', 'title': 'Tacos'}]",4.5,"{'latitude': 25.798730247955724, 'longitude': -80.33776019999999}","['pickup', 'delivery']",$$,"{'address1': '2600 NW 87th Ave', 'address2': 'Ste 27', 'address3': '', 'city': 'Doral', 'zip_code': '33172', 'country': 'US', 'state': 'FL', 'display_address': ['2600 NW 87th Ave', 'Ste 27', 'Doral, FL 33172']}",17869631192.0,(786) 963-1192,7129.228478247389
oxavRbReVd34pQjyBn14Vg,eloise-and-earnestine-soul-food-miami,Eloise & Earnestine Soul Food,https://s3-media0.fl.yelpcdn.com/bphoto/evolc0BxKzfjfP3RP2lWVA/o.jpg,False,47,"[{'alias': 'soulfood', 'title': 'Soul Food'}]",4.3,"{'latitude': 25.836011, 'longitude': -80.241088}",['delivery'],,"{'address1': '6781 NW 27th Ave', 'address2': '', 'address3': None, 'city': 'Miami', 'zip_code': '33147', 'country': 'US', 'state': 'FL', 'display_address': ['6781 NW 27th Ave', 'Miami, FL 33147']}",13056877774.0,(305) 687-7774,10374.264642869535
GJO03E6tUJjLFtvx4uoZSA,doya-miami,Doya,https://s3-media0.fl.yelpcdn.com/bphoto/XesnlroruXzaTnHSfO9YeQ/o.jpg,False,612,"[{'alias': 'turkish', 'title': 'Turkish'}, {'alias': 'mediterranean', 'title': 'Mediterranean'}, {'alias': 'greek', 'title': 'Greek'}]",4.2,"{'latitude': 25.8002094367749, 'longitude': -80.20144899999939}",['delivery'],$$$,"{'address1': '347 NW 24th St', 'address2': '', 'address3': None, 'city': 'Miami', 'zip_code': '33127', 'country': 'US', 'state': 'FL', 'display_address': ['347 NW 24th St', 'Miami, FL 33127']}",13055012848.0,(305) 501-2848,10146.5035057431
wrNU7Kg1KllhIikzyvLHcg,a-little-bit-of-philly-miami-springs,A Little Bit of Philly,https://s3-media0.fl.yelpcdn.com/bphoto/hIvPlJGyQp5Qpe7Ng62sCA/o.jpg,False,407,"[{'alias': 'pizza', 'title': 'Pizza'}, {'alias': 'cheesesteaks', 'title': 'Cheesesteaks'}, {'alias': 'sandwiches', 'title': 'Sandwiches'}]",4.6,"{'latitude': 25.809897, 'longitude': -80.289642}","['pickup', 'delivery']",$,"{'address1': '3940 Curtiss Pkwy', 'address2': '', 'address3': '', 'city': 'Miami Springs', 'zip_code': '33166', 'country': 'US', 'state': 'FL', 'display_address': ['3940 Curtiss Pkwy', 'Miami Springs, FL 33166']}",,,6367.255255076937
E1kKPa8V-DuKoV0PulDH-A,rincon-criollo-restaurant-miami,Rincon Criollo Restaurant,https://s3-media0.fl.yelpcdn.com/bphoto/06OCIe1kE4dsP5Ab9e__ag/o.jpg,False,239,"[{'alias': 'cuban', 'title': 'Cuban'}]",3.7,"{'latitude': 25.799974, 'longitude': -80.259765}","['pickup', 'delivery']",$$,"{'address1': '2601 NW 39th Ave', 'address2': '', 'address3': '', 'city': 'Miami', 'zip_code': '33142', 'country': 'US', 'state': 'FL', 'display_address': ['2601 NW 39th Ave', 'Miami, FL 33142']}",13058717755.0,(305) 871-7755,5939.957955619706
xjA66W-FXlSc1kSYKGaADg,maiz-y-agave-miami,Maiz y Agave,https://s3-media0.fl.yelpcdn.com/bphoto/Oq_5XrFH8-Ehq1tYE4Huwg/o.jpg,False,465,"[{'alias': 'mexican', 'title': 'Mexican'}]",3.9,"{'latitude': 25.74969, 'longitude': -80.26233}",[],$$$,"{'address1': '375 Miracle Mile', 'address2': '', 'address3': None, 'city': 'Miami', 'zip_code': '33134', 'country': 'US', 'state': 'FL', 'display_address': ['375 Miracle Mile', 'Miami, FL 33134']}",,,2594.403206519632
nvwXcXSSNoV7FDWvYi_OKA,mandolin-aegean-bistro-miami,Mandolin Aegean Bistro,https://s3-media0.fl.yelpcdn.com/bphoto/BEDw_cqx7hcxcIOx-StEmA/o.jpg,False,2566,"[{'alias': 'mediterranean', 'title': 'Mediterranean'}, {'alias': 'greek', 'title': 'Greek'}, {'alias': 'turkish', 'title': 'Turkish'}]",4.3,"{'latitude': 25.815960646211337, 'longitude': -80.19164751387174}","['delivery', 'pickup']",$$,"{'address1': '4312 NE 2nd Ave', 'address2': '', 'address3': '', 'city': 'Miami', 'zip_code': '33137', 'country': 'US', 'state': 'FL', 'display_address': ['4312 NE 2nd Ave', 'Miami, FL 33137']}",13057499140.0,(305) 749-9140,11935.06594424742
K6zJCTpwqQ4jL5IwqJPHaw,aromas-del-peru-west-miami-4,Aromas del Peru,https://s3-media0.fl.yelpcdn.com/bphoto/_7GZCQzv_nNIFrCVr-WCOQ/o.jpg,False,405,"[{'alias': 'peruvian', 'title': 'Peruvian'}, {'alias': 'seafood', 'title': 'Seafood'}]",4.0,"{'latitude': 25.7639979, 'longitude': -80.2890612}","['delivery', 'pickup']",$$,"{'address1': '5757 SW 8th St', 'address2': '', 'address3': '', 'city': 'West Miami', 'zip_code': '33144', 'country': 'US', 'state': 'FL', 'display_address': ['5757 SW 8th St', 'West Miami, FL 33144']}",17863470506.0,(786) 347-0506,1246.0538306922235
DM9KQiNPP0kNl3THdfyVGA,tullio-coral-gables,Tullio,https://s3-media0.fl.yelpcdn.com/bphoto/27htor5zR_vzkULv-yFtVg/o.jpg,False,108,"[{'alias': 'italian', 'title': 'Italian'}, {'alias': 'desserts', 'title': 'Desserts'}, {'alias': 'wine_bars', 'title': 'Wine Bars'}]",4.5,"{'latitude': 25.748444, 'longitude': -80.258171}",[],,"{'address1': '160 Andalusia Ave', 'address2': None, 'address3': '', 'city': 'Coral Gables', 'zip_code': '33134', 'country': 'US', 'state': 'FL', 'display_address': ['160 Andalusia Ave', 'Coral Gables, FL 33134']}",13059264208.0,(305) 926-4208,3042.584192285582
cETvHb5dsiPV7Q9DivnqwQ,le-bouchon-du-grove-coconut-grove,Le Bouchon Du Grove,https://s3-media0.fl.yelpcdn.com/bphoto/CAZOClUdPe46iS5yEIL-UA/o.jpg,False,663,"[{'alias': 'french', 'title': 'French'}]",3.9,"{'latitude': 25.72777, 'longitude': -80.24317}","['delivery', 'pickup']",$$,"{'address1': '3430 Main Hwy', 'address2': '', 'address3': '', 'city': 'Coconut Grove', 'zip_code': '33133', 'country': 'US', 'state': 'FL', 'display_address': ['3430 Main Hwy', 'Coconut Grove, FL 33133']}",13054486060.0,(305) 448-6060,5315.7689194173845
owu3ufM0B_sFgh-aVsLO4g,manta-wynwood-miami,Manta Wynwood,https://s3-media0.fl.yelpcdn.com/bphoto/kE2LcHuOdcUde2b7FGkcXw/o.jpg,False,312,"[{'alias': 'peruvian', 'title': 'Peruvian'}]",4.4,"{'latitude': 25.800567, 'longitude': -80.197097}",['delivery'],$$$,"{'address1': '102 NW 25th St', 'address2': None, 'address3': '', 'city': 'Miami', 'zip_code': '33127', 'country': 'US', 'state': 'FL', 'display_address': ['102 NW 25th St', 'Miami, FL 33127']}",17869324678.0,(786) 932-4678,10538.744609529918
7ttBVJ-B9xQKLibnHi5_lw,tap-42-coral-gables-coral-gables-2,Tap 42  - Coral Gables,https://s3-media0.fl.yelpcdn.com/bphoto/PDvpjArX6jAkAfIowuK6BA/o.jpg,False,1332,"[{'alias': 'gastropubs', 'title': 'Gastropubs'}, {'alias': 'breakfast_brunch', 'title': 'Breakfast & Brunch'}, {'alias': 'beerbar', 'title': 'Beer Bar'}]",4.1,"{'latitude': 25.7511526879356, 'longitude': -80.2609388498841}","['delivery', 'pickup']",$$,"{'address1': '301 Giralda Ave', 'address2': None, 'address3': '', 'city': 'Coral Gables', 'zip_code': '33134', 'country': 'US', 'state': 'FL', 'display_address': ['301 Giralda Ave', 'Coral Gables, FL 33134']}",17863911566.0,(786) 391-1566,2721.6859493692677
uu1L8C1bb1woOw8ebKNZkQ,mary-s-cafe-and-coin-laundry-miami,Mary’s Cafe & Coin Laundry,https://s3-media0.fl.yelpcdn.com/bphoto/JQsPk9fW24lZTd4fqL-yog/o.jpg,False,268,"[{'alias': 'cuban', 'title': 'Cuban'}, {'alias': 'laundromat', 'title': 'Laundromat'}, {'alias': 'coffee', 'title': 'Coffee & Tea'}]",4.1,"{'latitude': 25.74446, 'longitude': -80.2383399}",['delivery'],$,"{'address1': '2542 SW 27th Ave', 'address2': '', 'address3': '', 'city': 'Miami', 'zip_code': '33133', 'country': 'US', 'state': 'FL', 'display_address': ['2542 SW 27th Ave', 'Miami, FL 33133']}",13054436672.0,(305) 443-6672,5074.002210407632
wWC-EP1A2rPmDOKJaU5v4w,john-martins-miami-2,John Martin's,https://s3-media0.fl.yelpcdn.com/bphoto/CN0D116yvcsyHF_G3gcvWQ/o.jpg,False,179,"[{'alias': 'irish', 'title': 'Irish'}, {'alias': 'irish_pubs', 'title': 'Irish Pub'}]",3.9,"{'latitude': 25.74983, 'longitude': -80.25978}",[],$$,"{'address1': '253 Miracle Mile', 'address2': '', 'address3': None, 'city': 'Miami', 'zip_code': '33134', 'country': 'US', 'state': 'FL', 'display_address': ['253 Miracle Mile', 'Miami, FL 33134']}",13052090609.0,(305) 209-0609,2850.1177918051494
SQ66LPHvqbOcEdDY50XjCw,2-korean-girls-miami-2,2 Korean Girls,https://s3-media0.fl.yelpcdn.com/bphoto/UMRPiTa4c5LR3Fnt7104jA/o.jpg,False,87,"[{'alias': 'korean', 'title': 'Korean'}, {'alias': 'vegan', 'title': 'Vegan'}, {'alias': 'fooddeliveryservices', 'title': 'Food Delivery Services'}]",4.1,"{'latitude': 25.813248515806286, 'longitude': -80.20557691167777}",[],,"{'address1': None, 'address2': None, 'address3': '', 'city': 'Miami', 'zip_code': '33127', 'country': 'US', 'state': 'FL', 'display_address': ['Miami, FL 33127']}",,,10645.465214520123
rbPpKsUOLyZjcYhhxrae3w,lili-s-mediterranean-food-coral-gables,Lili’s Mediterranean Food,https://s3-media0.fl.yelpcdn.com/bphoto/8H_RMcB05v_fxjjj3TPphg/o.jpg,False,19,"[{'alias': 'mediterranean', 'title': 'Mediterranean'}]",4.5,"{'latitude': 25.75486889851338, 'longitude': -80.25856189999999}",[],,"{'address1': '1915 Ponce De Leon', 'address2': '', 'address3': None, 'city': 'Coral Gables', 'zip_code': '33134', 'country': 'US', 'state': 'FL', 'display_address': ['1915 Ponce De Leon', 'Coral Gables, FL 33134']}",18628810516.0,(862) 881-0516,2962.003982470374
wik7B9NqYB2_q3Ublmbkew,the-lasagna-shop-no-title,The Lasagna Shop,https://s3-media0.fl.yelpcdn.com/bphoto/jJC4wdll7j0lPVSdiZODzg/o.jpg,False,1,"[{'alias': 'italian', 'title': 'Italian'}, {'alias': 'catering', 'title': 'Caterers'}, {'alias': 'comfortfood', 'title': 'Comfort Food'}]",5.0,"{'latitude': 25.74219, 'longitude': -80.31035}",[],,"{'address1': '7143 N Waterway Dr', 'address2': None, 'address3': '', 'city': 'Miami', 'zip_code': '33155', 'country': 'US', 'state': 'FL', 'display_address': ['7143 N Waterway Dr', 'Miami, FL 33155']}",17868780653.0,(786) 878-0653,2527.7121738862384
kG_3ZWckqbUSoCziVyUyjA,the-boiling-crab-south-miami,The Boiling Crab,https://s3-media0.fl.yelpcdn.com/bphoto/TPxS8J7CL9eYbniS7MrBpQ/o.jpg,False,240,"[{'alias': 'cajun', 'title': 'Cajun/Creole'}, {'alias': 'seafood', 'title': 'Seafood'}]",4.0,"{'latitude': 25.703709, 'longitude': -80.287808}","['delivery', 'pickup']",$$,"{'address1': '5829 SW 73rd St', 'address2': None, 'address3': '', 'city': 'South Miami', 'zip_code': '33143', 'country': 'US', 'state': 'FL', 'display_address': ['5829 SW 73rd St', 'South Miami, FL 33143']}",17864822736.0,(786) 482-2736,5466.18283987511
3udyua0rVbUAblwNg1XPqQ,basilico-ristorante-virginia-gardens,Basilico Ristorante,https://s3-media0.fl.yelpcdn.com/bphoto/HxkULZYfYLw6Lrf9AP6sRw/o.jpg,False,239,"[{'alias': 'italian', 'title': 'Italian'}]",4.4,"{'latitude': 25.8080153489093, 'longitude': -80.2918604761362}",['delivery'],$$,"{'address1': '5879 NW 36th St', 'address2': '', 'address3': '', 'city': 'Virginia Gardens', 'zip_code': '33166', 'country': 'US', 'state': 'FL', 'display_address': ['5879 NW 36th St', 'Virginia Gardens, FL 33166']}",13058713585.0,(305) 871-3585,6148.294535397074
_reA2qDZP0H5UmbP5-E97Q,mayu-miami,Mayu,https://s3-media0.fl.yelpcdn.com/bphoto/xFragfXspGc7MoQbyQ63cQ/o.jpg,False,99,"[{'alias': 'peruvian', 'title': 'Peruvian'}]",4.6,"{'latitude': 25.76746261, 'longitude': -80.1969397}","['delivery', 'pickup']",,"{'address1': '177 SW 7th St', 'address2': None, 'address3': '', 'city': 'Miami', 'zip_code': '33130', 'country': 'US', 'state': 'FL', 'display_address': ['177 SW 7th St', 'Miami, FL 33130']}",13058601426.0,(305) 860-1426,9268.226115218684
EifxMstpnQLYqBzGQ4DFRQ,d-pura-cepa-miami,D’Pura Cepa,https://s3-media0.fl.yelpcdn.com/bphoto/Z7vqCm90i0ER0YHVA8cjZQ/o.jpg,False,13,"[{'alias': 'puertorican', 'title': 'Puerto Rican'}]",4.3,"{'latitude': 25.754151872023467, 'longitude': -80.20722110403176}",[],,"{'address1': '2600 SW 2nd Ave', 'address2': '', 'address3': None, 'city': 'Miami', 'zip_code': '33129', 'country': 'US', 'state': 'FL', 'display_address': ['2600 SW 2nd Ave', 'Miami, FL 33129']}",17873937088.0,(787) 393-7088,8096.432231317036
lA0pZRdywCObvwp2In7O7Q,mayami-wynwood-miami,Mayami Wynwood,https://s3-media0.fl.yelpcdn.com/bphoto/xpxpKqYOGIPKHeCSdAcZLQ/o.jpg,False,747,"[{'alias': 'mexican', 'title': 'Mexican'}, {'alias': 'cocktailbars', 'title': 'Cocktail Bars'}]",3.1,"{'latitude': 25.79933630371411, 'longitude': -80.1976713}","['delivery', 'restaurant_reservation', 'pickup']",$$$,"{'address1': '127 NW 23rd St', 'address2': '', 'address3': None, 'city': 'Miami', 'zip_code': '33127', 'country': 'US', 'state': 'FL', 'display_address': ['127 NW 23rd St', 'Miami, FL 33127']}",17866601341.0,(786) 660-1341,10423.14003659493
ytb24iUXCaophnrZ7jtU6w,manila-kantina-miami,Manila Kantina,https://s3-media0.fl.yelpcdn.com/bphoto/LCPxf85LRVOLowUO8vLUvQ/o.jpg,False,95,"[{'alias': 'filipino', 'title': 'Filipino'}, {'alias': 'breakfast_brunch', 'title': 'Breakfast & Brunch'}, {'alias': 'asianfusion', 'title': 'Asian Fusion'}]",4.9,"{'latitude': 25.7744277357264, 'longitude': -80.189323626485}","['delivery', 'pickup']",$$,"{'address1': '245 E Flagler St', 'address2': '', 'address3': None, 'city': 'Miami', 'zip_code': '33131', 'country': 'US', 'state': 'FL', 'display_address': ['245 E Flagler St', 'Miami, FL 33131']}",17865348277.0,(786) 534-8277,10174.212376300096
-QtB-fGXYKdaEQySVO28wg,dirty-french-steakhouse-miami,Dirty French Steakhouse,https://s3-media0.fl.yelpcdn.com/bphoto/od-_Bk7pATaeg7gppLY08A/o.jpg,False,268,"[{'alias': 'french', 'title': 'French'}, {'alias': 'steak', 'title': 'Steakhouses'}]",4.1,"{'latitude': 25.76208, 'longitude': -80.1925}",[],$$$$,"{'address1': '1200 Brickell Ave', 'address2': None, 'address3': '', 'city': 'Miami', 'zip_code': '33131', 'country': 'US', 'state': 'FL', 'display_address': ['1200 Brickell Ave', 'Miami, FL 33131']}",12122543000.0,(212) 254-3000,9638.720136987266
HlYMHwB3vlOGvkm7RA_vMQ,isabelles-grill-room-and-garden-miami-2,Isabelle's Grill Room and Garden,https://s3-media0.fl.yelpcdn.com/bphoto/Ci6d6ZAlGTEQJBFAN-YzRA/o.jpg,False,71,"[{'alias': 'newamerican', 'title': 'New American'}]",3.7,"{'latitude': 25.73060899592036, 'longitude': -80.23803449161768}",['delivery'],,"{'address1': '3330 SW 27th Ave', 'address2': '', 'address3': None, 'city': 'Miami', 'zip_code': '33133', 'country': 'US', 'state': 'FL', 'display_address': ['3330 SW 27th Ave', 'Miami, FL 33133']}",13056444680.0,(305) 644-4680,5585.77891508009
Wy-J_av7_SUm7AuXp_ieUw,breadman-miami-miami-2,Breadman Miami,https://s3-media0.fl.yelpcdn.com/bphoto/fMl36Zx3mGGcZ-b7ni6-mA/o.jpg,False,246,"[{'alias': 'bakeries', 'title': 'Bakeries'}, {'alias': 'sandwiches', 'title': 'Sandwiches'}, {'alias': 'breakfast_brunch', 'title': 'Breakfast & Brunch'}]",4.5,"{'latitude': 25.7618704668318, 'longitude': -80.3266456998574}","['delivery', 'pickup']",$,"{'address1': '8100 SW 8th St', 'address2': None, 'address3': None, 'city': 'Miami', 'zip_code': '33144', 'country': 'US', 'state': 'FL', 'display_address': ['8100 SW 8th St', 'Miami, FL 33144']}",13052651348.0,(305) 265-1348,3993.7707812706894
i-fgz6ZbZ4D1uqeKa76xmw,pho-79-miami,Pho 79,https://s3-media0.fl.yelpcdn.com/bphoto/D34zn-uq4PG53NP5QttTgg/o.jpg,False,963,"[{'alias': 'vietnamese', 'title': 'Vietnamese'}, {'alias': 'noodles', 'title': 'Noodles'}, {'alias': 'bubbletea', 'title': 'Bubble Tea'}]",4.1,"{'latitude': 25.756192, 'longitude': -80.366591}","['delivery', 'pickup']",$$,"{'address1': '1415 SW 107th Ave', 'address2': '', 'address3': None, 'city': 'Miami', 'zip_code': '33174', 'country': 'US', 'state': 'FL', 'display_address': ['1415 SW 107th Ave', 'Miami, FL 33174']}",13056037222.0,(305) 603-7222,7874.619628255297
xbP0RbYjeBeaey8vaZWwGA,the-greek-street-miami,The Greek Street,https://s3-media0.fl.yelpcdn.com/bphoto/gV822R8VkWPmC1PJwTRMaQ/o.jpg,False,3,"[{'alias': 'greek', 'title': 'Greek'}, {'alias': 'mediterranean', 'title': 'Mediterranean'}]",3.7,"{'latitude': 25.731804678814296, 'longitude': -80.3070565}",[],,"{'address1': '6970 SW 40th St', 'address2': None, 'address3': '', 'city': 'Miami', 'zip_code': '33155', 'country': 'US', 'state': 'FL', 'display_address': ['6970 SW 40th St', 'Miami, FL 33155']}",,,3014.782072076099
-vIOvnJhvEfWfUZeobqGqQ,majestic-portuguese-bakehouse-miami,Majestic Portuguese Bakehouse,https://s3-media0.fl.yelpcdn.com/bphoto/7hjzo3Kulu7jpZJju5KGNA/o.jpg,False,197,"[{'alias': 'portuguese', 'title': 'Portuguese'}, {'alias': 'bakeries', 'title': 'Bakeries'}, {'alias': 'desserts', 'title': 'Desserts'}]",4.3,"{'latitude': 25.749701, 'longitude': -80.2486254}",['delivery'],$$,"{'address1': '3340 Coral Way', 'address2': '', 'address3': None, 'city': 'Miami', 'zip_code': '33145', 'country': 'US', 'state': 'FL', 'display_address': ['3340 Coral Way', 'Miami, FL 33145']}",17862940833.0,(786) 294-0833,3963.81695458576
A5eRH3hfyWQeNOsEu_0dag,ophelia-miami,Ophelia,https://s3-media0.fl.yelpcdn.com/bphoto/0m0GSyI61uD2OYcb63GM2w/o.jpg,False,52,"[{'alias': 'bakeries', 'title': 'Bakeries'}, {'alias': 'coffee', 'title': 'Coffee & Tea'}, {'alias': 'breakfast_brunch', 'title': 'Breakfast & Brunch'}]",4.8,"{'latitude': 25.74314169400243, 'longitude': -80.22850297639151}",[],,"{'address1': '2140 S Dixie Hwy', 'address2': '', 'address3': None, 'city': 'Miami', 'zip_code': '33133', 'country': 'US', 'state': 'FL', 'display_address': ['2140 S Dixie Hwy', 'Miami, FL 33133']}",,,6060.485355108973
byXml8ucI-z68JnV7aFpTg,china-express-miami-2,China Express,https://s3-media0.fl.yelpcdn.com/bphoto/w3v0ReqwshHycPmBIreUUw/o.jpg,False,192,"[{'alias': 'chinese', 'title': 'Chinese'}]",4.1,"{'latitude': 25.77057, 'longitude': -80.28882}","['delivery', 'pickup']",$,"{'address1': '5748 W Flagler St', 'address2': '', 'address3': '', 'city': 'Miami', 'zip_code': '33144', 'country': 'US', 'state': 'FL', 'display_address': ['5748 W Flagler St', 'Miami, FL 33144']}",13056398281.0,(305) 639-8281,1969.6559715958845
ge_qcHpQLvcicbMbiUxFSw,la-vasca-deli-miami,La Vasca Deli,https://s3-media0.fl.yelpcdn.com/bphoto/8exDl7VF36m4GN7CAmUsmw/o.jpg,False,38,"[{'alias': 'delis', 'title': 'Delis'}, {'alias': 'beer_and_wine', 'title': 'Beer, Wine & Spirits'}, {'alias': 'spanish', 'title': 'Spanish'}]",4.6,"{'latitude': 25.76509, 'longitude': -80.25133}",['pickup'],,"{'address1': '3407 SW 8th St', 'address2': '', 'address3': '', 'city': 'Miami', 'zip_code': '33135', 'country': 'US', 'state': 'FL', 'display_address': ['3407 SW 8th St', 'Miami, FL 33135']}",17863340873.0,(786) 334-0873,3922.961982814544
LD8i6FUVc97e43GWDyVa3A,blue-matisse-doral-2,Blue Matisse,https://s3-media0.fl.yelpcdn.com/bphoto/_nQT-K-E8cArW8H5JwxvWQ/o.jpg,False,276,"[{'alias': 'newamerican', 'title': 'New American'}, {'alias': 'buffets', 'title': 'Buffets'}, {'alias': 'lounges', 'title': 'Lounges'}]",4.5,"{'latitude': 25.7978477478027, 'longitude': -80.3358383178711}","['delivery', 'pickup']",$$,"{'address1': '2505 NW 87th Ave', 'address2': None, 'address3': None, 'city': 'Doral', 'zip_code': '33172', 'country': 'US', 'state': 'FL', 'display_address': ['2505 NW 87th Ave', 'Doral, FL 33172']}",13054681392.0,(305) 468-1392,6930.396708459192
SQHUsB6Br4cYeSv6LN9xxQ,ro-steakhouse-coral-gables,RO Steakhouse,https://s3-media0.fl.yelpcdn.com/bphoto/uOGkaiy0Jal7EalXFA4ZAg/o.jpg,False,64,"[{'alias': 'steak', 'title': 'Steakhouses'}, {'alias': 'bars', 'title': 'Bars'}]",4.1,"{'latitude': 25.752523462613844, 'longitude': -80.25711612809313}",['restaurant_reservation'],,"{'address1': '121 Alhambra Plz', 'address2': 'Ste 110', 'address3': None, 'city': 'Coral Gables', 'zip_code': '33134', 'country': 'US', 'state': 'FL', 'display_address': ['121 Alhambra Plz', 'Ste 110', 'Coral Gables, FL 33134']}",17867789004.0,(786) 778-9004,3098.315407873765
Fri7JhawKb09bKepStcTBw,yambo-restaurant-miami,Yambo Restaurant,https://s3-media0.fl.yelpcdn.com/bphoto/K40xhAsv4v4ulmsO2zhnqQ/o.jpg,False,483,"[{'alias': 'latin', 'title': 'Latin American'}, {'alias': 'nicaraguan', 'title': 'Nicaraguan'}]",3.6,"{'latitude': 25.7725542480094, 'longitude': -80.2223160649429}","['delivery', 'pickup']",$$,"{'address1': '1643 SW 1st St', 'address2': '', 'address3': '', 'city': 'Miami', 'zip_code': '33135', 'country': 'US', 'state': 'FL', 'display_address': ['1643 SW 1st St', 'Miami, FL 33135']}",13056490203.0,(305) 649-0203,6938.617379525336
Eps1ODuzyLswPNE1xExf8Q,modern-garden-miami,Modern Garden,https://s3-media0.fl.yelpcdn.com/bphoto/oe5ugXXVMtBCsQk8OvnHeQ/o.jpg,False,8,"[{'alias': 'mediterranean', 'title': 'Mediterranean'}, {'alias': 'brasseries', 'title': 'Brasseries'}]",3.6,"{'latitude': 25.77767, 'longitude': -80.2046}",['delivery'],$$$$,"{'address1': '422 NW N River Dr', 'address2': '', 'address3': '', 'city': 'Miami', 'zip_code': '33128', 'country': 'US', 'state': 'FL', 'display_address': ['422 NW N River Dr', 'Miami, FL 33128']}",13054404200.0,(305) 440-4200,8789.182039291261
pxbXUwjZfGXvDqnB22pm8g,cafe-panisse-south-miami-5,Cafe Panisse,https://s3-media0.fl.yelpcdn.com/bphoto/D7fKjBlTK2WrjA4dgMv48A/o.jpg,False,253,"[{'alias': 'french', 'title': 'French'}, {'alias': 'desserts', 'title': 'Desserts'}, {'alias': 'salad', 'title': 'Salad'}]",4.3,"{'latitude': 25.70323713202669, 'longitude': -80.285697486159}","['delivery', 'pickup']",$$,"{'address1': '7310 SW 57th Ave', 'address2': '', 'address3': '', 'city': 'South Miami', 'zip_code': '33143', 'country': 'US', 'state': 'FL', 'display_address': ['7310 SW 57th Ave', 'South Miami, FL 33143']}",13056653322.0,(305) 665-3322,5519.379597175511
_mUfL_2XFbZ_CVKeIkBFUg,zucca-coral-gables,Zucca,https://s3-media0.fl.yelpcdn.com/bphoto/bUkiRWjPXvyrmQcEtuPNpQ/o.jpg,False,564,"[{'alias': 'italian', 'title': 'Italian'}, {'alias': 'lounges', 'title': 'Lounges'}]",4.2,"{'latitude': 25.7528858184814, 'longitude': -80.2584686279297}",['delivery'],$$$,"{'address1': '162 Alcazar Ave', 'address2': '', 'address3': None, 'city': 'Coral Gables', 'zip_code': '33134', 'country': 'US', 'state': 'FL', 'display_address': ['162 Alcazar Ave', 'Coral Gables, FL 33134']}",17865803731.0,(786) 580-3731,2962.6777305344112
O3lB3-6MTlQ2sWJsseMjxQ,house-of-birds-and-drop-biscuits-miami,House of Birds & Drop Biscuits,https://s3-media0.fl.yelpcdn.com/bphoto/tOlsYuijPrk8W0eMyQbahg/o.jpg,False,4,"[{'alias': 'chickenshop', 'title': 'Chicken Shop'}, {'alias': 'salad', 'title': 'Salad'}, {'alias': 'sandwiches', 'title': 'Sandwiches'}]",5.0,"{'latitude': 25.72778056, 'longitude': -80.23426395}",[],,"{'address1': '3415 Pan American Dr', 'address2': None, 'address3': '', 'city': 'Miami', 'zip_code': '33133', 'country': 'US', 'state': 'FL', 'display_address': ['3415 Pan American Dr', 'Miami, FL 33133']}",,,6108.455893761138
rotNnhymUbXhXz-WRXlXvg,marias-greek-restaurant-miami-3,Maria's Greek Restaurant,https://s3-media0.fl.yelpcdn.com/bphoto/HNZj6KOI370ibRVyNsQqoQ/o.jpg,False,359,"[{'alias': 'greek', 'title': 'Greek'}, {'alias': 'mediterranean', 'title': 'Mediterranean'}]",4.1,"{'latitude': 25.7506828, 'longitude': -80.2333412}","['delivery', 'pickup']",$$,"{'address1': '2359 Coral Way', 'address2': None, 'address3': '', 'city': 'Miami', 'zip_code': '33145', 'country': 'US', 'state': 'FL', 'display_address': ['2359 Coral Way', 'Miami, FL 33145']}",13058560938.0,(305) 856-0938,5489.91994159005
EIBlB2UCGMSizEoDbUZKKw,doubleshot-tapas-and-burger-bar-miami,DoubleShot tapas and Burger Bar,https://s3-media0.fl.yelpcdn.com/bphoto/w_MHxF5CEtjhp0-J5zQW3g/o.jpg,False,15,"[{'alias': 'burgers', 'title': 'Burgers'}, {'alias': 'tapas', 'title': 'Tapas Bars'}]",2.6,"{'latitude': 25.77692456402972, 'longitude': -80.31146471430954}","['delivery', 'pickup']",$$,"{'address1': '711 NW 72nd Ave', 'address2': None, 'address3': None, 'city': 'Miami', 'zip_code': '33126', 'country': 'US', 'state': 'FL', 'display_address': ['711 NW 72nd Ave', 'Miami, FL 33126']}",13052613800.0,(305) 261-3800,3560.3730443955146
XkNwu6onOHtFWk3BNsLjaA,1986-steakhouse-miami,1986 Steakhouse,,False,1,"[{'alias': 'steak', 'title': 'Steakhouses'}, {'alias': 'cocktailbars', 'title': 'Cocktail Bars'}]",4.0,"{'latitude': 25.728955918095625, 'longitude': -80.24051419999999}",[],,"{'address1': '2911 Grand Ave', 'address2': 'Ste 111', 'address3': None, 'city': 'Miami', 'zip_code': '33133', 'country': 'US', 'state': 'FL', 'display_address': ['2911 Grand Ave', 'Ste 111', 'Miami, FL 33133']}",17865429845.0,(786) 542-9845,5451.290329716366
gxeV8oKW4zkDyYnHdd4JUQ,4000-ponce-cafe-coral-gables,4000 Ponce Cafe,https://s3-media0.fl.yelpcdn.com/bphoto/iOYaGXcS5EyRldncleKfZQ/o.jpg,False,3,"[{'alias': 'restaurants', 'title': 'Restaurants'}]",5.0,"{'latitude': 25.7340407890203, 'longitude': -80.2590085}",['delivery'],,"{'address1': '4000 Ponce De Leon Blvd', 'address2': 'Ste 120', 'address3': None, 'city': 'Coral Gables', 'zip_code': '33146', 'country': 'US', 'state': 'FL', 'display_address': ['4000 Ponce De Leon Blvd', 'Ste 120', 'Coral Gables, FL 33146']}",13054463310.0,(305) 446-3310,3581.312873359922
1rX82reZNlMuWTzSOm6l9Q,miami-food-court-miami,Miami Food Court,https://s3-media0.fl.yelpcdn.com/bphoto/8d7aNl1cTdjaa5HqBrwDQw/o.jpg,False,1,"[{'alias': 'food_court', 'title': 'Food Court'}]",4.0,"{'latitude': 25.795471, 'longitude': -80.20594}",[],,"{'address1': '643 NW 20th St', 'address2': None, 'address3': None, 'city': 'Miami', 'zip_code': '33127', 'country': 'US', 'state': 'FL', 'display_address': ['643 NW 20th St', 'Miami, FL 33127']}",13055769412.0,(305) 576-9412,9490.781799563369
RDV1XK_L4DDim9gNeg4etA,calista-greek-seafood-taverna-coral-gables,Calista Greek Seafood Taverna,https://s3-media0.fl.yelpcdn.com/bphoto/UqFWU_wfi6z9XPWLlDpnGw/o.jpg,False,229,"[{'alias': 'greek', 'title': 'Greek'}, {'alias': 'seafood', 'title': 'Seafood'}]",4.4,"{'latitude': 25.75111, 'longitude': -80.25776}","['delivery', 'pickup']",$$$,"{'address1': '150 Giralda Ave', 'address2': '', 'address3': None, 'city': 'Coral Gables', 'zip_code': '33134', 'country': 'US', 'state': 'FL', 'display_address': ['150 Giralda Ave', 'Coral Gables, FL 33134']}",17863107660.0,(786) 310-7660,3038.795101206676
4JHfdpdUKUi2lygKWTMCYA,salao-cuban-restaurant-and-bar-miami,Sala'o Cuban Restaurant & Bar,https://s3-media0.fl.yelpcdn.com/bphoto/mGPpNfG3Z2Fo7fUBaAWO3w/o.jpg,False,515,"[{'alias': 'cuban', 'title': 'Cuban'}, {'alias': 'cocktailbars', 'title': 'Cocktail Bars'}, {'alias': 'venues', 'title': 'Venues & Event Spaces'}]",4.1,"{'latitude': 25.765507, 'longitude': -80.221454}",[],$$,"{'address1': '1642 SW 8th St', 'address2': None, 'address3': '', 'city': 'Miami', 'zip_code': '33135', 'country': 'US', 'state': 'FL', 'display_address': ['1642 SW 8th St', 'Miami, FL 33135']}",13056428989.0,(305) 642-8989,6816.962210560292
